timestamp,pv_kw,demand_kw,tariff_rate
2025-01-01 00:00:00,0.0,1.189362844974668,0.1
2025-01-01 01:00:00,0.0,1.011037916144902,0.1
2025-01-01 02:00:00,0.0,1.0851579198360937,0.1
2025-01-01 03:00:00,0.0,0.914494117889739,0.1
2025-01-01 04:00:00,0.0,0.9836902147285815,0.1
2025-01-01 05:00:00,0.0,1.328183347575383,0.1
2025-01-01 06:00:00,0.0,1.5894144565406856,0.1
2025-01-01 07:00:00,0.853277844396081,2.5298767646408886,0.2
2025-01-01 08:00:00,1.4142758926316708,2.82807810709786,0.2
2025-01-01 09:00:00,2.133697888174527,2.4233722236749298,0.2
2025-01-01 10:00:00,1.561425265233728,1.4003771287814253,0.2
2025-01-01 11:00:00,3.3614893154764762,1.5395422722529328,0.2
2025-01-01 12:00:00,3.2372183540928505,0.9263857242928955,0.2
2025-01-01 13:00:00,2.068757086933007,1.2737340409263829,0.2
2025-01-01 14:00:00,1.8081122858470011,1.346240190404886,0.2
2025-01-01 15:00:00,1.4782906396100381,1.1488432373447663,0.2
2025-01-01 16:00:00,1.1520461358745713,1.756276486612774,0.35
2025-01-01 17:00:00,0.697169387872524,3.3316926014689963,0.35
2025-01-01 18:00:00,3.0979813542509497e-16,3.9976758965859416,0.35
2025-01-01 19:00:00,0.0,3.9936962973385803,0.35
2025-01-01 20:00:00,0.0,3.6989653290372817,0.35
2025-01-01 21:00:00,0.0,2.6934226985484626,0.35
2025-01-01 22:00:00,0.0,2.060427944915117,0.2
2025-01-01 23:00:00,0.0,1.2625694695653438,0.2
2025-01-02 00:00:00,0.0,0.5935305788126171,0.1
2025-01-02 01:00:00,0.0,0.7357261716360167,0.1
2025-01-02 02:00:00,0.0,1.0048894748259232,0.1
2025-01-02 03:00:00,0.0,0.7815183931784662,0.1
2025-01-02 04:00:00,0.0,1.0436755085882243,0.1
2025-01-02 05:00:00,0.0,1.0557383586553448,0.1
2025-01-02 06:00:00,0.0,1.665753798521452,0.1
2025-01-02 07:00:00,0.5360541647177255,2.7721079128061943,0.2
2025-01-02 08:00:00,0.9422642756656971,3.0494969194015717,0.2
2025-01-02 09:00:00,2.438391356294684,2.5995531015304634,0.2
2025-01-02 10:00:00,3.012069080680122,1.998137571520684,0.2
2025-01-02 11:00:00,3.0907915403540334,1.3677986730264022,0.2
2025-01-02 12:00:00,2.308415773151436,1.3530061331739227,0.2
2025-01-02 13:00:00,1.8760676062631398,0.9490869774306446,0.2
2025-01-02 14:00:00,2.5808626123591187,1.0465547304205256,0.2
2025-01-02 15:00:00,1.8018787277933415,1.1458213253697962,0.2
2025-01-02 16:00:00,0.992681060324789,1.8881625902728594,0.35
2025-01-02 17:00:00,0.6847324146811428,3.0125459884583488,0.35
2025-01-02 18:00:00,2.2414374270956223e-16,3.9074881826529397,0.35
2025-01-02 19:00:00,0.0,4.192061033621535,0.35
2025-01-02 20:00:00,0.0,3.2886523344439245,0.35
2025-01-02 21:00:00,0.0,3.0362210216700474,0.35
2025-01-02 22:00:00,0.0,1.606253677420635,0.2
2025-01-02 23:00:00,0.0,1.5856293145343074,0.2
2025-01-03 00:00:00,0.0,0.926444426358083,0.1
2025-01-03 01:00:00,0.0,1.140543991724998,0.1
2025-01-03 02:00:00,0.0,0.7341812556768925,0.1
2025-01-03 03:00:00,0.0,1.241965366820213,0.1
2025-01-03 04:00:00,0.0,0.7641360523499534,0.1
2025-01-03 05:00:00,0.0,1.1369795843712818,0.1
2025-01-03 06:00:00,0.0,1.6226056574680436,0.1
2025-01-03 07:00:00,0.8816489453817149,2.250617880959056,0.2
2025-01-03 08:00:00,0.9646503880224825,3.0189063233912448,0.2
2025-01-03 09:00:00,1.4989407137360522,2.962703809360525,0.2
2025-01-03 10:00:00,1.604411878552176,2.3557258213705556,0.2
2025-01-03 11:00:00,2.2690413607033246,1.2911081117741825,0.2
2025-01-03 12:00:00,2.4613639208569795,1.2870297299371538,0.2
2025-01-03 13:00:00,2.1766222880628985,1.0874777574793801,0.2
2025-01-03 14:00:00,2.807091063892422,1.23225836507967,0.2
2025-01-03 15:00:00,1.7004364057226118,1.3376134484226174,0.2
2025-01-03 16:00:00,1.1351975043208715,2.0129741188318637,0.35
2025-01-03 17:00:00,0.707703110835769,2.9270877505191453,0.35
2025-01-03 18:00:00,2.476521772219852e-16,3.5317987624252467,0.35
2025-01-03 19:00:00,0.0,3.9845011400256034,0.35
2025-01-03 20:00:00,0.0,3.6358046839543143,0.35
2025-01-03 21:00:00,0.0,2.9848726426040053,0.35
2025-01-03 22:00:00,0.0,1.760750967749513,0.2
2025-01-03 23:00:00,0.0,1.3956974079883078,0.2
2025-01-04 00:00:00,0.0,1.3824024254828335,0.1
2025-01-04 01:00:00,0.0,1.2328493594554144,0.1
2025-01-04 02:00:00,0.0,1.2705067350335468,0.1
2025-01-04 03:00:00,0.0,1.0126182083145905,0.1
2025-01-04 04:00:00,0.0,1.1213305143081358,0.1
2025-01-04 05:00:00,0.0,1.4711177998825025,0.1
2025-01-04 06:00:00,0.0,2.134275688928037,0.1
2025-01-04 07:00:00,0.512835227069822,2.2111542689469785,0.2
2025-01-04 08:00:00,1.654151762463376,2.736912548463582,0.2
2025-01-04 09:00:00,2.038222882252474,2.8633748060736623,0.2
2025-01-04 10:00:00,2.0466510163657707,1.766966905752793,0.2
2025-01-04 11:00:00,1.8242043333729947,1.1373327965053175,0.6386759288516874
2025-01-04 12:00:00,2.32790481505893,0.8128612775245285,0.2
2025-01-04 13:00:00,2.27294079154632,0.9300554895848508,0.2
2025-01-04 14:00:00,2.659783226592463,0.8520078694412624,0.2
2025-01-04 15:00:00,2.0561270009241244,1.8242620331945605,0.2
2025-01-04 16:00:00,1.675557159586492,1.9694715233512285,0.35
2025-01-04 17:00:00,0.6766059771944122,2.808001901245316,0.35
2025-01-04 18:00:00,2.434668813427658e-16,3.7651060432340793,0.35
2025-01-04 19:00:00,0.0,4.192469033857515,0.35
2025-01-04 20:00:00,0.0,3.83666833906474,0.35
2025-01-04 21:00:00,0.0,3.034316367919415,0.35
2025-01-04 22:00:00,0.0,1.847788291916878,0.2
2025-01-04 23:00:00,0.0,1.3464324887184658,0.2
2025-01-05 00:00:00,0.0,1.153807662760749,0.1
2025-01-05 01:00:00,0.0,0.894559516610303,0.1
2025-01-05 02:00:00,0.0,0.9996495988503606,0.1
2025-01-05 03:00:00,0.0,1.0874845931639465,0.1
2025-01-05 04:00:00,0.0,1.2141680180330066,0.1
2025-01-05 05:00:00,0.0,0.915134374067877,0.1
2025-01-05 06:00:00,0.0,1.9651737129996396,0.1
2025-01-05 07:00:00,0.6946645094522301,2.5547300399532107,0.2
2025-01-05 08:00:00,1.6969259851051288,3.141492352046427,0.2
2025-01-05 09:00:00,1.5716732284026853,2.7568723242640987,0.2
2025-01-05 10:00:00,2.173105882166919,2.143927789130385,0.2
2025-01-05 11:00:00,3.0169664295250427,1.5423676838811735,0.2
2025-01-05 12:00:00,2.186219527312824,1.3330078074457086,0.2
2025-01-05 13:00:00,1.8508217515799243,1.3297928937269203,0.2
2025-01-05 14:00:00,1.9872379501218873,1.1907575230892165,0.2
2025-01-05 15:00:00,1.4608754996193414,1.4124801960554332,0.2
2025-01-05 16:00:00,1.7166133576026272,2.14852215038301,0.35
2025-01-05 17:00:00,0.8326007285286477,2.966008199884464,0.35
2025-01-05 18:00:00,3.5589150080078343e-16,3.5856774608528608,0.35
2025-01-05 19:00:00,0.0,4.080964681765854,0.35
2025-01-05 20:00:00,0.0,3.640471414396893,0.35
2025-01-05 21:00:00,0.0,2.6488053974458894,0.35
2025-01-05 22:00:00,0.0,2.232049550350319,0.2
2025-01-05 23:00:00,0.0,1.417045698215856,0.2
2025-01-06 00:00:00,0.0,1.4097429832120643,0.1
2025-01-06 01:00:00,0.0,0.6749388748982603,0.1
2025-01-06 02:00:00,0.0,0.8893151706871324,0.1
2025-01-06 03:00:00,0.0,1.014259607617158,0.1
2025-01-06 04:00:00,0.0,1.284607221096714,0.1
2025-01-06 05:00:00,0.0,1.3505644410623543,0.1
2025-01-06 06:00:00,0.0,1.884319133858001,0.1
2025-01-06 07:00:00,0.8585946321895165,2.3760220930127263,0.2
2025-01-06 08:00:00,0.8976091521921722,2.7686125304276565,0.2
2025-01-06 09:00:00,1.9045188360702567,2.6659869178511135,0.2
2025-01-06 10:00:00,2.1884411587915134,1.549523578142882,0.2
2025-01-06 11:00:00,2.104562076997861,1.165301404299067,0.2
2025-01-06 12:00:00,1.9965227193302535,1.1638769407408207,0.2
2025-01-06 13:00:00,2.3034744882849196,0.8445939754383175,0.2
2025-01-06 14:00:00,2.999795792760107,1.4535529185983886,0.2
2025-01-06 15:00:00,1.6680916151081682,1.6508304474956432,0.2
2025-01-06 16:00:00,1.35386809462464,1.6596747340796831,0.35
2025-01-06 17:00:00,0.7858219506799711,2.633117760961462,0.35
2025-01-06 18:00:00,2.9772528172486786e-16,3.1903352593015226,1.0856570631206675
2025-01-06 19:00:00,0.0,3.8434817274945745,0.35
2025-01-06 20:00:00,0.0,3.800768403068292,0.35
2025-01-06 21:00:00,0.0,2.736812990682929,0.35
2025-01-06 22:00:00,0.0,2.0661168507982426,0.2
2025-01-06 23:00:00,0.0,1.1015389860534892,0.2
2025-01-07 00:00:00,0.0,1.159596382588675,0.1
2025-01-07 01:00:00,0.0,0.889015483352557,0.1
2025-01-07 02:00:00,0.0,1.0031048617123868,0.1
2025-01-07 03:00:00,0.0,0.9891569400003731,0.1
2025-01-07 04:00:00,0.0,0.8028212973924744,0.1
2025-01-07 05:00:00,0.0,1.040053700193961,0.1
2025-01-07 06:00:00,0.0,2.015783476822536,0.1
2025-01-07 07:00:00,0.573215511555792,2.681273283023895,0.2
2025-01-07 08:00:00,1.0227961918983046,3.2100106181842363,0.2
2025-01-07 09:00:00,1.8817642939277626,2.666417632893636,0.2
2025-01-07 10:00:00,3.0724648207547007,1.850942903868397,0.2
2025-01-07 11:00:00,2.1435725568634156,0.9264748306235795,0.2
2025-01-07 12:00:00,2.987617312147853,1.0096201355714154,0.2
2025-01-07 13:00:00,3.0402507437978867,1.035581965812924,0.2
2025-01-07 14:00:00,1.9150388765001096,1.5231031657805423,0.2
2025-01-07 15:00:00,2.1834165565573067,1.5434345050678007,0.2
2025-01-07 16:00:00,1.2219142679298496,2.281170970089249,0.35
2025-01-07 17:00:00,0.7548336462617031,2.939099550776805,0.35
2025-01-07 18:00:00,3.574303097021858e-16,3.5052300628106168,0.35
2025-01-07 19:00:00,0.0,4.023424843234172,0.35
2025-01-07 20:00:00,0.0,3.6947354370066585,0.35
2025-01-07 21:00:00,0.0,2.631760865183764,0.35
2025-01-07 22:00:00,0.0,1.897079926756465,0.2
2025-01-07 23:00:00,0.0,1.3648524509744036,0.2
2025-01-08 00:00:00,0.0,1.3211252981853177,0.1
2025-01-08 01:00:00,0.0,0.5838892238600313,0.1
2025-01-08 02:00:00,0.0,1.2418346093990142,0.1
2025-01-08 03:00:00,0.0,0.8203727932871071,0.1
2025-01-08 04:00:00,0.0,0.7827151641170084,0.1
2025-01-08 05:00:00,0.0,1.50665899254961,0.1
2025-01-08 06:00:00,0.0,1.968604196868727,0.1
2025-01-08 07:00:00,0.5443116142274004,2.852378591999794,0.2
2025-01-08 08:00:00,1.514067941435364,3.1601411993826662,0.2
2025-01-08 09:00:00,1.7560073538325316,3.013454986140613,0.2
2025-01-08 10:00:00,3.0036370435329713,1.9340895442954509,0.2
2025-01-08 11:00:00,1.967663921334213,1.2403814791323011,0.2
2025-01-08 12:00:00,2.401585254985728,1.132278750387918,0.2
2025-01-08 13:00:00,1.9260671079343916,1.2897526555628653,0.2
2025-01-08 14:00:00,2.984970069619158,0.976606661074004,0.2
2025-01-08 15:00:00,2.3772536836035614,1.2756654621417889,0.2
2025-01-08 16:00:00,1.1263626376083178,1.9121667308277617,0.35
2025-01-08 17:00:00,0.7693923918228386,2.398675449844793,0.35
2025-01-08 18:00:00,3.985351471955863e-16,3.6751063898840224,0.35
2025-01-08 19:00:00,0.0,3.6227742592139958,0.35
2025-01-08 20:00:00,0.0,3.658102570340336,0.35
2025-01-08 21:00:00,0.0,2.9926499303649505,0.35
2025-01-08 22:00:00,0.0,1.878582109946282,0.2
2025-01-08 23:00:00,0.0,1.7414290237472123,0.2
2025-01-09 00:00:00,0.0,0.7079011517885965,0.1
2025-01-09 01:00:00,0.0,1.2382894652645935,0.1
2025-01-09 02:00:00,0.0,1.1356983365371898,0.1
2025-01-09 03:00:00,0.0,0.6645251906168459,0.1
2025-01-09 04:00:00,0.0,1.5992898613790376,0.1
2025-01-09 05:00:00,0.0,1.257921509441124,0.1
2025-01-09 06:00:00,0.0,1.6467277785907242,0.1
2025-01-09 07:00:00,0.8269446439540046,2.3200574125667526,0.2
2025-01-09 08:00:00,1.4738120364539555,2.955997204341616,0.2
2025-01-09 09:00:00,1.376134643981062,2.576004611315141,0.2
2025-01-09 10:00:00,1.8058785615079054,1.8428738826144866,0.2
2025-01-09 11:00:00,3.2919812067965393,1.212117723112141,0.2
2025-01-09 12:00:00,2.883713586617749,1.190338536946668,0.2
2025-01-09 13:00:00,1.7498882823322879,0.9635328633610234,0.2
2025-01-09 14:00:00,1.7123576761126718,0.7454889026779332,0.2
2025-01-09 15:00:00,2.111537706115129,1.3761708795181369,0.2
2025-01-09 16:00:00,0.9020970229893188,1.5004632030726874,0.35
2025-01-09 17:00:00,0.5393208547712541,2.8903461357761375,0.35
2025-01-09 18:00:00,3.4046948767741657e-16,3.4516306621439856,0.35
2025-01-09 19:00:00,0.0,4.032672070987362,0.35
2025-01-09 20:00:00,0.0,3.910305704058733,0.35
2025-01-09 21:00:00,0.0,2.6298422400843005,0.35
2025-01-09 22:00:00,0.0,2.1862086537774728,0.2
2025-01-09 23:00:00,0.0,1.3193279363726074,0.2
2025-01-10 00:00:00,0.0,1.350640292085411,0.1
2025-01-10 01:00:00,0.0,0.9270068062985842,0.1
2025-01-10 02:00:00,0.0,0.8325723281544675,0.1
2025-01-10 03:00:00,0.0,1.1451795303580414,0.1
2025-01-10 04:00:00,0.0,0.9699730556462041,0.1
2025-01-10 05:00:00,0.0,1.1023806637161155,0.1
2025-01-10 06:00:00,0.0,1.7266566128810923,0.1
2025-01-10 07:00:00,0.6370498358023566,2.5925535450869552,0.2
2025-01-10 08:00:00,1.1384430572511166,3.268436836122522,0.2
2025-01-10 09:00:00,1.5830078900869282,2.214668436701217,0.2
2025-01-10 10:00:00,3.0749733261565524,1.8269609086966379,0.2
2025-01-10 11:00:00,2.4216237851257105,1.3966576732877414,0.2
2025-01-10 12:00:00,3.404968754024865,1.1023831899220085,0.2
2025-01-10 13:00:00,2.835410627418198,1.3030318637803795,0.2
2025-01-10 14:00:00,2.79724650766874,1.1176126601743226,0.2
2025-01-10 15:00:00,1.912143229634544,1.3691328902108761,0.2
2025-01-10 16:00:00,1.418915523130604,2.0924246431500118,0.35
2025-01-10 17:00:00,0.6951796196640883,2.8394547725881294,0.35
2025-01-10 18:00:00,2.63419771562252e-16,3.5694089605444184,0.35
2025-01-10 19:00:00,0.0,4.103228807921477,0.35
2025-01-10 20:00:00,0.0,3.516985049110483,0.35
2025-01-10 21:00:00,0.0,2.697356548734035,0.35
2025-01-10 22:00:00,0.0,1.8683585977219266,0.2
2025-01-10 23:00:00,0.0,1.6766196817431194,0.2
2025-01-11 00:00:00,0.0,0.5,0.1
2025-01-11 01:00:00,0.0,1.0791570958908154,0.1
2025-01-11 02:00:00,0.0,1.00752528809585,0.1
2025-01-11 03:00:00,0.0,0.6715577484313595,0.1
2025-01-11 04:00:00,0.0,1.1190763573981317,0.1
2025-01-11 05:00:00,0.0,1.3658209649082238,0.1
2025-01-11 06:00:00,0.0,1.9401524292933305,0.1
2025-01-11 07:00:00,0.9184248959974086,2.0711092389145658,0.2
2025-01-11 08:00:00,1.7715227040643997,3.2732786922444386,0.2
2025-01-11 09:00:00,2.364187485621821,2.4539386448561644,0.2
2025-01-11 10:00:00,2.0227155648157837,1.959658326257189,0.2
2025-01-11 11:00:00,2.4140344957835262,1.4198917104933901,0.2
2025-01-11 12:00:00,3.34008686016669,0.8883540577997907,0.2
2025-01-11 13:00:00,2.2952136033841777,1.1731508203639827,0.2
2025-01-11 14:00:00,1.827458153159713,1.0553830779435558,0.2
2025-01-11 15:00:00,1.9862662068154324,0.9917677427804337,0.2
2025-01-11 16:00:00,1.7467443706153547,2.207507118852899,0.35
2025-01-11 17:00:00,0.7920434102295465,2.6645830169946114,0.35
2025-01-11 18:00:00,3.4693387050246884e-16,3.4765920156529018,0.35
2025-01-11 19:00:00,0.0,3.9193868263968565,0.35
2025-01-11 20:00:00,0.0,3.7019380528192896,0.35
2025-01-11 21:00:00,0.0,2.80813789697348,0.35
2025-01-11 22:00:00,0.0,2.0835707870164835,0.2
2025-01-11 23:00:00,0.0,1.1381079764041062,0.7333451186717722
2025-01-12 00:00:00,0.0,0.851524057586147,0.1
2025-01-12 01:00:00,0.0,0.9768379144739202,0.1
2025-01-12 02:00:00,0.0,1.3802483837875468,0.1
2025-01-12 03:00:00,0.0,0.9849693325962321,0.1
2025-01-12 04:00:00,0.0,1.2741754543032575,0.1
2025-01-12 05:00:00,0.0,1.278381600298781,0.1
2025-01-12 06:00:00,0.0,1.725492855534337,0.1
2025-01-12 07:00:00,0.8476289145492188,2.552129966700668,0.2
2025-01-12 08:00:00,1.6890203991615789,2.9663168674677745,0.2
2025-01-12 09:00:00,2.44770080130814,2.7222151335852804,0.2
2025-01-12 10:00:00,2.3680847889320593,2.0972670304218646,0.2
2025-01-12 11:00:00,2.624083062606272,1.343613123894197,0.2
2025-01-12 12:00:00,3.2536042774162026,1.3011090106720005,0.2
2025-01-12 13:00:00,2.8835134323781446,0.8481008823677356,0.2
2025-01-12 14:00:00,2.666769539673989,1.0495556243632211,0.2
2025-01-12 15:00:00,2.297444066867953,1.2611826718065318,0.2
2025-01-12 16:00:00,1.7097664322300665,2.0368476519223138,0.35
2025-01-12 17:00:00,0.6265482515117176,2.747800332561977,0.35
2025-01-12 18:00:00,3.047904724600716e-16,3.793445295607352,0.35
2025-01-12 19:00:00,0.0,3.8137996576777127,0.35
2025-01-12 20:00:00,0.0,3.656096902418068,0.35
2025-01-12 21:00:00,0.0,2.9569635613403515,0.35
2025-01-12 22:00:00,0.0,1.560896847066927,0.2
2025-01-12 23:00:00,0.0,1.8303321111758788,0.2
2025-01-13 00:00:00,0.0,0.9433709546963188,0.1
2025-01-13 01:00:00,0.0,0.5950293462029923,0.1
2025-01-13 02:00:00,0.0,1.0322897049711628,0.1
2025-01-13 03:00:00,0.0,1.0144205338736139,0.1
2025-01-13 04:00:00,0.0,1.0407521256564327,0.1
2025-01-13 05:00:00,0.0,1.4689087891272505,0.1
2025-01-13 06:00:00,0.0,1.9717135773072618,0.1
2025-01-13 07:00:00,0.7148489558758607,2.6610500897283247,0.2
2025-01-13 08:00:00,1.6057416992001219,3.0900319366628803,0.2
2025-01-13 09:00:00,1.5598708745559262,2.5806142959055154,0.2
2025-01-13 10:00:00,2.5500802046921773,2.1774429467545633,0.2
2025-01-13 11:00:00,1.9021579253487448,0.9758377506853795,0.2
2025-01-13 12:00:00,1.908175530934158,1.0916238097668287,0.2
2025-01-13 13:00:00,2.683821027742102,1.0540637561314288,0.2
2025-01-13 14:00:00,2.4208307244447886,1.295137807338946,0.2
2025-01-13 15:00:00,2.100785522465118,1.2372724031630853,0.2
2025-01-13 16:00:00,1.5659135177833132,1.625224213268036,0.35
2025-01-13 17:00:00,0.9278647066685594,2.850956612817498,0.35
2025-01-13 18:00:00,3.3692255328518254e-16,3.7037368066442338,0.35
2025-01-13 19:00:00,0.0,4.297919881893731,0.35
2025-01-13 20:00:00,0.0,3.3934182984887946,1.3455235767767872
2025-01-13 21:00:00,0.0,3.0505307324812447,0.35
2025-01-13 22:00:00,0.0,2.4474402748804733,0.2
2025-01-13 23:00:00,0.0,1.3304528722053426,0.2
2025-01-14 00:00:00,0.0,0.7418128877736492,0.1
2025-01-14 01:00:00,0.0,0.9186424556635527,0.1
2025-01-14 02:00:00,0.0,1.0034719187300818,0.1
2025-01-14 03:00:00,0.0,1.1204894152803666,0.1
2025-01-14 04:00:00,0.0,0.9388520556033217,0.1
2025-01-14 05:00:00,0.0,1.5817102733713857,0.1
2025-01-14 06:00:00,0.0,1.5993181200202382,0.1
2025-01-14 07:00:00,0.5888434960520867,2.2536338210889957,0.2
2025-01-14 08:00:00,1.409594586863672,3.2213428947310145,0.2
2025-01-14 09:00:00,2.2062567145562304,2.1465617795518925,0.2
2025-01-14 10:00:00,2.616372710398618,1.7815188231320105,0.2
2025-01-14 11:00:00,2.249782708647902,1.8952131801985426,0.2
2025-01-14 12:00:00,3.5573458428606215,1.061284764331663,0.2
2025-01-14 13:00:00,3.0547596574511027,0.8169052997544228,0.2
2025-01-14 14:00:00,2.4495699019405004,1.1210022333686687,0.2
2025-01-14 15:00:00,2.073882056577802,1.3958830209241584,0.2
2025-01-14 16:00:00,1.2916512535556788,2.0060887218179664,0.35
2025-01-14 17:00:00,0.5876604290806104,2.9520446060297836,0.35
2025-01-14 18:00:00,3.0218370832408343e-16,3.439668474526965,0.35
2025-01-14 19:00:00,0.0,4.33750961105156,0.35
2025-01-14 20:00:00,0.0,3.6965135646283356,0.35
2025-01-14 21:00:00,0.0,2.9649507884182613,0.35
2025-01-14 22:00:00,0.0,1.8483275221239208,0.2
2025-01-14 23:00:00,0.0,1.6632822771089448,0.2
2025-01-15 00:00:00,0.0,0.948590849909681,0.1
2025-01-15 01:00:00,0.0,1.0555478316369333,0.1
2025-01-15 02:00:00,0.0,0.8140497098183839,0.1
2025-01-15 03:00:00,0.0,0.8083455149985583,0.1
2025-01-15 04:00:00,0.0,1.1947720628615077,0.1
2025-01-15 05:00:00,0.0,1.1819492005004402,0.1
2025-01-15 06:00:00,0.0,1.6514599655209752,0.1
2025-01-15 07:00:00,0.677375049731434,2.47283818311815,0.2
2025-01-15 08:00:00,1.2763291565897086,3.139791424217035,0.2
2025-01-15 09:00:00,2.085522195443817,2.4756784135524104,0.2
2025-01-15 10:00:00,2.584651592038304,1.798813790586121,0.2
2025-01-15 11:00:00,1.8429567336830788,1.2746825044143522,0.2
2025-01-15 12:00:00,2.509048580117661,0.6802236977215894,0.2
2025-01-15 13:00:00,2.8665244289499996,0.746833548818969,0.2
2025-01-15 14:00:00,2.3760617758670577,1.19973730397554,0.2
2025-01-15 15:00:00,2.3961076427085106,1.2586373064175258,0.2
2025-01-15 16:00:00,1.5137875416611855,2.185303716003427,0.35
2025-01-15 17:00:00,0.5493893080203455,3.0129534304479684,0.35
2025-01-15 18:00:00,2.3930631427356645e-16,3.7913244414716,0.35
2025-01-15 19:00:00,0.0,4.363954357466721,0.35
2025-01-15 20:00:00,0.0,3.6308728422051755,0.35
2025-01-15 21:00:00,0.0,2.9493683643186683,0.35
2025-01-15 22:00:00,0.0,1.857077206755843,0.2
2025-01-15 23:00:00,0.0,1.8964798322835827,0.2
2025-01-16 00:00:00,0.0,1.396728062159498,0.1
2025-01-16 01:00:00,0.0,1.0024134158417852,0.1
2025-01-16 02:00:00,0.0,1.0779881712368442,0.1
2025-01-16 03:00:00,0.0,1.2795913601519449,0.1
2025-01-16 04:00:00,0.0,1.0277031006081099,0.1
2025-01-16 05:00:00,0.0,1.1393457523819763,0.1
2025-01-16 06:00:00,0.0,1.9970225332232272,0.1
2025-01-16 07:00:00,0.9029481318912765,2.61716270074029,0.2
2025-01-16 08:00:00,1.0947551485514648,3.036599699802603,0.2
2025-01-16 09:00:00,1.3845260394388583,2.4346317171795397,0.2
2025-01-16 10:00:00,1.745508773561612,1.4788103472338745,0.2
2025-01-16 11:00:00,1.8008512541175237,1.318905436332753,0.2
2025-01-16 12:00:00,2.0039403725711353,1.2446858832224892,0.2
2025-01-16 13:00:00,2.9766056690601053,0.9958974800784643,0.2
2025-01-16 14:00:00,1.698588799637396,1.4197676300378008,0.2
2025-01-16 15:00:00,1.7077073053162357,1.2652599135649563,0.2
2025-01-16 16:00:00,1.6889962522386257,1.7630178427541592,0.35
2025-01-16 17:00:00,0.48492989292557803,2.8061459481586333,0.35
2025-01-16 18:00:00,4.0686650957279926e-16,3.6309721931302548,0.35
2025-01-16 19:00:00,0.0,4.1539937462712455,0.35
2025-01-16 20:00:00,0.0,3.492498142941015,0.35
2025-01-16 21:00:00,0.0,3.09321082650088,0.35
2025-01-16 22:00:00,0.0,2.3673407945767,0.2
2025-01-16 23:00:00,0.0,1.3981770443161696,0.2
2025-01-17 00:00:00,0.0,1.2499434157091578,0.1
2025-01-17 01:00:00,0.0,0.7887379148131749,0.1
2025-01-17 02:00:00,0.0,1.215715233492189,0.1
2025-01-17 03:00:00,0.0,1.217187121990876,0.1
2025-01-17 04:00:00,0.0,1.229818457608907,0.1
2025-01-17 05:00:00,0.0,1.2675579487678585,0.1
2025-01-17 06:00:00,0.0,1.2313747947734444,0.1
2025-01-17 07:00:00,0.6716113902221107,2.47312942279313,0.2
2025-01-17 08:00:00,1.2601638774769468,2.8748176063366304,0.2
2025-01-17 09:00:00,2.307417176266893,2.4058349981810374,0.2
2025-01-17 10:00:00,2.1330103636424806,1.8467933778159669,0.2
2025-01-17 11:00:00,3.4258524587522046,1.187884265252686,0.2
2025-01-17 12:00:00,3.4138101291308955,0.8987710729706448,0.2
2025-01-17 13:00:00,2.5355453206396903,0.8292988002441087,0.2
2025-01-17 14:00:00,2.78536416475772,0.9893791290289816,0.2
2025-01-17 15:00:00,2.2790096974234295,1.6303430210180507,0.2
2025-01-17 16:00:00,1.0131913465895885,1.8417537228218444,0.35
2025-01-17 17:00:00,0.9045449618186402,2.716604268311205,0.35
2025-01-17 18:00:00,3.3862370561838475e-16,3.5561511851958634,0.35
2025-01-17 19:00:00,0.0,4.067798702766085,0.35
2025-01-17 20:00:00,0.0,3.7387406054595185,0.35
2025-01-17 21:00:00,0.0,2.210660671289268,0.35
2025-01-17 22:00:00,0.0,2.1782844448405707,0.2
2025-01-17 23:00:00,0.0,1.6932794565585887,0.2
2025-01-18 00:00:00,0.0,0.7899640241999601,0.1
2025-01-18 01:00:00,0.0,0.80557767999126,0.1
2025-01-18 02:00:00,0.0,0.9106202477001514,0.1
2025-01-18 03:00:00,0.0,0.8565310363876627,0.1
2025-01-18 04:00:00,0.0,1.1019163763602524,0.1
2025-01-18 05:00:00,0.0,0.8813655092701445,0.1
2025-01-18 06:00:00,0.0,1.5986390614145027,0.1
2025-01-18 07:00:00,0.6909440323335653,2.9093142915585375,0.2
2025-01-18 08:00:00,1.1917462441475106,2.814356816403947,0.2
2025-01-18 09:00:00,1.7315890173327129,2.8501716414137177,0.2
2025-01-18 10:00:00,2.669598961766697,1.893412416024581,0.2
2025-01-18 11:00:00,3.1197168917133538,0.9098234114392811,0.2
2025-01-18 12:00:00,3.3020256916823274,1.1907593139668906,0.2
2025-01-18 13:00:00,3.186020942443402,1.017525369455102,0.2
2025-01-18 14:00:00,1.741734250637224,1.0413883148760792,0.2
2025-01-18 15:00:00,1.9476110775436883,1.4550345972824659,0.2
2025-01-18 16:00:00,0.9745833454203516,2.0688854308607016,0.35
2025-01-18 17:00:00,0.7391632739544006,2.9611103739927835,0.35
2025-01-18 18:00:00,3.25371239662173e-16,3.8831412777101133,0.35
2025-01-18 19:00:00,0.0,4.081627182559872,0.35
2025-01-18 20:00:00,0.0,3.3723638899965396,0.35
2025-01-18 21:00:00,0.0,2.7248628876076624,0.35
2025-01-18 22:00:00,0.0,2.5625670691287734,0.2
2025-01-18 23:00:00,0.0,1.5509040617861836,0.2
2025-01-19 00:00:00,0.0,1.4738587918345933,0.1
2025-01-19 01:00:00,0.0,1.279124145378064,0.1
2025-01-19 02:00:00,0.0,1.0490313395669555,0.1
2025-01-19 03:00:00,0.0,1.0680132542352072,0.1
2025-01-19 04:00:00,0.0,1.049814993595562,0.1
2025-01-19 05:00:00,0.0,0.9231096433726174,0.1
2025-01-19 06:00:00,0.0,1.8258340335154954,0.1
2025-01-19 07:00:00,0.5176005091671175,2.843609762031995,0.2
2025-01-19 08:00:00,1.0031536292564165,2.88007281090931,0.2
2025-01-19 09:00:00,2.5979856924095275,2.6838765856054945,0.2
2025-01-19 10:00:00,2.201078941025035,1.9926629860851932,0.2
2025-01-19 11:00:00,2.448502375726536,1.0897408664944377,0.2
2025-01-19 12:00:00,3.352605539792319,0.9734329020549164,0.2
2025-01-19 13:00:00,3.478546736693785,0.8374765317982409,0.2
2025-01-19 14:00:00,3.1808469858582247,0.9680486047881459,0.2
2025-01-19 15:00:00,2.2929430622349884,1.1485221219174528,0.2
2025-01-19 16:00:00,1.272632560703777,1.7938690414717378,0.35
2025-01-19 17:00:00,0.518630559062784,3.1034831457574272,0.35
2025-01-19 18:00:00,4.025008977709341e-16,3.4643953023824543,0.35
2025-01-19 19:00:00,0.0,4.025291843816339,0.35
2025-01-19 20:00:00,0.0,3.546916957019621,0.35
2025-01-19 21:00:00,0.0,3.0553651665452883,0.35
2025-01-19 22:00:00,0.0,2.2361898613957725,0.2
2025-01-19 23:00:00,0.0,1.5788198461376273,0.2
2025-01-20 00:00:00,0.0,1.061228242292845,0.1
2025-01-20 01:00:00,0.0,0.9538254215700472,0.1
2025-01-20 02:00:00,0.0,0.7622959844175557,0.1
2025-01-20 03:00:00,0.0,1.3964376165034231,0.1
2025-01-20 04:00:00,0.0,0.9051963980204205,0.1
2025-01-20 05:00:00,0.0,1.4033998359484856,0.1
2025-01-20 06:00:00,0.0,2.03413769754653,0.1
2025-01-20 07:00:00,0.7605700178187498,2.4904187521424896,0.2
2025-01-20 08:00:00,1.8208245363876334,3.207603315336743,0.2
2025-01-20 09:00:00,1.8042957166850762,2.7543286264609037,0.2
2025-01-20 10:00:00,2.0664992663293367,2.167937543982907,0.2
2025-01-20 11:00:00,3.3498149559317856,1.1778076610715906,0.2
2025-01-20 12:00:00,2.2709045920860578,0.8065206714677062,0.2
2025-01-20 13:00:00,3.519445195724048,0.9399608788047704,0.2
2025-01-20 14:00:00,1.626815600222899,1.1742524346328937,0.2
2025-01-20 15:00:00,2.585148000365614,1.4176857240650764,0.4374000988950645
2025-01-20 16:00:00,0.9680143392752271,1.8952711544924332,0.35
2025-01-20 17:00:00,0.9084091990376535,2.437752517802411,0.35
2025-01-20 18:00:00,3.4722432545023374e-16,3.741587307426334,0.35
2025-01-20 19:00:00,0.0,4.3944688958206415,0.35
2025-01-20 20:00:00,0.0,3.7403409553784126,0.35
2025-01-20 21:00:00,0.0,2.9414190829486033,0.35
2025-01-20 22:00:00,0.0,2.0884464633060698,0.2
2025-01-20 23:00:00,0.0,1.4854151836863179,0.2
2025-01-21 00:00:00,0.0,1.186334525045913,0.1
2025-01-21 01:00:00,0.0,1.07911206517536,0.41810941426038295
2025-01-21 02:00:00,0.0,0.9381354913251505,0.1
2025-01-21 03:00:00,0.0,0.8485340582772328,0.1
2025-01-21 04:00:00,0.0,1.0073362705147961,0.1
2025-01-21 05:00:00,0.0,1.3334964658320505,0.1
2025-01-21 06:00:00,0.0,1.759007990797256,0.1
2025-01-21 07:00:00,0.6175343903080184,2.6643425881498417,0.2
2025-01-21 08:00:00,1.8164544745907618,3.0878308366136342,0.2
2025-01-21 09:00:00,2.489635017029996,2.768121872047169,0.2
2025-01-21 10:00:00,2.3481069774453407,2.0789037706743496,0.2
2025-01-21 11:00:00,2.914892926633368,1.2872784380527043,0.2
2025-01-21 12:00:00,2.379297686183067,0.8021381618941171,0.2
2025-01-21 13:00:00,2.1376311847324905,0.9720380105298347,0.2
2025-01-21 14:00:00,2.3610788951020907,1.1412942396073473,0.2
2025-01-21 15:00:00,1.7824777292901173,1.038889427412647,0.2
2025-01-21 16:00:00,1.4748883782062518,2.2516916377678395,0.35
2025-01-21 17:00:00,0.5195607550314285,2.8480675920999525,0.35
2025-01-21 18:00:00,4.503738019995923e-16,3.7237612751165696,0.35
2025-01-21 19:00:00,0.0,4.273105292509454,0.35
2025-01-21 20:00:00,0.0,3.5214621417253427,0.35
2025-01-21 21:00:00,0.0,2.9344003653147066,0.35
2025-01-21 22:00:00,0.0,1.951984577454662,0.2
2025-01-21 23:00:00,0.0,1.3691884763066542,0.2
2025-01-22 00:00:00,0.0,0.8455628541114182,0.1
2025-01-22 01:00:00,0.0,1.3331579716755324,0.1
2025-01-22 02:00:00,0.0,0.9255709172406915,0.1
2025-01-22 03:00:00,0.0,1.1476246896581241,0.1
2025-01-22 04:00:00,0.0,0.6821295240765439,0.1
2025-01-22 05:00:00,0.0,1.5066682724798746,0.1
2025-01-22 06:00:00,0.0,2.0326668142132625,0.1
2025-01-22 07:00:00,0.6862474888305868,2.6209616735830163,0.2
2025-01-22 08:00:00,1.8066529281169936,2.954612316645966,0.2
2025-01-22 09:00:00,2.4668650321766012,2.681485986915846,0.2
2025-01-22 10:00:00,1.6922778428814012,2.2801029090826117,0.2
2025-01-22 11:00:00,1.8534476551075871,0.9190296145762358,0.2
2025-01-22 12:00:00,2.573348086535655,1.2200989524384749,0.2
2025-01-22 13:00:00,3.2695574865204358,0.8587353694628922,0.2
2025-01-22 14:00:00,3.217530893305922,1.1284980468660812,0.2
2025-01-22 15:00:00,1.5208070940424196,1.3564671548323326,0.2
2025-01-22 16:00:00,1.4901425365730703,1.888295082187792,0.35
2025-01-22 17:00:00,0.6681738309046584,2.8174989837873134,0.35
2025-01-22 18:00:00,4.510161402503038e-16,3.4206564791449545,0.35
2025-01-22 19:00:00,0.0,4.205836087229795,0.35
2025-01-22 20:00:00,0.0,3.288662005514092,0.35
2025-01-22 21:00:00,0.0,2.927544881703569,0.35
2025-01-22 22:00:00,0.0,1.908650231568135,0.2
2025-01-22 23:00:00,0.0,1.1718208709483473,0.2
2025-01-23 00:00:00,0.0,1.040478005792033,0.1
2025-01-23 01:00:00,0.0,0.6886471115969313,0.1
2025-01-23 02:00:00,0.0,1.0086136895997326,0.1
2025-01-23 03:00:00,0.0,0.7231564587166728,0.1
2025-01-23 04:00:00,0.0,1.1493854184344974,0.1
2025-01-23 05:00:00,0.0,1.0857990998158422,0.1
2025-01-23 06:00:00,0.0,1.7320257796159888,0.1
2025-01-23 07:00:00,0.9445834537695191,2.660264729112188,0.2
2025-01-23 08:00:00,1.7355445207473041,2.8454923875051037,0.2
2025-01-23 09:00:00,1.6551962089541024,2.5898931858594723,0.2
2025-01-23 10:00:00,2.3574277396270436,1.519578676657583,0.2
2025-01-23 11:00:00,2.0468020748537272,1.397852075076164,0.2
2025-01-23 12:00:00,3.6670152059387693,1.4166762360338037,0.2
2025-01-23 13:00:00,2.9114769183680003,1.599500603475665,0.2
2025-01-23 14:00:00,1.9967931766294484,1.1507153554593152,0.2
2025-01-23 15:00:00,2.218300273570479,1.5636840068075024,0.2
2025-01-23 16:00:00,1.5183075518867726,1.6178335991658455,0.35
2025-01-23 17:00:00,0.6596671317619411,3.120138874858977,0.35
2025-01-23 18:00:00,2.559177125816813e-16,3.802736409145334,0.35
2025-01-23 19:00:00,0.0,3.9032133110139546,1.1339026765420437
2025-01-23 20:00:00,0.0,3.8949268678116136,0.35
2025-01-23 21:00:00,0.0,2.768696763808832,0.35
2025-01-23 22:00:00,0.0,1.882352365472138,0.2
2025-01-23 23:00:00,0.0,1.5010728347953362,0.2
2025-01-24 00:00:00,0.0,0.7873304317062303,0.1
2025-01-24 01:00:00,0.0,1.2043622818182165,0.1
2025-01-24 02:00:00,0.0,0.789472962870437,0.1
2025-01-24 03:00:00,0.0,0.7977208823143465,0.1
2025-01-24 04:00:00,0.0,0.8751930438892643,0.1
2025-01-24 05:00:00,0.0,1.4225705740451418,0.1
2025-01-24 06:00:00,0.0,1.698869510717909,0.1
2025-01-24 07:00:00,0.7900423267913373,2.331875694650122,0.2
2025-01-24 08:00:00,1.6051516197050815,2.8788648098863914,0.2
2025-01-24 09:00:00,1.6158055972331693,2.5950775116570353,0.2
2025-01-24 10:00:00,1.8539887404007147,1.5861502801736767,0.2
2025-01-24 11:00:00,1.8461674372431438,1.041340732550064,0.2
2025-01-24 12:00:00,2.544361887460319,1.4859527417435663,0.2
2025-01-24 13:00:00,2.8931740126351815,0.8689457491308953,0.2
2025-01-24 14:00:00,2.2714445398869536,1.067873252371426,0.2
2025-01-24 15:00:00,1.9148793497730994,1.332595778488208,0.2
2025-01-24 16:00:00,1.7936152226321045,1.8896873721932548,0.35
2025-01-24 17:00:00,0.6573922158185598,2.94386135759168,0.35
2025-01-24 18:00:00,3.492929729026541e-16,3.8371192982949225,0.35
2025-01-24 19:00:00,0.0,3.9388091136978827,0.35
2025-01-24 20:00:00,0.0,3.400195050435342,0.35
2025-01-24 21:00:00,0.0,3.074480024707681,0.35
2025-01-24 22:00:00,0.0,1.9548891838357128,0.2
2025-01-24 23:00:00,0.0,1.7520702126812717,0.2
2025-01-25 00:00:00,0.0,0.5508841521592613,0.1
2025-01-25 01:00:00,0.0,1.039117973194891,0.1
2025-01-25 02:00:00,0.0,1.3843921920310474,0.1
2025-01-25 03:00:00,0.0,0.937079013191352,0.1
2025-01-25 04:00:00,0.0,1.012032316904004,0.1
2025-01-25 05:00:00,0.0,1.3297729048599851,0.1
2025-01-25 06:00:00,0.0,1.7104654192448592,0.1
2025-01-25 07:00:00,0.6504455579610539,2.539060465113009,0.2
2025-01-25 08:00:00,1.5446628457856513,2.9324377910352704,0.2
2025-01-25 09:00:00,1.6585501320168845,2.476001838907858,0.2
2025-01-25 10:00:00,1.7622140268873439,2.0681160869466657,0.2
2025-01-25 11:00:00,2.062349984225459,1.3638925608162198,0.2
2025-01-25 12:00:00,2.1335246533957113,1.1138191213443096,0.2
2025-01-25 13:00:00,2.1044106433000267,1.202773031271696,0.2
2025-01-25 14:00:00,1.86534587192524,1.079610559485334,0.2
2025-01-25 15:00:00,2.194478602680363,1.251202414977485,0.2
2025-01-25 16:00:00,1.1176719111666225,1.8534338728244317,0.35
2025-01-25 17:00:00,0.6587260554605369,2.819948617818781,0.35
2025-01-25 18:00:00,4.393399099964459e-16,3.4356483665259323,0.35
2025-01-25 19:00:00,0.0,3.899947796686866,0.35
2025-01-25 20:00:00,0.0,3.5442673793795247,0.35
2025-01-25 21:00:00,0.0,3.244503225103703,0.35
2025-01-25 22:00:00,0.0,1.419194414088266,0.2
2025-01-25 23:00:00,0.0,1.3700819054287114,0.2
2025-01-26 00:00:00,0.0,1.3451400902352482,0.1
2025-01-26 01:00:00,0.0,1.0244062217647176,0.1
2025-01-26 02:00:00,0.0,1.1513544199400243,0.1
2025-01-26 03:00:00,0.0,1.0276971032989373,0.1
2025-01-26 04:00:00,0.0,0.9236643253276351,0.1
2025-01-26 05:00:00,0.0,0.8222873796401347,0.1
2025-01-26 06:00:00,0.0,1.8633157204291113,0.1
2025-01-26 07:00:00,0.6705276939491482,2.4463535306030773,0.2
2025-01-26 08:00:00,1.427479051011252,2.83993372864049,0.2
2025-01-26 09:00:00,2.2698301568402686,2.5016885345973106,0.2
2025-01-26 10:00:00,1.7092155528660224,2.1713170582312524,0.2
2025-01-26 11:00:00,3.3006099777280182,1.7526444628077273,0.2
2025-01-26 12:00:00,3.0913489530554594,1.1071350624293295,0.2
2025-01-26 13:00:00,1.9842414251426865,0.9481053851113271,0.2
2025-01-26 14:00:00,3.081220358236397,0.8970364426357853,0.2
2025-01-26 15:00:00,2.579311074741374,1.499751210957279,0.2
2025-01-26 16:00:00,1.0074824791132821,2.330539853760372,0.35
2025-01-26 17:00:00,0.6275751222779423,2.770123932192828,0.35
2025-01-26 18:00:00,4.200463367201162e-16,3.1716915000498678,0.35
2025-01-26 19:00:00,0.0,4.134009934367306,0.35
2025-01-26 20:00:00,0.0,3.844570650043822,0.35
2025-01-26 21:00:00,0.0,2.502422851060731,0.35
2025-01-26 22:00:00,0.0,2.0092542388076398,0.2
2025-01-26 23:00:00,0.0,1.4962510529370578,0.2
2025-01-27 00:00:00,0.0,0.9853798712705063,0.1
2025-01-27 01:00:00,0.0,0.8418831451211561,0.1
2025-01-27 02:00:00,0.0,1.203858369968517,0.1
2025-01-27 03:00:00,0.0,0.9270558910852471,0.1
2025-01-27 04:00:00,0.0,0.7600937690309448,0.1
2025-01-27 05:00:00,0.0,0.8607756694079811,0.1
2025-01-27 06:00:00,0.0,2.0743944870217126,0.1
2025-01-27 07:00:00,0.9353106582231492,2.7248076468177795,0.2
2025-01-27 08:00:00,1.4412262874226145,3.017595519299385,0.2
2025-01-27 09:00:00,2.065755774636496,2.513431058422972,0.2
2025-01-27 10:00:00,1.8283055112053275,1.7165450940659284,0.2
2025-01-27 11:00:00,2.665870784508067,1.0565296246686104,0.2
2025-01-27 12:00:00,2.922380438357774,0.9774023460116723,0.2
2025-01-27 13:00:00,2.2884050821826762,0.6170413868696378,0.2
2025-01-27 14:00:00,2.0959384544021495,0.9852689954323245,0.2
2025-01-27 15:00:00,1.8569986757580672,1.3438556753778463,0.2
2025-01-27 16:00:00,0.9725311659227918,2.095934743185427,0.35
2025-01-27 17:00:00,0.6524642640555979,2.811606716923187,0.35
2025-01-27 18:00:00,2.8289069958416392e-16,3.8064753309756245,0.35
2025-01-27 19:00:00,0.0,4.269827021026887,0.35
2025-01-27 20:00:00,0.0,3.8591247265186324,0.35
2025-01-27 21:00:00,0.0,2.913693948613612,0.35
2025-01-27 22:00:00,0.0,1.976329937911206,0.2
2025-01-27 23:00:00,0.0,1.2098482480271262,0.2
2025-01-28 00:00:00,0.0,1.1479901419481573,0.1
2025-01-28 01:00:00,0.0,1.3359868053825328,0.1
2025-01-28 02:00:00,0.0,1.0690921331858894,0.1
2025-01-28 03:00:00,0.0,1.3911836699642084,0.1
2025-01-28 04:00:00,0.0,0.7520166599587144,0.1
2025-01-28 05:00:00,0.0,1.039837889586009,0.1
2025-01-28 06:00:00,0.0,1.993264884571503,0.1
2025-01-28 07:00:00,0.5588074219084486,2.654332893554206,0.2
2025-01-28 08:00:00,1.229073002373641,3.2627572451879123,0.2
2025-01-28 09:00:00,1.845548801841509,2.598391657647785,0.2
2025-01-28 10:00:00,2.729336483890353,1.6487496924008873,0.2
2025-01-28 11:00:00,2.9052072992899824,1.2289583059159244,0.2
2025-01-28 12:00:00,2.5966243280930517,0.7571566807389025,0.2
2025-01-28 13:00:00,3.6741267585565995,0.8153406952742658,0.2
2025-01-28 14:00:00,2.662770453657467,1.3269705257096294,0.2
2025-01-28 15:00:00,1.6751464156840659,1.5806006615419872,0.2
2025-01-28 16:00:00,1.054834481212429,2.0465595907085588,0.35
2025-01-28 17:00:00,0.5713351339979837,2.4753765054057655,0.35
2025-01-28 18:00:00,2.9216797755688736e-16,3.575809993097935,0.35
2025-01-28 19:00:00,0.0,3.755000022272191,0.35
2025-01-28 20:00:00,0.0,3.882797358511365,0.35
2025-01-28 21:00:00,0.0,2.7028475524253803,0.35
2025-01-28 22:00:00,0.0,1.7568078599187393,0.2
2025-01-28 23:00:00,0.0,1.4119650827341228,0.2
2025-01-29 00:00:00,0.0,0.8719704403053716,0.1
2025-01-29 01:00:00,0.0,1.2967861109789682,0.1
2025-01-29 02:00:00,0.0,0.8537087457489675,0.1
2025-01-29 03:00:00,0.0,0.7278861884340574,0.1
2025-01-29 04:00:00,0.0,0.626548298419428,0.1
2025-01-29 05:00:00,0.0,1.2645132660592342,0.1
2025-01-29 06:00:00,0.0,1.7098385602502653,0.1
2025-01-29 07:00:00,0.9284502198207754,2.3156939302212103,0.2
2025-01-29 08:00:00,1.747059266347195,3.237846102124708,0.2
2025-01-29 09:00:00,1.710399558835166,2.7349350152789813,0.2
2025-01-29 10:00:00,1.9498953978762712,1.8167012011191077,0.2
2025-01-29 11:00:00,3.099365159640948,1.5445422031911062,0.2
2025-01-29 12:00:00,3.710072103317494,1.196200681603372,0.2
2025-01-29 13:00:00,2.891556813833298,0.8764876495899863,0.2
2025-01-29 14:00:00,2.6172284884086108,0.9246376933278742,0.2
2025-01-29 15:00:00,1.7404171689937478,1.5696394875388375,0.2
2025-01-29 16:00:00,1.7013133794158364,2.053232125040813,0.35
2025-01-29 17:00:00,0.5907836073030073,2.853541563191992,0.35
2025-01-29 18:00:00,3.117159957142762e-16,3.478191147626731,0.35
2025-01-29 19:00:00,0.0,4.121589513405352,0.35
2025-01-29 20:00:00,0.0,3.496390931127022,0.35
2025-01-29 21:00:00,0.0,2.799194648219165,0.35
2025-01-29 22:00:00,0.0,2.263346231352445,0.2
2025-01-29 23:00:00,0.0,1.2738390025478088,0.2
2025-01-30 00:00:00,0.0,0.6854034802577218,0.1
2025-01-30 01:00:00,0.0,0.7895278905642049,0.1
2025-01-30 02:00:00,0.0,1.1995306905933303,0.1
2025-01-30 03:00:00,0.0,1.0586780677550256,0.1
2025-01-30 04:00:00,0.0,1.0313555258331806,0.1
2025-01-30 05:00:00,0.0,1.1688518054796035,0.1
2025-01-30 06:00:00,0.0,1.9192965645324886,0.1
2025-01-30 07:00:00,0.567036749525778,2.431653881325511,0.2
2025-01-30 08:00:00,1.0268324318283772,3.0611339236020703,0.2
2025-01-30 09:00:00,2.7175186839383354,2.455235072030541,0.2
2025-01-30 10:00:00,2.211675734463723,1.642812899851543,0.2
2025-01-30 11:00:00,3.376255971204394,1.1441794673919305,0.2
2025-01-30 12:00:00,2.423050664863878,0.9886119856268569,0.2
2025-01-30 13:00:00,3.136783117474306,1.031292862706932,0.2
2025-01-30 14:00:00,2.9440329149717464,1.1795728851482503,0.2
2025-01-30 15:00:00,2.179027510117575,0.6683701203623763,0.2
2025-01-30 16:00:00,1.4210059464140743,1.8124286221979902,0.35
2025-01-30 17:00:00,0.7057081498326184,2.7412780141266517,0.35
2025-01-30 18:00:00,3.190241265803034e-16,3.948503115922179,0.35
2025-01-30 19:00:00,0.0,3.783999478327775,0.35
2025-01-30 20:00:00,0.0,3.6800500313737943,0.35
2025-01-30 21:00:00,0.0,3.118598041085068,0.35
2025-01-30 22:00:00,0.0,1.7113636960855947,0.2
2025-01-30 23:00:00,0.0,1.4848008948827185,0.2
2025-01-31 00:00:00,0.0,0.8395469648853899,0.1
2025-01-31 01:00:00,0.0,0.8991105804803801,0.1
2025-01-31 02:00:00,0.0,0.8400487584651428,0.1
2025-01-31 03:00:00,0.0,0.8613603785958065,0.1
2025-01-31 04:00:00,0.0,1.6015134311522297,0.1
2025-01-31 05:00:00,0.0,1.4395617409562504,0.1
2025-01-31 06:00:00,0.0,2.0425721553790925,0.1
2025-01-31 07:00:00,0.9013133451699784,2.6998735488908547,0.2
2025-01-31 08:00:00,1.1654408746012004,2.678749452193159,0.2
2025-01-31 09:00:00,1.5960997938843062,2.680477579857794,0.2
2025-01-31 10:00:00,1.9558395267674762,2.036930699808023,0.2
2025-01-31 11:00:00,3.3999230030528986,1.1009970595491105,0.2
2025-01-31 12:00:00,3.230101168463044,1.2567588083558747,0.2
2025-01-31 13:00:00,2.853729369803389,1.1819260718644884,0.2
2025-01-31 14:00:00,2.282686973840705,1.5028897350887613,0.2
2025-01-31 15:00:00,2.5748155325814346,1.3224865761453415,0.2
2025-01-31 16:00:00,1.3505122734429165,1.754436537292198,0.35
2025-01-31 17:00:00,0.9120231326040094,2.7472663877233505,0.35
2025-01-31 18:00:00,3.418714288246076e-16,3.9346049068332376,0.35
2025-01-31 19:00:00,0.0,3.6343188238358084,0.35
2025-01-31 20:00:00,0.0,3.2338155646676054,0.35
2025-01-31 21:00:00,0.0,2.8374710349242234,0.35
2025-01-31 22:00:00,0.0,1.885439543520218,0.2
2025-01-31 23:00:00,0.0,1.4075514283449748,0.2
2025-02-01 00:00:00,0.0,1.189063685919467,0.1
2025-02-01 01:00:00,0.0,0.8895234597144565,0.1
2025-02-01 02:00:00,0.0,0.6260697590696815,0.1
2025-02-01 03:00:00,0.0,1.4166281517189725,0.1
2025-02-01 04:00:00,0.0,0.857685344083176,0.1
2025-02-01 05:00:00,0.0,1.0588631421394978,0.1
2025-02-01 06:00:00,0.0,2.0429685857663697,0.1
2025-02-01 07:00:00,0.9782431093871268,2.524577027315252,0.2
2025-02-01 08:00:00,1.5857434873476643,2.987322839466589,0.2
2025-02-01 09:00:00,1.8391704556109765,2.698044010605196,0.2
2025-02-01 10:00:00,1.922403299262432,2.039061397528553,0.8069093526344849
2025-02-01 11:00:00,3.3764376515737555,1.2049848157205785,0.2
2025-02-01 12:00:00,3.1566100774587786,1.367683876106509,0.2
2025-02-01 13:00:00,2.8860440751549405,0.6138988601467116,0.2
2025-02-01 14:00:00,3.1957470366093492,1.2844391735166427,0.2
2025-02-01 15:00:00,2.4642454955269377,1.2381376670445337,0.2
2025-02-01 16:00:00,1.121983107862639,2.2484129970689413,0.35
2025-02-01 17:00:00,0.6614918160349598,2.8480009053639685,0.35
2025-02-01 18:00:00,2.979079140440478e-16,3.5129096417986325,0.35
2025-02-01 19:00:00,0.0,4.132568218608528,0.35
2025-02-01 20:00:00,0.0,3.8261283771952623,0.35
2025-02-01 21:00:00,0.0,2.947970803709628,0.35
2025-02-01 22:00:00,0.0,1.7680181541484372,0.2
2025-02-01 23:00:00,0.0,1.309202424985421,0.2
2025-02-02 00:00:00,0.0,0.999186764248007,0.1
2025-02-02 01:00:00,0.0,0.9917853984082149,0.1
2025-02-02 02:00:00,0.0,1.1506200203434753,0.1
2025-02-02 03:00:00,0.0,0.604751593777662,0.1
2025-02-02 04:00:00,0.0,1.123996412481632,0.1
2025-02-02 05:00:00,0.0,1.2126742956545893,0.1
2025-02-02 06:00:00,0.0,1.6545244597450601,0.1
2025-02-02 07:00:00,0.5825228343085124,2.4529774959696358,0.2
2025-02-02 08:00:00,1.202986577643164,2.957093276969958,0.2
2025-02-02 09:00:00,2.3835919538616754,1.881268964901229,0.2
2025-02-02 10:00:00,2.9155357518915674,1.6820868627482437,0.2
2025-02-02 11:00:00,3.102712220776878,1.0965139894276743,0.2
2025-02-02 12:00:00,3.3155093414033114,1.170250116788174,0.2
2025-02-02 13:00:00,2.9166358271196064,0.8799534933915686,0.2
2025-02-02 14:00:00,2.1218531309550914,1.0894589660919294,0.2
2025-02-02 15:00:00,1.8624388787834134,1.7144985041803256,0.2
2025-02-02 16:00:00,1.156351092216502,2.172829037710428,0.35
2025-02-02 17:00:00,0.9667790083753124,3.00004628958655,0.35
2025-02-02 18:00:00,3.795327954558515e-16,3.5475162221183423,0.35
2025-02-02 19:00:00,0.0,4.108606455862131,0.35
2025-02-02 20:00:00,0.0,3.6007111476630933,0.35
2025-02-02 21:00:00,0.0,2.780373337002513,0.35
2025-02-02 22:00:00,0.0,2.055894470824359,0.2
2025-02-02 23:00:00,0.0,1.2866071320256516,0.2
2025-02-03 00:00:00,0.0,1.2986019525609347,0.1
2025-02-03 01:00:00,0.0,0.9680113010186395,0.1
2025-02-03 02:00:00,0.0,1.1243430385077386,0.1
2025-02-03 03:00:00,0.0,1.2988519361304434,0.1
2025-02-03 04:00:00,0.0,1.2634617564859663,0.1
2025-02-03 05:00:00,0.0,0.9888867460038124,0.1
2025-02-03 06:00:00,0.0,1.9112037620238276,0.1
2025-02-03 07:00:00,0.9783693499285833,2.771618730415685,0.2
2025-02-03 08:00:00,1.6784354129200891,3.1783734143057005,0.2
2025-02-03 09:00:00,1.6024373092114481,2.3788270189702065,0.2
2025-02-03 10:00:00,2.684149491402827,1.690937729503089,0.2
2025-02-03 11:00:00,3.051567903887393,1.4705886015052572,0.2
2025-02-03 12:00:00,2.8002076608357656,0.9113414007871201,0.2
2025-02-03 13:00:00,3.2979572253660465,0.9811196185608099,0.2
2025-02-03 14:00:00,3.2938961995057756,1.4476568880264213,0.2
2025-02-03 15:00:00,2.6772219522581207,1.3964833285711071,0.2
2025-02-03 16:00:00,1.4263619218075856,1.8286039061805746,0.35
2025-02-03 17:00:00,0.5665322932681576,2.6440685382252784,0.35
2025-02-03 18:00:00,4.779440035673471e-16,3.7140345741175502,0.35
2025-02-03 19:00:00,0.0,3.733370398308759,0.35
2025-02-03 20:00:00,0.0,3.5980235149745283,0.35
2025-02-03 21:00:00,0.0,2.8862380861359047,0.35
2025-02-03 22:00:00,0.0,2.2337873661845826,0.2
2025-02-03 23:00:00,0.0,1.539515465783837,0.2
2025-02-04 00:00:00,0.0,0.8571883080758582,0.1
2025-02-04 01:00:00,0.0,1.235721192450971,0.1
2025-02-04 02:00:00,0.0,0.9407679177463102,0.1
2025-02-04 03:00:00,0.0,0.7605912358691018,0.1
2025-02-04 04:00:00,0.0,1.0227227297178367,0.1
2025-02-04 05:00:00,0.0,1.5583044067710579,0.1
2025-02-04 06:00:00,0.0,1.8552725930348357,0.1
2025-02-04 07:00:00,0.714845567664341,2.603979224389513,0.2
2025-02-04 08:00:00,1.518490445004584,3.3274431388141217,0.2
2025-02-04 09:00:00,2.6816987856066032,2.3152150163822474,0.2
2025-02-04 10:00:00,2.3032641017115907,1.5652249540959993,0.2
2025-02-04 11:00:00,2.5701159074047393,0.9485076601635665,0.2
2025-02-04 12:00:00,3.4322708330846257,1.1382231122196602,0.2
2025-02-04 13:00:00,2.7709711262759953,1.0743574553166977,0.2
2025-02-04 14:00:00,2.0949951492883874,1.4410289995819827,0.2
2025-02-04 15:00:00,2.028801152170955,1.4547381940754192,0.2
2025-02-04 16:00:00,1.1268280468947565,1.8931273018514827,1.3066077230700923
2025-02-04 17:00:00,0.6014546220472125,2.819950984173481,0.35
2025-02-04 18:00:00,3.6248137769755047e-16,3.6710321918927042,0.35
2025-02-04 19:00:00,0.0,3.6656477453385676,0.35
2025-02-04 20:00:00,0.0,4.189557036620791,0.35
2025-02-04 21:00:00,0.0,2.923566182758283,0.35
2025-02-04 22:00:00,0.0,2.015959063679567,0.2
2025-02-04 23:00:00,0.0,1.529038646565554,0.2
2025-02-05 00:00:00,0.0,1.141883527789615,0.1
2025-02-05 01:00:00,0.0,0.9719266318377406,0.1
2025-02-05 02:00:00,0.0,0.8744226980076656,0.1
2025-02-05 03:00:00,0.0,1.1276219775433245,0.1
2025-02-05 04:00:00,0.0,1.1342731696772217,0.1
2025-02-05 05:00:00,0.0,1.1086925467240358,0.1
2025-02-05 06:00:00,0.0,2.1060317052953033,0.1
2025-02-05 07:00:00,1.0257560768005796,2.6601452587881522,0.2
2025-02-05 08:00:00,1.4907110483799284,3.145964682327077,0.2
2025-02-05 09:00:00,2.2389668430163705,2.8798701633291164,0.2
2025-02-05 10:00:00,1.834101343255572,1.8267225411395207,0.2
2025-02-05 11:00:00,3.3548195678880113,1.335067355753756,0.2
2025-02-05 12:00:00,2.4013122433771787,1.2256989226248727,0.2
2025-02-05 13:00:00,3.638727719190698,0.8960866131336622,0.2
2025-02-05 14:00:00,2.0714056398546172,1.1432920586952275,0.2
2025-02-05 15:00:00,1.6710137665896672,1.4311528959782949,0.2
2025-02-05 16:00:00,1.028625465687691,1.7827470234106644,0.35
2025-02-05 17:00:00,0.7561726097714936,3.283119367332635,0.35
2025-02-05 18:00:00,3.8034547689042897e-16,3.366032019502032,0.35
2025-02-05 19:00:00,0.0,3.7403792192667695,0.35
2025-02-05 20:00:00,0.0,3.9103360228945276,0.35
2025-02-05 21:00:00,0.0,2.962245229297209,0.35
2025-02-05 22:00:00,0.0,1.7687644385788936,0.2
2025-02-05 23:00:00,0.0,1.5274636527301766,0.2
2025-02-06 00:00:00,0.0,1.293571420671756,0.1
2025-02-06 01:00:00,0.0,0.9939847174188298,0.1
2025-02-06 02:00:00,0.0,1.5204355052707221,0.1
2025-02-06 03:00:00,0.0,0.6629194781053765,0.1
2025-02-06 04:00:00,0.0,1.1958956923427517,0.1
2025-02-06 05:00:00,0.0,1.503976233786118,0.1
2025-02-06 06:00:00,0.0,2.0004933633429,0.1
2025-02-06 07:00:00,0.6558675073475059,2.560603706194426,0.2
2025-02-06 08:00:00,1.6392050535605827,2.941912513471321,0.2
2025-02-06 09:00:00,1.9864408553574155,2.6903150200105843,0.2
2025-02-06 10:00:00,1.7708417532313914,1.9854956742369676,0.2
2025-02-06 11:00:00,2.2270015777182746,1.3921716416134056,0.2
2025-02-06 12:00:00,3.4219356822379883,1.2717050530823273,0.2
2025-02-06 13:00:00,3.1954486322694162,0.8372848384803256,0.2
2025-02-06 14:00:00,1.7737942952541916,1.0869275303013004,0.2
2025-02-06 15:00:00,1.7230897612719365,1.2180399922233143,0.2
2025-02-06 16:00:00,1.227484542910755,1.896736178530115,0.35
2025-02-06 17:00:00,0.8629114482800648,3.0226361879607206,0.35
2025-02-06 18:00:00,2.490286684891657e-16,3.6690874923455588,0.35
2025-02-06 19:00:00,0.0,4.521371832634155,0.35
2025-02-06 20:00:00,0.0,3.6861719811917553,0.35
2025-02-06 21:00:00,0.0,2.8315303552538476,0.35
2025-02-06 22:00:00,0.0,1.9951939859630925,0.2
2025-02-06 23:00:00,0.0,1.2784441111378508,0.2
2025-02-07 00:00:00,0.0,0.9884340091967753,0.1
2025-02-07 01:00:00,0.0,1.225594934360556,0.1
2025-02-07 02:00:00,0.0,1.02346505888136,0.1
2025-02-07 03:00:00,0.0,0.8490398943022894,0.1
2025-02-07 04:00:00,0.0,0.8721140774752042,0.1
2025-02-07 05:00:00,0.0,1.1806301882087487,0.1
2025-02-07 06:00:00,0.0,1.8369972699040267,0.1
2025-02-07 07:00:00,0.6249227889996727,2.840192158618808,0.2
2025-02-07 08:00:00,1.2955879235104735,2.7319030816002634,0.2
2025-02-07 09:00:00,2.686884483639644,2.5375207302153813,0.2
2025-02-07 10:00:00,1.7578817066461094,1.8512067807935695,0.2
2025-02-07 11:00:00,2.1009986045140265,0.9049358008310457,0.2
2025-02-07 12:00:00,2.4203311168873407,0.896973818330368,0.2
2025-02-07 13:00:00,1.9868500951622214,0.9050811219464354,0.2
2025-02-07 14:00:00,2.050167616395283,0.9732876513559277,0.2
2025-02-07 15:00:00,2.2429834239186874,1.4444210876523946,0.2
2025-02-07 16:00:00,1.424106804531321,1.9418468118469838,0.35
2025-02-07 17:00:00,0.9815677173940683,2.7085347890776523,0.35
2025-02-07 18:00:00,4.459852853448975e-16,3.73308323351104,0.35
2025-02-07 19:00:00,0.0,4.344614943533451,0.35
2025-02-07 20:00:00,0.0,3.9753420111021622,0.35
2025-02-07 21:00:00,0.0,2.435037624725433,0.35
2025-02-07 22:00:00,0.0,2.089371838842077,0.2
2025-02-07 23:00:00,0.0,1.3704011916970704,0.2
2025-02-08 00:00:00,0.0,1.0310324002453652,0.1
2025-02-08 01:00:00,0.0,0.9203807222297172,0.1
2025-02-08 02:00:00,0.0,1.024188651233246,0.1
2025-02-08 03:00:00,0.0,1.0380133194933874,0.1
2025-02-08 04:00:00,0.0,0.9413406501011465,0.1
2025-02-08 05:00:00,0.0,1.0913970569768812,0.1
2025-02-08 06:00:00,0.0,1.7324854464979538,0.1
2025-02-08 07:00:00,0.5941578393990026,2.648326704414909,0.2
2025-02-08 08:00:00,1.881106133741922,3.1198000782104036,0.2
2025-02-08 09:00:00,2.1177735749509905,2.772155781261162,0.2
2025-02-08 10:00:00,3.303656234648945,1.7235067722931712,0.2
2025-02-08 11:00:00,3.500571842567705,1.3284458678174802,0.2
2025-02-08 12:00:00,2.869707053834329,1.256193993314309,0.2
2025-02-08 13:00:00,1.988619506356488,1.2741778089224984,0.2
2025-02-08 14:00:00,2.212276763127912,1.120715155299723,0.2
2025-02-08 15:00:00,2.1949467013273165,1.3618568336601427,0.2
2025-02-08 16:00:00,1.6445269270254201,2.0121835805146215,0.35
2025-02-08 17:00:00,0.6555347708188429,2.5896505150183784,0.35
2025-02-08 18:00:00,2.809493037148948e-16,3.608768805993411,0.35
2025-02-08 19:00:00,0.0,4.148917279698827,0.35
2025-02-08 20:00:00,0.0,3.775880133642552,0.35
2025-02-08 21:00:00,0.0,2.7655384582651226,0.35
2025-02-08 22:00:00,0.0,2.0175010422924826,0.2
2025-02-08 23:00:00,0.0,1.2410757816517004,0.2
2025-02-09 00:00:00,0.0,1.1406997613172989,0.1
2025-02-09 01:00:00,0.0,0.9844730417109323,0.1
2025-02-09 02:00:00,0.0,0.9454806349165781,0.1
2025-02-09 03:00:00,0.0,0.9353870730603063,0.1
2025-02-09 04:00:00,0.0,1.0445522281909596,0.1
2025-02-09 05:00:00,0.0,1.1810950375555256,0.1
2025-02-09 06:00:00,0.0,1.9538531902223633,0.1
2025-02-09 07:00:00,0.9582378442603524,2.5224181419203195,0.2
2025-02-09 08:00:00,1.2205519479916185,3.318593629079027,0.2
2025-02-09 09:00:00,1.4465106769428593,2.8945280864894087,0.2
2025-02-09 10:00:00,1.9922080313378783,1.6440360789356527,0.4537133277414731
2025-02-09 11:00:00,3.713546939817133,1.285617808242789,0.2
2025-02-09 12:00:00,3.7916774812056713,0.9335621506564104,0.2
2025-02-09 13:00:00,3.1221107027762383,0.9757293172559505,0.2
2025-02-09 14:00:00,2.8046467114327336,1.5329672196549868,0.2
2025-02-09 15:00:00,2.3822979867567713,1.3445288952249053,0.2
2025-02-09 16:00:00,1.1891382697883388,2.046003941162829,0.35
2025-02-09 17:00:00,1.0025796931417519,2.9278562683995153,0.35
2025-02-09 18:00:00,3.515687677883413e-16,3.4473648337038645,0.35
2025-02-09 19:00:00,0.0,3.8289809051223602,0.35
2025-02-09 20:00:00,0.0,3.406286233472188,0.35
2025-02-09 21:00:00,0.0,2.6423978323583452,0.35
2025-02-09 22:00:00,0.0,1.4039513802116126,0.2
2025-02-09 23:00:00,0.0,1.5149223298685637,0.2
2025-02-10 00:00:00,0.0,1.410840099923508,0.1
2025-02-10 01:00:00,0.0,1.0296014767455324,0.1
2025-02-10 02:00:00,0.0,0.7174171533876842,0.1
2025-02-10 03:00:00,0.0,0.8791765636989941,0.1
2025-02-10 04:00:00,0.0,0.9653556325659318,0.1
2025-02-10 05:00:00,0.0,1.0671536110992421,0.1
2025-02-10 06:00:00,0.0,1.994261110700882,0.1
2025-02-10 07:00:00,0.6826744502835672,2.7635268603986227,0.2
2025-02-10 08:00:00,1.5926144579063568,2.768910451110019,0.2
2025-02-10 09:00:00,2.122378698973905,2.7465021946826345,0.2
2025-02-10 10:00:00,2.9297786497861655,2.1277073096220067,0.2
2025-02-10 11:00:00,3.804275073274575,1.6521885954028448,0.2
2025-02-10 12:00:00,3.5231246133938674,1.6367358795408418,0.2
2025-02-10 13:00:00,2.3863570988944853,0.8606603000050332,0.2
2025-02-10 14:00:00,1.8159468024821883,1.697325811405068,0.2
2025-02-10 15:00:00,1.8149802446524048,1.3352019009463074,0.2
2025-02-10 16:00:00,1.621767523262113,1.8554656426712404,0.35
2025-02-10 17:00:00,0.5533648312174548,2.8850064845734287,0.35
2025-02-10 18:00:00,3.726365443901955e-16,3.5310784413819105,0.35
2025-02-10 19:00:00,0.0,4.0798088281335065,0.35
2025-02-10 20:00:00,0.0,3.3834752702063517,0.35
2025-02-10 21:00:00,0.0,2.7718414587252136,0.35
2025-02-10 22:00:00,0.0,2.231073848947385,0.2
2025-02-10 23:00:00,0.0,1.3945935914236067,0.2
2025-02-11 00:00:00,0.0,1.0283204890202706,0.1
2025-02-11 01:00:00,0.0,1.0950890498816892,0.1
2025-02-11 02:00:00,0.0,1.2348032511193376,0.1
2025-02-11 03:00:00,0.0,0.676686897841097,0.1
2025-02-11 04:00:00,0.0,1.1740358119384182,0.1
2025-02-11 05:00:00,0.0,1.2170427386935647,0.1
2025-02-11 06:00:00,0.0,1.8555521620842184,0.1
2025-02-11 07:00:00,0.8963818389545047,2.813464885476031,0.2
2025-02-11 08:00:00,1.2999048372497537,2.761163479591182,0.2
2025-02-11 09:00:00,2.2979999764081964,2.398957097504515,0.2
2025-02-11 10:00:00,2.408714464977341,1.4352587849637923,0.2
2025-02-11 11:00:00,2.1547905698402765,1.1618451660041775,0.2
2025-02-11 12:00:00,3.9183032160857265,1.3297799437994127,0.2
2025-02-11 13:00:00,2.244087847703153,1.0169413921989787,0.2
2025-02-11 14:00:00,3.451620148519502,0.8644567469950701,0.2
2025-02-11 15:00:00,2.089584424054534,1.3089074297330558,0.2
2025-02-11 16:00:00,1.2109939203444886,1.6763863930492187,0.35
2025-02-11 17:00:00,0.8155631586344593,2.594554789251627,0.35
2025-02-11 18:00:00,4.687496572463351e-16,3.7252544902532554,0.35
2025-02-11 19:00:00,0.0,3.765225334742995,0.35
2025-02-11 20:00:00,0.0,3.8700175687944722,1.6348768143172756
2025-02-11 21:00:00,0.0,2.8053679209718334,0.35
2025-02-11 22:00:00,0.0,1.9910763428639542,0.2
2025-02-11 23:00:00,0.0,1.3503312561882592,0.2
2025-02-12 00:00:00,0.0,1.1545708993810386,0.1
2025-02-12 01:00:00,0.0,1.156669306493629,0.1
2025-02-12 02:00:00,0.0,1.06768179563824,0.1
2025-02-12 03:00:00,0.0,1.1206896614605133,0.1
2025-02-12 04:00:00,0.0,1.014713067586846,0.1
2025-02-12 05:00:00,0.0,1.3791111679237271,0.1
2025-02-12 06:00:00,0.0,1.7546490279270892,0.1
2025-02-12 07:00:00,1.023467141800675,2.6019211759560363,0.2
2025-02-12 08:00:00,1.2124243075159895,2.9450720600002915,0.2
2025-02-12 09:00:00,2.277229555591745,2.5100422779292937,0.2
2025-02-12 10:00:00,3.4072269011321974,1.6845224173621958,0.2
2025-02-12 11:00:00,2.0513159067059137,1.36521497512871,0.2
2025-02-12 12:00:00,3.486424819177275,1.325814657486342,0.2
2025-02-12 13:00:00,2.5738991306029857,1.2752792242275846,0.2
2025-02-12 14:00:00,3.423072066574186,0.8811686589369403,0.2
2025-02-12 15:00:00,2.862696989805801,1.6638837889294398,0.2
2025-02-12 16:00:00,1.9967179235270667,1.9103270334237574,0.35
2025-02-12 17:00:00,0.7836962105489177,2.9397386126269778,0.35
2025-02-12 18:00:00,4.683725101516057e-16,3.4662476417910706,0.35
2025-02-12 19:00:00,0.0,4.028395982779002,0.35
2025-02-12 20:00:00,0.0,3.7102353443331935,0.35
2025-02-12 21:00:00,0.0,2.52267102075397,0.35
2025-02-12 22:00:00,0.0,2.095610835343887,0.2
2025-02-12 23:00:00,0.0,1.675192851277501,0.2
2025-02-13 00:00:00,0.0,0.9650717425359684,0.1
2025-02-13 01:00:00,0.0,1.2720709551038296,0.1
2025-02-13 02:00:00,0.0,0.9627322265653242,0.1
2025-02-13 03:00:00,0.0,1.1776487464883072,0.1
2025-02-13 04:00:00,0.0,0.6134170083807113,0.1
2025-02-13 05:00:00,0.0,1.75442612240461,0.1
2025-02-13 06:00:00,0.0,2.121316232070442,0.1
2025-02-13 07:00:00,0.7027674977114557,2.54454975067282,0.2
2025-02-13 08:00:00,1.5890627541224185,2.6055830045447874,0.2
2025-02-13 09:00:00,2.6140100990335715,2.6590916594542304,0.2
2025-02-13 10:00:00,2.3576956155323034,1.5335596674918024,0.2
2025-02-13 11:00:00,3.242120206737868,1.3606476618684304,0.2
2025-02-13 12:00:00,3.8934120766629468,1.1460066187565057,0.2
2025-02-13 13:00:00,3.2221234269721757,0.8527781960932678,0.2
2025-02-13 14:00:00,2.204312895173625,1.356675130848903,0.2
2025-02-13 15:00:00,1.4953701616338244,1.5671581192092998,0.2
2025-02-13 16:00:00,1.9303158658709227,2.1691234012050558,0.35
2025-02-13 17:00:00,0.5456703571139675,2.8213635503316388,0.35
2025-02-13 18:00:00,4.739546907502531e-16,3.3643858948177714,0.35
2025-02-13 19:00:00,0.0,4.195574454446429,0.35
2025-02-13 20:00:00,0.0,3.5934164279266536,0.35
2025-02-13 21:00:00,0.0,2.5416359504993666,0.35
2025-02-13 22:00:00,0.0,2.2443652752699146,0.2
2025-02-13 23:00:00,0.0,1.82588735381034,0.2
2025-02-14 00:00:00,0.0,0.9917517058764533,0.1
2025-02-14 01:00:00,0.0,1.4318615598588853,0.1
2025-02-14 02:00:00,0.0,1.0189338709780755,0.1
2025-02-14 03:00:00,0.0,0.9316406594457134,0.1
2025-02-14 04:00:00,0.0,0.9310393107338357,0.1
2025-02-14 05:00:00,0.0,1.5980870481404659,0.1
2025-02-14 06:00:00,0.0,1.6661958067442963,0.1
2025-02-14 07:00:00,0.7614013108597819,2.748528713518553,0.2
2025-02-14 08:00:00,1.4746391867811772,2.888168042861709,0.2
2025-02-14 09:00:00,2.549429338956487,2.50942463327826,0.2
2025-02-14 10:00:00,2.2260576581253604,2.028394715700467,0.2
2025-02-14 11:00:00,2.225690693709607,1.1956695850990622,0.2
2025-02-14 12:00:00,2.8108053272175226,0.9827343990395907,0.2
2025-02-14 13:00:00,2.5799753550541644,1.2676197693286342,0.2
2025-02-14 14:00:00,2.329439664501911,1.451961184770352,0.2
2025-02-14 15:00:00,1.8099837863305253,1.5349811393049118,0.2
2025-02-14 16:00:00,1.0811579717507251,1.8430047786225534,0.35
2025-02-14 17:00:00,0.5466417734877883,2.7174703097383435,0.35
2025-02-14 18:00:00,5.051021001135649e-16,3.6634737609485204,0.35
2025-02-14 19:00:00,0.0,4.0641860123893325,0.35
2025-02-14 20:00:00,0.0,3.4499175257258576,0.35
2025-02-14 21:00:00,0.0,2.9641995670538734,0.35
2025-02-14 22:00:00,0.0,1.991060068002969,0.2
2025-02-14 23:00:00,0.0,1.062864185982212,0.2
2025-02-15 00:00:00,0.0,0.814216035180148,0.1
2025-02-15 01:00:00,0.0,0.8992115942078942,0.1
2025-02-15 02:00:00,0.0,0.9860993874875947,0.1
2025-02-15 03:00:00,0.0,1.3855875993797828,0.1
2025-02-15 04:00:00,0.0,1.104765262798857,0.1
2025-02-15 05:00:00,0.0,1.1025161885621924,0.1
2025-02-15 06:00:00,0.0,1.8663507438832834,0.1
2025-02-15 07:00:00,0.6299789606947512,2.5310573020327793,0.2
2025-02-15 08:00:00,2.0764638338401507,3.0649524577802594,0.2
2025-02-15 09:00:00,1.816461894618574,2.717599523200256,0.2
2025-02-15 10:00:00,3.5090519780923772,2.0641909063513415,0.2
2025-02-15 11:00:00,3.32338789418882,1.2668196552229276,0.2
2025-02-15 12:00:00,3.3532140523696423,1.391485580443616,0.2
2025-02-15 13:00:00,3.047471219525408,1.222663362400911,0.2
2025-02-15 14:00:00,2.222892730062697,0.9909938171635898,0.2
2025-02-15 15:00:00,1.7351363481747004,1.8480143117977579,0.2
2025-02-15 16:00:00,1.2727678809160528,2.0393576364013626,0.35
2025-02-15 17:00:00,0.6404536438866836,2.6525671088034124,0.35
2025-02-15 18:00:00,4.545438498785278e-16,3.9780733184465973,0.35
2025-02-15 19:00:00,0.0,4.41555551704389,0.35
2025-02-15 20:00:00,0.0,3.6408856550098996,0.35
2025-02-15 21:00:00,0.0,2.718861927062781,0.35
2025-02-15 22:00:00,0.0,1.939482410584317,0.2
2025-02-15 23:00:00,0.0,1.548952195213378,0.2
2025-02-16 00:00:00,0.0,1.2555726626783967,0.1
2025-02-16 01:00:00,0.0,1.1141347951109417,0.1
2025-02-16 02:00:00,0.0,1.0210155669501597,0.1
2025-02-16 03:00:00,0.0,1.307334194339869,0.1
2025-02-16 04:00:00,0.0,0.9945637069606268,0.1
2025-02-16 05:00:00,0.0,1.4768544342152987,0.1
2025-02-16 06:00:00,0.0,1.764612023351595,0.1
2025-02-16 07:00:00,0.6643975240668089,2.6876794431257345,0.2
2025-02-16 08:00:00,1.2828644413554393,2.9772882969154604,0.2
2025-02-16 09:00:00,2.2784825446005588,2.5903155492625705,0.2
2025-02-16 10:00:00,2.892171852297481,1.7468674734141116,0.2
2025-02-16 11:00:00,3.1997689783730405,1.5406477605930717,0.2
2025-02-16 12:00:00,2.2882979211049057,0.9171082673019423,0.2
2025-02-16 13:00:00,3.8019704219649877,0.8930123793839311,0.2
2025-02-16 14:00:00,2.2978473571919653,1.5566804392950493,0.2
2025-02-16 15:00:00,1.6744455819660815,1.6016126915789315,0.2
2025-02-16 16:00:00,1.9798765118227677,1.496935994008736,0.35
2025-02-16 17:00:00,1.061162169277354,2.7065402617557788,0.35
2025-02-16 18:00:00,4.78095169952298e-16,3.285092840688102,0.35
2025-02-16 19:00:00,0.0,3.80986186132115,0.35
2025-02-16 20:00:00,0.0,3.019787774507004,0.35
2025-02-16 21:00:00,0.0,2.792194063599112,0.35
2025-02-16 22:00:00,0.0,1.7455690382427869,0.2
2025-02-16 23:00:00,0.0,1.4179869010691257,0.2
2025-02-17 00:00:00,0.0,0.674977079895789,0.1
2025-02-17 01:00:00,0.0,1.0166196995726349,0.1
2025-02-17 02:00:00,0.0,0.9176876696317402,0.1
2025-02-17 03:00:00,0.0,1.308122433316703,0.1
2025-02-17 04:00:00,0.0,1.3394023739200562,0.1
2025-02-17 05:00:00,0.0,1.427739687143974,0.1
2025-02-17 06:00:00,0.0,1.7569018268896082,0.1
2025-02-17 07:00:00,0.5869703763564028,2.9985509305756146,0.2
2025-02-17 08:00:00,1.9506521708324074,2.689393754305587,0.2
2025-02-17 09:00:00,2.2280432960877867,2.3207742598804,0.2
2025-02-17 10:00:00,2.702211307292446,1.8055881569287409,0.2
2025-02-17 11:00:00,3.2415515872137566,1.7224845761411567,0.2
2025-02-17 12:00:00,3.84540254279182,1.0232256935496318,0.2
2025-02-17 13:00:00,2.7436396124318314,1.0044097812518162,0.2
2025-02-17 14:00:00,3.062539057629249,0.8440996549036655,0.2
2025-02-17 15:00:00,2.3332285784847233,1.5952290957021409,0.2
2025-02-17 16:00:00,1.3350919483692578,2.164593984613214,0.35
2025-02-17 17:00:00,1.0246896466175093,2.9774070498778413,0.35
2025-02-17 18:00:00,4.63891851377543e-16,3.5216465736310405,0.35
2025-02-17 19:00:00,0.0,3.8586586463295998,0.35
2025-02-17 20:00:00,0.0,3.388866257672818,0.35
2025-02-17 21:00:00,0.0,2.836366479490087,0.35
2025-02-17 22:00:00,0.0,1.7578759362193488,0.2
2025-02-17 23:00:00,0.0,1.1705225486599802,0.2
2025-02-18 00:00:00,0.0,0.9152631882901587,0.1
2025-02-18 01:00:00,0.0,0.9022060939013837,0.1
2025-02-18 02:00:00,0.0,0.8930752194914147,0.1
2025-02-18 03:00:00,0.0,1.1010207596470358,0.1
2025-02-18 04:00:00,0.0,1.072940562000987,0.1
2025-02-18 05:00:00,0.0,1.2130393604396938,0.1
2025-02-18 06:00:00,0.0,1.858827168684147,0.1
2025-02-18 07:00:00,0.5643438160708883,2.4031694433026294,0.2
2025-02-18 08:00:00,1.933993464526918,3.0210565346554863,0.2
2025-02-18 09:00:00,1.691050953393595,2.6316064843620595,0.2
2025-02-18 10:00:00,2.449505231724264,1.5217354050350576,0.2
2025-02-18 11:00:00,3.5677597126880674,1.4708157052310051,0.2
2025-02-18 12:00:00,2.4590661161893475,0.8874067338782502,0.2
2025-02-18 13:00:00,3.7201254907981283,1.0591207897349597,0.2
2025-02-18 14:00:00,3.3613653494681697,1.3653640742330815,0.2
2025-02-18 15:00:00,2.258191862355038,1.591178530190839,0.2
2025-02-18 16:00:00,1.0660126204289326,1.9808254114611104,0.35
2025-02-18 17:00:00,0.7056924254035608,2.747092209021446,0.35
2025-02-18 18:00:00,4.19497187638314e-16,3.836993089915626,0.35
2025-02-18 19:00:00,0.0,4.134938995565925,0.35
2025-02-18 20:00:00,0.0,3.523817703744986,0.35
2025-02-18 21:00:00,0.0,2.6606132497375623,0.35
2025-02-18 22:00:00,0.0,1.5594863657358495,0.2
2025-02-18 23:00:00,0.0,1.4368122180465555,0.2
2025-02-19 00:00:00,0.0,0.9834617826686143,0.1
2025-02-19 01:00:00,0.0,1.2272756038667354,0.1
2025-02-19 02:00:00,0.0,1.0724819439518791,0.1
2025-02-19 03:00:00,0.0,1.2745776791135217,0.1
2025-02-19 04:00:00,0.0,0.9176581559876971,0.1
2025-02-19 05:00:00,0.0,1.498300632735441,0.1
2025-02-19 06:00:00,0.0,1.7164413072009197,0.1
2025-02-19 07:00:00,1.0649314293211658,2.75699406388201,0.2
2025-02-19 08:00:00,1.1739900296776022,2.7082491313674124,0.2
2025-02-19 09:00:00,2.9172780415251287,2.6485130456663706,0.2
2025-02-19 10:00:00,3.1130467687711554,1.4254071886173718,0.8143044394876869
2025-02-19 11:00:00,2.1966493746204705,1.2182494571685818,0.2
2025-02-19 12:00:00,2.7706209166116027,1.151764273699232,0.2
2025-02-19 13:00:00,3.5138836194832224,0.9368651196474536,0.2
2025-02-19 14:00:00,1.9685647536131825,0.9223942003748339,0.2
2025-02-19 15:00:00,2.3825951207265015,1.5752668725072518,0.2
2025-02-19 16:00:00,1.433142266104469,1.9532661757779586,0.35
2025-02-19 17:00:00,0.8934465674811213,2.721677880191725,0.35
2025-02-19 18:00:00,2.7273909227741997e-16,3.655869892431368,0.35
2025-02-19 19:00:00,0.0,4.527333828393319,0.35
2025-02-19 20:00:00,0.0,3.878191277710121,0.35
2025-02-19 21:00:00,0.0,3.0521067127754686,0.35
2025-02-19 22:00:00,0.0,2.061066665873522,0.2
2025-02-19 23:00:00,0.0,1.4393029042252674,0.2
2025-02-20 00:00:00,0.0,0.5207848740062107,0.1
2025-02-20 01:00:00,0.0,0.8642412596456005,0.1
2025-02-20 02:00:00,0.0,0.9045560426153108,0.1
2025-02-20 03:00:00,0.0,0.632753427469477,0.1
2025-02-20 04:00:00,0.0,0.8256478435278445,0.1
2025-02-20 05:00:00,0.0,0.8745032723573904,0.1
2025-02-20 06:00:00,0.0,1.8145598158823761,0.1
2025-02-20 07:00:00,0.8012014912008106,2.765228045693319,0.2
2025-02-20 08:00:00,1.3633852635434978,3.2213557135984168,0.2
2025-02-20 09:00:00,3.023406827153514,2.684442878208981,0.2
2025-02-20 10:00:00,2.6443066539443336,1.62966550866684,0.2
2025-02-20 11:00:00,3.0014662337296882,0.8852639226529408,0.2
2025-02-20 12:00:00,2.4912599777022013,0.7123197350433489,0.2
2025-02-20 13:00:00,3.7116635096255948,0.7872623144427731,0.2
2025-02-20 14:00:00,3.1402845993560913,0.9547097865188925,0.2
2025-02-20 15:00:00,1.8480986945959679,1.3740934790497479,0.2
2025-02-20 16:00:00,1.1586616441062225,1.7711258901219495,0.35
2025-02-20 17:00:00,0.9311958134155096,2.8873871883315116,0.35
2025-02-20 18:00:00,4.337974698367499e-16,3.601036007640618,0.35
2025-02-20 19:00:00,0.0,4.002109142352406,0.35
2025-02-20 20:00:00,0.0,3.875540818288053,0.35
2025-02-20 21:00:00,0.0,2.5835456322978265,0.35
2025-02-20 22:00:00,0.0,2.057698317733523,0.2
2025-02-20 23:00:00,0.0,1.4032112040146234,0.2
2025-02-21 00:00:00,0.0,0.9333040754783549,0.1
2025-02-21 01:00:00,0.0,1.177088593111419,0.1
2025-02-21 02:00:00,0.0,1.1764737561672072,0.1
2025-02-21 03:00:00,0.0,0.818433681081298,0.1
2025-02-21 04:00:00,0.0,1.0206988847993463,0.1
2025-02-21 05:00:00,0.0,1.3269129030587303,0.1
2025-02-21 06:00:00,0.0,1.7676232334173339,0.1
2025-02-21 07:00:00,0.6851657496903416,2.7184791179811154,0.2
2025-02-21 08:00:00,1.3055052497122226,3.056239213455606,0.2
2025-02-21 09:00:00,1.5693162642942227,2.967998233864335,0.2
2025-02-21 10:00:00,3.078671908451071,1.5162889497205962,0.2
2025-02-21 11:00:00,2.845163780465345,1.2471897564074534,0.2
2025-02-21 12:00:00,4.012727795769247,0.881992972621211,0.2
2025-02-21 13:00:00,3.0628007175487837,1.1618803209814814,0.2
2025-02-21 14:00:00,3.668670777800526,0.8090473481169185,0.2
2025-02-21 15:00:00,1.8042895724329178,1.4753057206930424,0.2
2025-02-21 16:00:00,2.0109536690490755,1.847949047477675,0.35
2025-02-21 17:00:00,0.9896814961383595,2.6727596363736565,0.35
2025-02-21 18:00:00,4.66788962374733e-16,3.3581910674923754,0.35
2025-02-21 19:00:00,0.0,3.906984810764,0.35
2025-02-21 20:00:00,0.0,3.864390813811997,0.35
2025-02-21 21:00:00,0.0,2.8145542424320045,0.35
2025-02-21 22:00:00,0.0,2.099493485649944,0.2
2025-02-21 23:00:00,0.0,1.738934214103093,0.2
2025-02-22 00:00:00,0.0,1.0527524486368092,0.1
2025-02-22 01:00:00,0.0,0.8882774145257588,0.1
2025-02-22 02:00:00,0.0,1.0941213682923636,0.1
2025-02-22 03:00:00,0.0,0.8988726110161253,0.1
2025-02-22 04:00:00,0.0,0.9562464649114973,0.1
2025-02-22 05:00:00,0.0,0.9666920066181204,0.1
2025-02-22 06:00:00,0.0,2.007476081238729,0.1
2025-02-22 07:00:00,0.8010283633320586,2.5242743363936677,0.2
2025-02-22 08:00:00,1.2988645053784287,3.0364204590367234,0.2
2025-02-22 09:00:00,2.2822253451349517,2.394293600071805,0.2
2025-02-22 10:00:00,1.994253066180631,1.9095343028496483,0.2
2025-02-22 11:00:00,3.306474223458791,1.119288706729916,0.2
2025-02-22 12:00:00,2.745883452330594,1.0353517305832844,0.2
2025-02-22 13:00:00,3.757073499690381,1.216624036141498,0.2
2025-02-22 14:00:00,2.4555266013569494,1.2906335885725333,0.2
2025-02-22 15:00:00,2.2265704270915783,1.401637164144677,0.2
2025-02-22 16:00:00,1.0944864216248429,1.6203325272059996,0.35
2025-02-22 17:00:00,0.6006130425345274,3.418154123609988,0.35
2025-02-22 18:00:00,3.6900035242000375e-16,3.99666250225514,0.35
2025-02-22 19:00:00,0.0,4.144534964981861,0.35
2025-02-22 20:00:00,0.0,3.4968499514356175,0.35
2025-02-22 21:00:00,0.0,2.7968735467975074,0.35
2025-02-22 22:00:00,0.0,1.865273316119746,0.2
2025-02-22 23:00:00,0.0,1.6587770375291155,0.2
2025-02-23 00:00:00,0.0,1.0525019098426607,0.2366085431195024
2025-02-23 01:00:00,0.0,0.8432045572662603,0.1
2025-02-23 02:00:00,0.0,0.9065199054308493,0.1
2025-02-23 03:00:00,0.0,1.2319694687929645,0.1
2025-02-23 04:00:00,0.0,1.377150570935027,0.1
2025-02-23 05:00:00,0.0,1.5763368792391665,0.1
2025-02-23 06:00:00,0.0,1.9736309960326461,0.1
2025-02-23 07:00:00,0.8439335190914605,2.550949877763028,0.2
2025-02-23 08:00:00,1.7600828028632478,2.3516980448077267,0.2
2025-02-23 09:00:00,2.6188219092792915,2.660917990554777,0.2
2025-02-23 10:00:00,2.9383274568354,1.8219790251377337,0.2
2025-02-23 11:00:00,2.1218241349413103,1.2996733736212038,0.2
2025-02-23 12:00:00,2.885608211607094,1.0744729443302905,0.2
2025-02-23 13:00:00,3.1891564339035408,0.7758063975038413,0.2
2025-02-23 14:00:00,2.049505146673301,1.2439634374962645,0.2
2025-02-23 15:00:00,2.077605977163115,1.5324864414544352,0.2
2025-02-23 16:00:00,1.123824478127159,2.110426490159275,0.35
2025-02-23 17:00:00,0.6072825011155558,3.0089074103125366,0.35
2025-02-23 18:00:00,3.721569932113173e-16,3.7683010371848376,0.35
2025-02-23 19:00:00,0.0,3.917994117696419,0.35
2025-02-23 20:00:00,0.0,3.633323338170594,0.35
2025-02-23 21:00:00,0.0,2.8378169525885757,0.35
2025-02-23 22:00:00,0.0,1.995497291896373,0.2
2025-02-23 23:00:00,0.0,1.6056493809041839,0.2
2025-02-24 00:00:00,0.0,1.128735082276792,0.1
2025-02-24 01:00:00,0.0,1.4155060168522176,0.1
2025-02-24 02:00:00,0.0,1.4419647212327402,0.1
2025-02-24 03:00:00,0.0,1.0236617568017687,0.1
2025-02-24 04:00:00,0.0,0.5,0.1
2025-02-24 05:00:00,0.0,1.5180370597673707,0.1
2025-02-24 06:00:00,0.0,1.7141493152244398,0.1
2025-02-24 07:00:00,0.8724729472992674,2.441178067157354,0.2
2025-02-24 08:00:00,1.8689472311165685,2.9203117548756774,0.2
2025-02-24 09:00:00,2.8934848713122716,2.5121573764302116,0.2
2025-02-24 10:00:00,3.2466320304897205,1.9447987389276322,0.2
2025-02-24 11:00:00,3.806296532086568,0.9597897985316877,0.2
2025-02-24 12:00:00,2.929517942846994,0.848149325765329,0.2
2025-02-24 13:00:00,3.833965070371488,1.109690540733156,0.2
2025-02-24 14:00:00,2.0458329103048354,1.257070532208689,0.5659166554691116
2025-02-24 15:00:00,2.9303654767130767,1.5343515076352676,0.2
2025-02-24 16:00:00,1.6923733556485703,1.8165514779606835,0.35
2025-02-24 17:00:00,1.0287075270115733,2.6239388797446113,0.35
2025-02-24 18:00:00,3.889934155831002e-16,3.546163741442929,0.35
2025-02-24 19:00:00,0.0,4.047974550461146,0.35
2025-02-24 20:00:00,0.0,3.944586181608322,0.35
2025-02-24 21:00:00,0.0,2.4101045419837503,0.35
2025-02-24 22:00:00,0.0,1.929811650683376,0.2
2025-02-24 23:00:00,0.0,1.1394701615047973,0.2
2025-02-25 00:00:00,0.0,0.669552796201596,0.1
2025-02-25 01:00:00,0.0,1.1934286580071902,0.1
2025-02-25 02:00:00,0.0,1.1095958401556734,0.1
2025-02-25 03:00:00,0.0,1.097618543468436,0.1
2025-02-25 04:00:00,0.0,1.2413361695171299,0.1
2025-02-25 05:00:00,0.0,1.1747267871886902,0.1
2025-02-25 06:00:00,0.0,1.735697079755145,0.1
2025-02-25 07:00:00,1.0185407925645193,3.0386209748680706,0.2
2025-02-25 08:00:00,1.823653000826285,2.950686599021636,0.2
2025-02-25 09:00:00,2.329463307067979,2.748512408403951,0.2
2025-02-25 10:00:00,2.9618623402842204,1.8236210850992167,0.2
2025-02-25 11:00:00,3.6515138360807624,0.9020252483412499,0.2
2025-02-25 12:00:00,2.7012294853825116,0.6547676741633957,0.2
2025-02-25 13:00:00,4.240131093421921,0.9252619859056918,0.2
2025-02-25 14:00:00,3.760577707563812,1.343701976460025,0.2
2025-02-25 15:00:00,2.5660019507719727,1.563701509975266,0.2
2025-02-25 16:00:00,1.318827356189901,2.15677416659215,0.35
2025-02-25 17:00:00,0.9562398353160241,2.6221827738105965,0.35
2025-02-25 18:00:00,2.8872761999516886e-16,3.9706652062249757,0.35
2025-02-25 19:00:00,0.0,3.807021339966924,0.35
2025-02-25 20:00:00,0.0,3.6900555874878056,0.35
2025-02-25 21:00:00,0.0,2.8175215211563533,0.35
2025-02-25 22:00:00,0.0,1.939182638012132,0.2
2025-02-25 23:00:00,0.0,1.6737242773689593,0.2
2025-02-26 00:00:00,0.0,0.8589792276391018,0.1
2025-02-26 01:00:00,0.0,0.7301162777958413,0.1
2025-02-26 02:00:00,0.0,1.0046700224970895,0.1
2025-02-26 03:00:00,0.0,0.9277664934216783,0.1
2025-02-26 04:00:00,0.0,1.7326075853874605,0.1
2025-02-26 05:00:00,0.0,1.4059720618299123,0.1
2025-02-26 06:00:00,0.0,1.7403564679781258,0.1
2025-02-26 07:00:00,0.9032941311011294,2.3902525376861385,0.2
2025-02-26 08:00:00,1.590211277922276,2.623943127759794,0.2
2025-02-26 09:00:00,2.6969884132386253,2.3964421686456463,0.2
2025-02-26 10:00:00,2.846328453475148,1.84533313125838,0.2
2025-02-26 11:00:00,4.000550851138792,1.5571426846758867,0.2
2025-02-26 12:00:00,4.20198129368203,1.2880313034012332,0.2
2025-02-26 13:00:00,3.035975399723058,1.0868777962229486,0.2
2025-02-26 14:00:00,2.444573360075266,1.0678481929855304,0.2
2025-02-26 15:00:00,2.4892226155945014,1.459805649930496,0.2
2025-02-26 16:00:00,2.113880971328631,1.870231134250428,0.35
2025-02-26 17:00:00,0.692722547102828,3.1632648087506348,0.35
2025-02-26 18:00:00,4.394004968862577e-16,3.6096526719454967,0.35
2025-02-26 19:00:00,0.0,3.9827324283548555,0.35
2025-02-26 20:00:00,0.0,3.2043262227496783,0.35
2025-02-26 21:00:00,0.0,2.7805050098333477,0.35
2025-02-26 22:00:00,0.0,2.1412542296680375,0.2
2025-02-26 23:00:00,0.0,1.1924613343021289,0.2
2025-02-27 00:00:00,0.0,0.8498572647737315,0.1
2025-02-27 01:00:00,0.0,1.15857953248496,0.1
2025-02-27 02:00:00,0.0,0.7053394805521951,0.1
2025-02-27 03:00:00,0.0,1.2192920417873674,0.1
2025-02-27 04:00:00,0.0,0.9507022235363107,0.1
2025-02-27 05:00:00,0.0,1.1929569224436767,0.1
2025-02-27 06:00:00,0.0,1.5974489019967317,0.1
2025-02-27 07:00:00,1.0762027543753214,2.677084103609132,0.2
2025-02-27 08:00:00,1.606244759474576,3.491975206879427,0.2
2025-02-27 09:00:00,2.380824656967592,2.757785433685259,0.2
2025-02-27 10:00:00,2.6164160065281146,1.6494877245184465,0.2
2025-02-27 11:00:00,3.420017215250971,1.4988010714552282,0.2
2025-02-27 12:00:00,2.5861721825121444,1.0003575657367993,0.2
2025-02-27 13:00:00,2.9866099125916072,1.3159558261791846,0.2
2025-02-27 14:00:00,3.7909619051563017,1.2938170065588999,0.2
2025-02-27 15:00:00,1.9773968726721833,0.8174148655537185,0.2
2025-02-27 16:00:00,1.8412197534312094,1.7731428071563378,0.35
2025-02-27 17:00:00,0.7623537471360142,3.0084690541649373,0.35
2025-02-27 18:00:00,4.827447964508217e-16,3.6778221626295164,0.35
2025-02-27 19:00:00,0.0,3.795248810462631,0.35
2025-02-27 20:00:00,0.0,3.5207728046550493,0.35
2025-02-27 21:00:00,0.0,2.4383446551200243,0.35
2025-02-27 22:00:00,0.0,1.95628274456977,0.2
2025-02-27 23:00:00,0.0,1.8481437949129909,0.2
2025-02-28 00:00:00,0.0,1.160988009818759,0.1
2025-02-28 01:00:00,0.0,1.4381207291759117,0.1
2025-02-28 02:00:00,0.0,1.1771503432138017,0.1
2025-02-28 03:00:00,0.0,1.213227708949522,0.1
2025-02-28 04:00:00,0.0,1.4519467391199359,0.1
2025-02-28 05:00:00,0.0,1.3461232184103626,0.1
2025-02-28 06:00:00,0.0,1.7847791187204747,0.1
2025-02-28 07:00:00,0.9871897452654105,2.8080063548479584,0.2
2025-02-28 08:00:00,1.304019313724791,3.2907688572979277,0.2
2025-02-28 09:00:00,1.84507406285629,2.505493057250691,0.2
2025-02-28 10:00:00,2.0063159604124845,1.678030960438548,0.2
2025-02-28 11:00:00,3.7481902536444833,1.299448160843109,0.2
2025-02-28 12:00:00,3.7181753690129358,1.2299932483099818,0.2
2025-02-28 13:00:00,3.183132148115907,1.200677039625985,0.2
2025-02-28 14:00:00,3.5691044523455844,0.8476482060885075,0.2
2025-02-28 15:00:00,2.853323342752549,1.7883643920607295,0.2
2025-02-28 16:00:00,1.7714297115427287,1.8457257478679732,0.35
2025-02-28 17:00:00,1.080596946836533,2.7665790102201435,0.35
2025-02-28 18:00:00,3.3001109523509205e-16,3.466959836202949,0.35
2025-02-28 19:00:00,0.0,4.539665767191619,0.35
2025-02-28 20:00:00,0.0,3.6959048418114056,0.35
2025-02-28 21:00:00,0.0,2.6493969630015877,0.35
2025-02-28 22:00:00,0.0,2.1467421120675385,0.2
2025-02-28 23:00:00,0.0,1.5598330055718446,0.2
2025-03-01 00:00:00,0.0,0.9624559269563172,0.1
2025-03-01 01:00:00,0.0,1.1681586714949037,0.1
2025-03-01 02:00:00,0.0,0.8356125330896328,0.1
2025-03-01 03:00:00,0.0,0.9091481852891332,0.1
2025-03-01 04:00:00,0.0,0.6550876706577187,0.1
2025-03-01 05:00:00,0.0,1.0058803496980047,0.1
2025-03-01 06:00:00,0.0,2.183750744155988,0.1
2025-03-01 07:00:00,0.6677955586738384,2.9297605770680186,0.2
2025-03-01 08:00:00,2.2318377188777783,3.0131585396033436,0.2
2025-03-01 09:00:00,3.122118496254735,2.9340722752311,0.2
2025-03-01 10:00:00,1.9554483479266729,1.7903298795848928,0.2
2025-03-01 11:00:00,4.236013217132523,1.2229948938433512,0.2
2025-03-01 12:00:00,3.682869458893243,1.0749956046167606,0.2
2025-03-01 13:00:00,4.053939341489666,1.0160745108289597,0.2
2025-03-01 14:00:00,2.830685116853743,1.0894424614139913,0.2
2025-03-01 15:00:00,2.4079310843967106,1.6347228000779757,0.2
2025-03-01 16:00:00,1.6726132947639891,2.003985864538584,0.35
2025-03-01 17:00:00,0.9693308996551488,2.9620883624846206,0.35
2025-03-01 18:00:00,3.135872648105183e-16,3.853766813255979,0.35
2025-03-01 19:00:00,0.0,4.077637159135148,0.35
2025-03-01 20:00:00,0.0,3.453436442572164,0.35
2025-03-01 21:00:00,0.0,2.5490188013450927,0.35
2025-03-01 22:00:00,0.0,2.0037135290365105,0.2
2025-03-01 23:00:00,0.0,1.371754588744851,0.2
2025-03-02 00:00:00,0.0,1.0174796174563183,0.1
2025-03-02 01:00:00,0.0,0.9968265210885097,0.1
2025-03-02 02:00:00,0.0,1.5173856572891191,0.1
2025-03-02 03:00:00,0.0,0.7416865891507161,0.1
2025-03-02 04:00:00,0.0,0.6591417476067063,0.1
2025-03-02 05:00:00,0.0,1.3371459332458393,0.1
2025-03-02 06:00:00,0.0,1.7469400721042116,0.1
2025-03-02 07:00:00,1.0747176706441535,2.6646884254695458,0.2
2025-03-02 08:00:00,2.1964881921878106,3.1167774143303513,0.2
2025-03-02 09:00:00,2.6888001773216064,2.8583069248289124,0.2
2025-03-02 10:00:00,2.9290618434480344,1.520899612829766,0.2
2025-03-02 11:00:00,3.5302600822983368,1.1603333747855002,0.2
2025-03-02 12:00:00,4.221945607122807,1.1494457266998022,0.2
2025-03-02 13:00:00,3.427184443407752,1.195151549031118,0.2
2025-03-02 14:00:00,2.015841766167807,1.5711716361837045,0.2
2025-03-02 15:00:00,3.0844742471812845,1.5971839728708386,0.2
2025-03-02 16:00:00,1.90836080589291,1.9626010145700878,0.35
2025-03-02 17:00:00,0.9802315289544221,2.641504859009327,0.35
2025-03-02 18:00:00,3.3632085880279343e-16,3.534632737656709,0.35
2025-03-02 19:00:00,0.0,3.88145943541278,0.35
2025-03-02 20:00:00,0.0,3.778537433456564,0.35
2025-03-02 21:00:00,0.0,2.870991468255067,0.35
2025-03-02 22:00:00,0.0,1.7092274879066134,0.2
2025-03-02 23:00:00,0.0,1.3188255558917514,0.2
2025-03-03 00:00:00,0.0,1.1755108423625782,0.1
2025-03-03 01:00:00,0.0,1.0703697999330388,0.1
2025-03-03 02:00:00,0.0,1.1143998484583597,0.1
2025-03-03 03:00:00,0.0,1.0843161822904364,0.1
2025-03-03 04:00:00,0.0,1.382417148492703,0.1
2025-03-03 05:00:00,0.0,1.3178791793067914,0.1
2025-03-03 06:00:00,0.0,1.7450200234477111,0.1
2025-03-03 07:00:00,1.021961358017074,2.4183238432968435,0.2
2025-03-03 08:00:00,2.1333447270687205,3.0499227015154933,0.2
2025-03-03 09:00:00,2.2551308721192087,2.113345182838116,0.2
2025-03-03 10:00:00,2.61028930977307,1.7854869765400114,0.2
2025-03-03 11:00:00,3.658559979031457,1.230508982372664,0.2
2025-03-03 12:00:00,4.106176905898174,0.7907993042001931,0.2
2025-03-03 13:00:00,3.866305732291444,0.8554056621624735,0.2
2025-03-03 14:00:00,3.536319878435968,1.2944132321556756,0.2
2025-03-03 15:00:00,2.3056301445194616,1.4521855284630576,0.2
2025-03-03 16:00:00,2.0644316819369544,1.9943164004888088,0.35
2025-03-03 17:00:00,0.65852390820356,2.880861516384264,0.35
2025-03-03 18:00:00,4.296075807378164e-16,3.6660162257902975,0.35
2025-03-03 19:00:00,0.0,4.248572512575864,0.35
2025-03-03 20:00:00,0.0,3.6721765440945418,0.35
2025-03-03 21:00:00,0.0,2.52794935637415,0.35
2025-03-03 22:00:00,0.0,2.2999833950499315,0.2
2025-03-03 23:00:00,0.0,1.4800739031756072,0.2
2025-03-04 00:00:00,0.0,0.8821505855132804,0.1
2025-03-04 01:00:00,0.0,0.7493569852792232,0.1
2025-03-04 02:00:00,0.0,1.0798537694474148,0.1
2025-03-04 03:00:00,0.0,0.9842974392841086,0.1
2025-03-04 04:00:00,0.0,1.371960358777413,0.1
2025-03-04 05:00:00,0.0,1.2014891104085517,0.1
2025-03-04 06:00:00,0.0,1.6547484250853572,0.1
2025-03-04 07:00:00,0.9859955929551287,2.7806340951707416,0.2
2025-03-04 08:00:00,1.8491649893707005,3.185057188416917,0.2
2025-03-04 09:00:00,2.363215115966569,2.635216259315172,0.2
2025-03-04 10:00:00,2.728786708483414,1.9576161864415353,0.2
2025-03-04 11:00:00,4.110188117987469,1.2641395302084852,0.2
2025-03-04 12:00:00,3.4690331560000094,1.1104664951254988,0.2
2025-03-04 13:00:00,3.262816500508736,1.2740570064064574,0.2
2025-03-04 14:00:00,2.0284006959910283,1.257545392930328,0.2
2025-03-04 15:00:00,2.1658148551613645,1.3721882909815402,0.2
2025-03-04 16:00:00,1.5759337022478828,2.2444312429325732,0.35
2025-03-04 17:00:00,0.8267728784266949,2.346620935039557,0.35
2025-03-04 18:00:00,4.4191893437385954e-16,4.0579053704848995,0.35
2025-03-04 19:00:00,0.0,3.658808181026054,0.35
2025-03-04 20:00:00,0.0,3.522072142799353,0.35
2025-03-04 21:00:00,0.0,2.811408472098887,0.35
2025-03-04 22:00:00,0.0,1.9446612679294168,0.2
2025-03-04 23:00:00,0.0,1.607288057715149,0.2
2025-03-05 00:00:00,0.0,0.7884340079502471,0.1
2025-03-05 01:00:00,0.0,1.0521906924348396,0.1
2025-03-05 02:00:00,0.0,0.8850285056118549,0.1
2025-03-05 03:00:00,0.0,1.066760036146467,0.1
2025-03-05 04:00:00,0.0,1.044176549611356,0.1
2025-03-05 05:00:00,0.0,1.289257697078513,0.1
2025-03-05 06:00:00,0.0,1.7122396165289815,0.1
2025-03-05 07:00:00,1.1451530925926716,2.4994620615043392,0.2
2025-03-05 08:00:00,1.2172036006282096,3.0574553126790365,0.2
2025-03-05 09:00:00,3.1406330287715156,2.7902290869443416,0.2
2025-03-05 10:00:00,2.6875956173691247,1.7026889100669842,0.2
2025-03-05 11:00:00,2.442726718333525,1.0979234454423508,0.2
2025-03-05 12:00:00,3.41160818849561,1.1863855080580168,0.2
2025-03-05 13:00:00,2.787274056973161,1.0345580512821348,0.2
2025-03-05 14:00:00,2.554868908897635,1.2985813529232177,0.2
2025-03-05 15:00:00,2.1224367128899817,1.2248837359738356,0.2
2025-03-05 16:00:00,2.069902021855511,1.618070948662657,0.35
2025-03-05 17:00:00,0.9146568237415089,2.7129911932325927,0.35
2025-03-05 18:00:00,3.6871710265318597e-16,3.4942201863475097,0.35
2025-03-05 19:00:00,0.0,3.984242319988141,0.35
2025-03-05 20:00:00,0.0,3.520121664899734,0.35
2025-03-05 21:00:00,0.0,2.96779536940519,0.35
2025-03-05 22:00:00,0.0,1.916327349590546,0.2
2025-03-05 23:00:00,0.0,1.4361007494646183,0.2
2025-03-06 00:00:00,0.0,1.0315282433604829,0.1
2025-03-06 01:00:00,0.0,1.0390283474206643,0.1
2025-03-06 02:00:00,0.0,0.995845103164811,0.1
2025-03-06 03:00:00,0.0,1.1098519783610463,0.1
2025-03-06 04:00:00,0.0,0.8979999748057697,0.1
2025-03-06 05:00:00,0.0,1.550554151872694,0.1
2025-03-06 06:00:00,0.0,1.7749171063481437,0.1
2025-03-06 07:00:00,0.750770994728903,2.3391650239438193,0.2
2025-03-06 08:00:00,2.2656936519229607,3.0376154812719056,0.2
2025-03-06 09:00:00,2.421658938869232,2.431249889303636,0.2
2025-03-06 10:00:00,3.6105523678757554,1.9554116838083286,0.2
2025-03-06 11:00:00,3.4567343780535698,1.7135980695654083,0.2
2025-03-06 12:00:00,2.4087022108145444,0.9063790566120793,0.2
2025-03-06 13:00:00,3.6416422703800446,1.1075332965384697,0.2
2025-03-06 14:00:00,3.901258595314846,0.7813806083851018,0.2
2025-03-06 15:00:00,2.6143837160867682,1.4968242245363346,0.2
2025-03-06 16:00:00,2.099785123148504,1.7968159737874052,0.35
2025-03-06 17:00:00,1.1257754718755948,2.694625085910963,0.35
2025-03-06 18:00:00,3.4718782894981124e-16,3.4272334102325472,0.35
2025-03-06 19:00:00,0.0,4.146430245215148,0.35
2025-03-06 20:00:00,0.0,3.8489515792484643,1.3130501489437092
2025-03-06 21:00:00,0.0,2.824269022069602,0.35
2025-03-06 22:00:00,0.0,1.8010720610079054,0.2
2025-03-06 23:00:00,0.0,1.7239104569306105,0.2
2025-03-07 00:00:00,0.0,0.8499193061213628,0.1
2025-03-07 01:00:00,0.0,0.5676308689527392,0.1
2025-03-07 02:00:00,0.0,1.0923487272472194,0.1
2025-03-07 03:00:00,0.0,0.7867769055506804,0.1
2025-03-07 04:00:00,0.0,1.2548527602707662,0.1
2025-03-07 05:00:00,0.0,1.1944430272072335,0.1
2025-03-07 06:00:00,0.0,1.9429672311306898,0.1
2025-03-07 07:00:00,0.6581075851465354,2.8817749208339873,0.2
2025-03-07 08:00:00,1.8844850321112991,2.7582290369494067,0.2
2025-03-07 09:00:00,2.382628925985675,2.488298559614652,0.2
2025-03-07 10:00:00,3.189148062796945,1.807210562375141,0.2
2025-03-07 11:00:00,2.6185820599250977,1.5791872181638016,0.2
2025-03-07 12:00:00,4.031276016678749,0.9320169313355602,0.2
2025-03-07 13:00:00,4.1762223234883,0.9221580907038712,0.2
2025-03-07 14:00:00,2.445696885179342,1.2281098412371891,0.2
2025-03-07 15:00:00,1.7982775294161992,1.290597433505951,0.2
2025-03-07 16:00:00,1.1879302377871332,2.0044639103268667,0.35
2025-03-07 17:00:00,0.986361539778926,2.509284525404234,0.35
2025-03-07 18:00:00,4.568003475343587e-16,4.090356696711832,0.35
2025-03-07 19:00:00,0.0,3.7304581539423203,0.35
2025-03-07 20:00:00,0.0,3.5831401669557703,0.35
2025-03-07 21:00:00,0.0,2.8130957719694814,0.35
2025-03-07 22:00:00,0.0,2.3564950289464086,0.2
2025-03-07 23:00:00,0.0,1.14103669352329,0.2
2025-03-08 00:00:00,0.0,1.3967421587680442,0.1
2025-03-08 01:00:00,0.0,1.1514726931586314,0.1
2025-03-08 02:00:00,0.0,1.084089990140455,0.1
2025-03-08 03:00:00,0.0,0.8108051028753925,0.1
2025-03-08 04:00:00,0.0,1.171359249978546,0.1
2025-03-08 05:00:00,0.0,1.1259732420579573,0.1
2025-03-08 06:00:00,0.0,2.0755568336615333,0.1
2025-03-08 07:00:00,1.2026578414751687,2.407262445702009,0.2
2025-03-08 08:00:00,1.3165872488248114,2.977369110982334,0.2
2025-03-08 09:00:00,1.8218640586373562,2.4904313681904986,0.2
2025-03-08 10:00:00,3.48475297244426,1.6248401844211549,0.2
2025-03-08 11:00:00,3.5577547833767564,1.4199409177385156,0.2
2025-03-08 12:00:00,2.9733289191995036,1.170785224405576,0.2
2025-03-08 13:00:00,2.4330595888197504,1.2828608696738721,0.2
2025-03-08 14:00:00,2.194029836108093,0.7765067044843939,0.2
2025-03-08 15:00:00,3.1255575718174717,1.618877319116274,0.2
2025-03-08 16:00:00,1.3906462808977493,2.475048514818722,0.35
2025-03-08 17:00:00,0.799276030503946,2.7292637917624702,0.35
2025-03-08 18:00:00,3.505520750901925e-16,4.026520430622307,0.35
2025-03-08 19:00:00,0.0,3.947367745592236,0.35
2025-03-08 20:00:00,0.0,3.3730087602415506,0.35
2025-03-08 21:00:00,0.0,2.7584654906565413,0.35
2025-03-08 22:00:00,0.0,2.1835981956101045,0.2
2025-03-08 23:00:00,0.0,1.2383705532435316,0.2
2025-03-09 00:00:00,0.0,0.8799335998709965,0.1
2025-03-09 01:00:00,0.0,1.1187452153968651,0.1
2025-03-09 02:00:00,0.0,1.0012829486035202,0.1
2025-03-09 03:00:00,0.0,1.1246564307763318,0.1
2025-03-09 04:00:00,0.0,1.1046969097225985,0.1
2025-03-09 05:00:00,0.0,1.366595630452232,0.1
2025-03-09 06:00:00,0.0,1.7357643458599423,0.1
2025-03-09 07:00:00,1.0137690742275354,2.6478210399296342,0.2
2025-03-09 08:00:00,2.339296592894611,2.8145262087343643,0.2
2025-03-09 09:00:00,2.756981022129905,2.8591727102938105,0.2
2025-03-09 10:00:00,3.165173246573983,1.695489833543091,0.2
2025-03-09 11:00:00,3.922048238835415,1.4974464518668107,0.2
2025-03-09 12:00:00,3.4376238324751855,1.0169720827270763,0.2
2025-03-09 13:00:00,2.402524012278751,1.081458632045137,0.2
2025-03-09 14:00:00,3.174343769285287,1.0334888159478872,0.2
2025-03-09 15:00:00,3.2476883387929742,1.2028440924144594,0.2
2025-03-09 16:00:00,1.3787312071271802,1.6250066562262828,0.35
2025-03-09 17:00:00,1.026228260288435,2.6085271778793677,0.35
2025-03-09 18:00:00,3.4505605888453367e-16,3.5827089375573284,0.35
2025-03-09 19:00:00,0.0,4.0423758357699775,0.35
2025-03-09 20:00:00,0.0,3.8495665704104645,0.35
2025-03-09 21:00:00,0.0,2.7304404871785306,0.35
2025-03-09 22:00:00,0.0,1.7975652492216143,0.2
2025-03-09 23:00:00,0.0,1.1174628925092955,0.2
2025-03-10 00:00:00,0.0,1.0960140552531148,0.1
2025-03-10 01:00:00,0.0,1.2766762320040956,0.1
2025-03-10 02:00:00,0.0,1.2539369788470633,0.1
2025-03-10 03:00:00,0.0,1.1497183899084311,0.1
2025-03-10 04:00:00,0.0,1.184839665024451,0.1
2025-03-10 05:00:00,0.0,1.6101953224837855,0.1
2025-03-10 06:00:00,0.0,1.8886408753052129,0.1
2025-03-10 07:00:00,1.1764535917397616,2.73070078672839,0.2
2025-03-10 08:00:00,1.8162485138760665,2.935844037503151,0.2
2025-03-10 09:00:00,3.0724096075229923,2.3290773116221812,0.2
2025-03-10 10:00:00,3.1070231086165365,1.6855749968066385,0.2
2025-03-10 11:00:00,3.6992665805745557,1.2698451466500018,0.2
2025-03-10 12:00:00,2.569059348939725,1.07585054942391,0.2
2025-03-10 13:00:00,3.9993042895090194,1.4263160008647513,0.2
2025-03-10 14:00:00,2.303700632043451,1.148737159644241,0.2
2025-03-10 15:00:00,3.0457797632120953,1.6418118674531939,0.2
2025-03-10 16:00:00,2.1017506281665654,1.88694328543208,0.35
2025-03-10 17:00:00,1.0432059300890686,2.7572568324448126,0.35
2025-03-10 18:00:00,2.9931912746862203e-16,3.3816891807558234,0.35
2025-03-10 19:00:00,0.0,3.8515343974288867,0.35
2025-03-10 20:00:00,0.0,3.7528869860265623,0.35
2025-03-10 21:00:00,0.0,2.821104015216727,0.35
2025-03-10 22:00:00,0.0,2.162545126054496,0.2
2025-03-10 23:00:00,0.0,1.442256639378848,0.2
2025-03-11 00:00:00,0.0,0.9295105853447456,0.1
2025-03-11 01:00:00,0.0,1.4296967016956188,0.1
2025-03-11 02:00:00,0.0,0.9818902115131962,0.1
2025-03-11 03:00:00,0.0,1.2403320342200446,0.1
2025-03-11 04:00:00,0.0,0.9768891602619957,0.1
2025-03-11 05:00:00,0.0,1.4125904624186307,0.1
2025-03-11 06:00:00,0.0,2.007827714852188,0.1
2025-03-11 07:00:00,0.9188319445344006,2.643173245638672,0.2
2025-03-11 08:00:00,2.3622313897546094,2.5291042253342306,0.2
2025-03-11 09:00:00,3.1047008807664285,2.605136477964355,0.2
2025-03-11 10:00:00,2.4820453583408115,2.0684367864585487,0.2
2025-03-11 11:00:00,4.422457340274807,1.377173120962479,0.2
2025-03-11 12:00:00,2.6474965619494246,1.1528612499694986,0.2
2025-03-11 13:00:00,4.1632724161598285,0.6966074431021689,0.2
2025-03-11 14:00:00,2.8355315046746155,0.9883907119910156,0.2
2025-03-11 15:00:00,3.1492221720094653,1.488314704878353,0.2
2025-03-11 16:00:00,2.2150763736501564,2.056035389104722,0.35
2025-03-11 17:00:00,1.108471893952356,3.06252536562444,0.35
2025-03-11 18:00:00,5.198761762958757e-16,3.618517357171294,0.35
2025-03-11 19:00:00,0.0,4.081164817338964,0.35
2025-03-11 20:00:00,0.0,3.6507655561400707,0.35
2025-03-11 21:00:00,0.0,2.622203431837589,0.35
2025-03-11 22:00:00,0.0,1.5227991358560997,0.2
2025-03-11 23:00:00,0.0,1.4922077881358533,0.2
2025-03-12 00:00:00,0.0,1.0347907733548563,0.1
2025-03-12 01:00:00,0.0,0.8764023205181931,0.1
2025-03-12 02:00:00,0.0,0.6768363139526328,0.1
2025-03-12 03:00:00,0.0,1.1336797431607313,0.1
2025-03-12 04:00:00,0.0,1.0039469867318207,0.1
2025-03-12 05:00:00,0.0,1.3820455110155465,0.1
2025-03-12 06:00:00,0.0,2.1950342891042025,0.1
2025-03-12 07:00:00,0.9176570866880136,2.1731886754596146,0.2
2025-03-12 08:00:00,1.9148690484963875,2.8600806481330783,0.2
2025-03-12 09:00:00,2.97534992232087,2.55961086313075,0.2
2025-03-12 10:00:00,2.4258502553399484,2.1133100117358836,0.2
2025-03-12 11:00:00,3.460449355956024,0.9443963505156359,0.2
2025-03-12 12:00:00,3.334788037689074,1.4508656800597701,0.2
2025-03-12 13:00:00,2.640129578992999,1.0682300102069309,0.2
2025-03-12 14:00:00,2.8237356608183304,1.1132815937792557,0.2
2025-03-12 15:00:00,1.800866244129684,1.366431226004284,0.2
2025-03-12 16:00:00,1.2229054490925764,1.8867061273113375,0.35
2025-03-12 17:00:00,0.7005043815792146,3.0292153614516906,0.35
2025-03-12 18:00:00,5.732073597689283e-16,3.433786557384025,0.35
2025-03-12 19:00:00,0.0,4.069082836332972,0.35
2025-03-12 20:00:00,0.0,3.570654374612417,0.35
2025-03-12 21:00:00,0.0,2.667165289435081,0.35
2025-03-12 22:00:00,0.0,2.4911524372118286,0.2
2025-03-12 23:00:00,0.0,1.48981599666053,0.2
2025-03-13 00:00:00,0.0,1.1226544406045227,0.1
2025-03-13 01:00:00,0.0,1.2275926850719594,0.1
2025-03-13 02:00:00,0.0,0.7164009361920962,0.1
2025-03-13 03:00:00,0.0,1.35819022210339,0.1
2025-03-13 04:00:00,0.0,0.555339565871916,0.1
2025-03-13 05:00:00,0.0,1.1169172845342132,0.1
2025-03-13 06:00:00,0.0,1.7304182483860706,0.1
2025-03-13 07:00:00,0.6584611412027929,2.717819524517657,0.2
2025-03-13 08:00:00,2.1342791960998198,3.0437444631018487,0.2
2025-03-13 09:00:00,2.4743090048382954,2.568123037653454,0.2
2025-03-13 10:00:00,2.1966404574623417,1.8199453079810088,0.2
2025-03-13 11:00:00,4.618841121329505,1.0760723496524192,0.2
2025-03-13 12:00:00,2.5355432900567703,0.7642469960268146,0.2
2025-03-13 13:00:00,3.9246230936725888,1.1863611543608847,0.2
2025-03-13 14:00:00,4.1179157710338465,1.2712229486332645,0.2
2025-03-13 15:00:00,2.100365529803706,1.7229420536794768,0.2
2025-03-13 16:00:00,1.369009239316296,1.8159553143843017,0.35
2025-03-13 17:00:00,0.6957070394888125,2.958155051658044,0.35
2025-03-13 18:00:00,3.8258013275886335e-16,3.5907493625275664,0.35
2025-03-13 19:00:00,0.0,4.238094997042897,0.35
2025-03-13 20:00:00,0.0,3.8518832630894404,0.35
2025-03-13 21:00:00,0.0,2.861833858982792,0.35
2025-03-13 22:00:00,0.0,1.9060513707418518,0.2
2025-03-13 23:00:00,0.0,1.5981922854314903,0.2
2025-03-14 00:00:00,0.0,1.129382236323607,0.1
2025-03-14 01:00:00,0.0,0.8631492485209905,0.1
2025-03-14 02:00:00,0.0,0.7351111905599195,0.1
2025-03-14 03:00:00,0.0,0.9500252601426245,0.1
2025-03-14 04:00:00,0.0,1.360213764640573,0.1
2025-03-14 05:00:00,0.0,1.499967998288525,0.1
2025-03-14 06:00:00,0.0,1.5997590890877345,0.1
2025-03-14 07:00:00,1.1767005450118482,2.3679233683435714,0.2
2025-03-14 08:00:00,1.7468773942166884,3.254937579809448,0.2
2025-03-14 09:00:00,2.035657080898771,2.3743588048415667,0.2
2025-03-14 10:00:00,2.854494745211877,1.9242038416349554,0.2
2025-03-14 11:00:00,3.2917129904247497,1.1484627112896681,0.2
2025-03-14 12:00:00,4.404081170863008,1.3871024598279857,0.2
2025-03-14 13:00:00,4.035387111172736,0.886973870066097,0.2
2025-03-14 14:00:00,3.6925147090659327,1.361154032167193,0.2
2025-03-14 15:00:00,1.7228144724205583,1.443014909460138,0.2
2025-03-14 16:00:00,1.7063550839506054,2.0243977045942008,0.35
2025-03-14 17:00:00,0.9239343665715417,2.4255302933275793,0.35
2025-03-14 18:00:00,3.0078480949420635e-16,3.2069080375593693,0.35
2025-03-14 19:00:00,0.0,3.955886811950738,0.35
2025-03-14 20:00:00,0.0,3.6968719204371343,0.35
2025-03-14 21:00:00,0.0,2.594552413590356,0.35
2025-03-14 22:00:00,0.0,1.7562187199797807,0.2
2025-03-14 23:00:00,0.0,1.5183003756750646,0.2
2025-03-15 00:00:00,0.0,1.11257222776372,0.1
2025-03-15 01:00:00,0.0,0.9724891168606415,0.1
2025-03-15 02:00:00,0.0,1.1567112694930208,0.1
2025-03-15 03:00:00,0.0,0.7728913811349544,0.1
2025-03-15 04:00:00,0.0,0.985944018153537,0.1
2025-03-15 05:00:00,0.0,1.600246087698652,0.1
2025-03-15 06:00:00,0.0,1.835889009009814,0.1
2025-03-15 07:00:00,0.9706233859260477,2.6267373544409556,0.2
2025-03-15 08:00:00,1.7617408787291229,3.461190127067099,0.2
2025-03-15 09:00:00,3.159547869067167,2.3216175526233784,0.2
2025-03-15 10:00:00,2.303883760357807,1.9816308502349758,0.2
2025-03-15 11:00:00,3.4826674951100762,1.6044742103185528,0.2
2025-03-15 12:00:00,2.786192684627131,0.99872188962394,0.2
2025-03-15 13:00:00,3.0999047650080596,1.2129849872646419,0.2
2025-03-15 14:00:00,3.6451436591205826,0.9360778266838464,0.2
2025-03-15 15:00:00,2.5285504520764146,1.268696699534595,0.2
2025-03-15 16:00:00,1.6666641997959981,2.0509520169568702,0.35
2025-03-15 17:00:00,0.8743841791341647,2.9793053442199775,0.35
2025-03-15 18:00:00,4.330061258890969e-16,3.871678010681762,0.35
2025-03-15 19:00:00,0.0,4.3139257173921,0.35
2025-03-15 20:00:00,0.0,3.6340013960427755,0.35
2025-03-15 21:00:00,0.0,3.058314330172418,0.35
2025-03-15 22:00:00,0.0,1.9054964333852193,0.2
2025-03-15 23:00:00,0.0,1.5864241120274916,0.2
2025-03-16 00:00:00,0.0,1.0414990912427304,0.1
2025-03-16 01:00:00,0.0,1.0891729103546117,0.1
2025-03-16 02:00:00,0.0,1.0853725000602132,0.1
2025-03-16 03:00:00,0.0,0.6867908383194212,0.1
2025-03-16 04:00:00,0.0,0.8323066297987766,0.1
2025-03-16 05:00:00,0.0,1.291178854505422,0.1
2025-03-16 06:00:00,0.0,1.484768767093617,0.1
2025-03-16 07:00:00,1.0320273337537151,2.767717072163507,0.2
2025-03-16 08:00:00,2.020700143023498,3.1743120031311793,0.2
2025-03-16 09:00:00,3.263728628544971,2.666920096368691,0.2
2025-03-16 10:00:00,3.4521090863459976,1.5981179743549694,0.2
2025-03-16 11:00:00,3.7968398476056957,1.5477047421306358,0.2
2025-03-16 12:00:00,2.59785920540946,1.4711356028673208,0.2
2025-03-16 13:00:00,3.5721123453185846,1.0704741953828676,0.2
2025-03-16 14:00:00,2.4259683562393795,1.2345888018162747,0.2
2025-03-16 15:00:00,2.9921688818463696,1.446390909607274,0.2
2025-03-16 16:00:00,1.8415282061149614,2.080032571547103,0.35
2025-03-16 17:00:00,1.0591494202997134,2.79568025827258,0.35
2025-03-16 18:00:00,3.1069556886650683e-16,3.640577860231752,0.35
2025-03-16 19:00:00,0.0,4.181143520103674,0.35
2025-03-16 20:00:00,0.0,4.1166155401331,0.35
2025-03-16 21:00:00,0.0,2.539577732257553,0.35
2025-03-16 22:00:00,0.0,1.953194905194456,0.2
2025-03-16 23:00:00,0.0,1.1699137526634216,0.2
2025-03-17 00:00:00,0.0,1.3184063113875106,0.1
2025-03-17 01:00:00,0.0,0.8824897350742472,0.1
2025-03-17 02:00:00,0.0,0.7120307664986469,0.1
2025-03-17 03:00:00,0.0,1.1353692400486983,0.1
2025-03-17 04:00:00,0.0,1.4059932245195534,0.1
2025-03-17 05:00:00,0.0,1.4033901402540698,0.1
2025-03-17 06:00:00,0.0,1.863184158478234,0.1
2025-03-17 07:00:00,0.7510490433666527,2.6833030360787546,0.2
2025-03-17 08:00:00,1.437343579816764,3.2829689424386617,0.2
2025-03-17 09:00:00,1.9016292737666167,2.426646131790303,0.2
2025-03-17 10:00:00,3.520464416430146,1.799975356089291,0.2
2025-03-17 11:00:00,4.172690241105322,1.1811389246550261,0.2
2025-03-17 12:00:00,3.0973373725977345,0.8301204134653073,0.2
2025-03-17 13:00:00,2.41450526117025,0.9753837780103123,0.2
2025-03-17 14:00:00,2.294609773635106,1.3540259453225172,0.2
2025-03-17 15:00:00,3.4069146667807138,1.5193636083266102,0.2
2025-03-17 16:00:00,1.585882317667211,2.102820833768983,0.35
2025-03-17 17:00:00,1.1211426946835805,2.848887131928523,0.35
2025-03-17 18:00:00,4.871428602448951e-16,3.7521554647462305,0.35
2025-03-17 19:00:00,0.0,3.83988193153458,0.35
2025-03-17 20:00:00,0.0,3.5855887305683662,0.35
2025-03-17 21:00:00,0.0,2.857992826531636,0.35
2025-03-17 22:00:00,0.0,2.029460573851427,0.2
2025-03-17 23:00:00,0.0,1.4700434206942126,0.2
2025-03-18 00:00:00,0.0,0.9723342752690184,0.1
2025-03-18 01:00:00,0.0,0.9245526487121609,0.1
2025-03-18 02:00:00,0.0,1.6322251818646654,0.1
2025-03-18 03:00:00,0.0,1.1890892948654634,0.1
2025-03-18 04:00:00,0.0,1.1397604967614556,0.1
2025-03-18 05:00:00,0.0,1.2240288669006385,0.1
2025-03-18 06:00:00,0.0,1.7319808176330753,0.1
2025-03-18 07:00:00,1.0204426211733342,2.5753147327781645,0.2
2025-03-18 08:00:00,1.9473967736253597,3.0585665785908875,0.2
2025-03-18 09:00:00,3.0423316861005434,2.2253988769805164,0.2
2025-03-18 10:00:00,3.8618517155319467,1.508466857831617,0.2
2025-03-18 11:00:00,3.93814369500815,1.1443004765691414,0.2
2025-03-18 12:00:00,2.7765654206479566,1.105121362279363,0.2
2025-03-18 13:00:00,3.181622580358382,0.9932042004633024,0.2
2025-03-18 14:00:00,4.109778826774317,1.4281059713459243,0.2
2025-03-18 15:00:00,2.131310589881483,1.1095638212489114,0.2
2025-03-18 16:00:00,1.6886472278674358,1.823689639826669,0.35
2025-03-18 17:00:00,0.9122723537169112,3.1236103577960797,0.35
2025-03-18 18:00:00,4.3386618647742863e-16,3.673714573135542,0.35
2025-03-18 19:00:00,0.0,4.176968516564433,0.35
2025-03-18 20:00:00,0.0,4.057740096407705,0.35
2025-03-18 21:00:00,0.0,2.680831095557536,0.35
2025-03-18 22:00:00,0.0,1.9540945345166427,0.2
2025-03-18 23:00:00,0.0,1.3515204695236638,0.2
2025-03-19 00:00:00,0.0,0.6090827307756388,0.1
2025-03-19 01:00:00,0.0,0.9379579681870331,0.1
2025-03-19 02:00:00,0.0,1.1768833627319388,0.1
2025-03-19 03:00:00,0.0,1.1158497486414318,0.1
2025-03-19 04:00:00,0.0,1.1809476354485333,0.1
2025-03-19 05:00:00,0.0,1.1955687704140174,0.1
2025-03-19 06:00:00,0.0,1.6910051358207223,0.1
2025-03-19 07:00:00,0.8018924307044406,2.85532598590328,0.2
2025-03-19 08:00:00,2.171148146562995,2.900537380602017,0.2
2025-03-19 09:00:00,2.5552315766371265,2.6603023935517753,0.2
2025-03-19 10:00:00,3.9468613823668015,1.8550117130420614,0.2
2025-03-19 11:00:00,4.130881882284719,1.5640203576083564,0.2
2025-03-19 12:00:00,4.395257478195587,1.2579759464581213,0.2
2025-03-19 13:00:00,3.95802477838209,0.7820071057602485,0.2
2025-03-19 14:00:00,2.522883708793561,0.8949710927710194,0.2
2025-03-19 15:00:00,2.703043346166224,1.521825142261892,0.2
2025-03-19 16:00:00,2.4552188502906365,1.9610912042715098,0.35
2025-03-19 17:00:00,1.240637226247447,2.7285576528071065,0.35
2025-03-19 18:00:00,3.1608177343822223e-16,3.850616284999407,0.35
2025-03-19 19:00:00,0.0,4.037491876421983,0.35
2025-03-19 20:00:00,0.0,3.6579821851317007,0.35
2025-03-19 21:00:00,0.0,2.9755577072889103,0.35
2025-03-19 22:00:00,0.0,1.8989356030863362,0.2
2025-03-19 23:00:00,0.0,1.719709646804349,0.2
2025-03-20 00:00:00,0.0,0.8423918070256924,0.1
2025-03-20 01:00:00,0.0,1.1314231422066445,0.1
2025-03-20 02:00:00,0.0,1.2874374929877748,0.1
2025-03-20 03:00:00,0.0,0.7322727424245636,0.1
2025-03-20 04:00:00,0.0,0.9884639664004413,0.1
2025-03-20 05:00:00,0.0,1.499112045119029,0.1
2025-03-20 06:00:00,0.0,2.0536734925680555,0.1
2025-03-20 07:00:00,1.0074144451611846,2.567175731445908,0.2
2025-03-20 08:00:00,2.1002048584836595,2.853066591138179,0.2
2025-03-20 09:00:00,3.294497226376944,2.792673150259285,0.2
2025-03-20 10:00:00,3.5243803049335933,2.0590545974228744,0.2
2025-03-20 11:00:00,4.230820544605577,1.038744284654454,0.2
2025-03-20 12:00:00,2.8852025427223666,0.8229107451303732,0.2
2025-03-20 13:00:00,3.5111644823099746,1.0861101662903927,0.2
2025-03-20 14:00:00,2.1739823249780756,1.2583538528118057,0.2
2025-03-20 15:00:00,2.192457064703104,1.3462293616020542,0.2
2025-03-20 16:00:00,2.1469328187443857,2.109817497743813,0.35
2025-03-20 17:00:00,1.2821405233670147,2.677564688230383,0.35
2025-03-20 18:00:00,3.347884115546916e-16,3.2245519883857656,0.35
2025-03-20 19:00:00,0.0,3.915219785537682,0.35
2025-03-20 20:00:00,0.0,3.660137137056432,0.35
2025-03-20 21:00:00,0.0,2.7644239871586094,0.35
2025-03-20 22:00:00,0.0,1.742236749343152,0.2
2025-03-20 23:00:00,0.0,1.0428760545340745,0.2
2025-03-21 00:00:00,0.0,0.8971835707987144,0.1
2025-03-21 01:00:00,0.0,1.1795684832681756,0.1
2025-03-21 02:00:00,0.0,1.2519104131385421,0.1
2025-03-21 03:00:00,0.0,1.2452745171066746,0.1
2025-03-21 04:00:00,0.0,0.8939490945412206,0.1
2025-03-21 05:00:00,0.0,1.0399293018158446,0.1
2025-03-21 06:00:00,0.0,1.9215515060178296,0.1
2025-03-21 07:00:00,0.6698957406735739,2.7284948538431406,0.2
2025-03-21 08:00:00,2.18216722841404,3.0800347309136504,0.2
2025-03-21 09:00:00,2.1257053958445935,2.19867333094558,0.2
2025-03-21 10:00:00,4.2393534406499676,1.6489678599298605,0.2
2025-03-21 11:00:00,3.303323251289887,1.265739196299737,0.2
2025-03-21 12:00:00,3.317329040845198,1.1611371138497346,0.2
2025-03-21 13:00:00,2.7743515983275087,1.19452030241417,0.2
2025-03-21 14:00:00,2.8267160447564463,1.1613324305824355,0.2
2025-03-21 15:00:00,3.317481199019053,1.4721999399557124,0.2
2025-03-21 16:00:00,2.4954179220340587,1.990931825419564,0.35
2025-03-21 17:00:00,0.8853614152261532,2.956715884441556,0.35
2025-03-21 18:00:00,4.435090931023271e-16,3.710063838498695,0.35
2025-03-21 19:00:00,0.0,4.013147532013659,0.35
2025-03-21 20:00:00,0.0,3.5938169479263355,0.35
2025-03-21 21:00:00,0.0,2.8358502641463965,0.35
2025-03-21 22:00:00,0.0,2.070875677842904,0.2
2025-03-21 23:00:00,0.0,1.4595009274894502,0.2
2025-03-22 00:00:00,0.0,1.0761666153413447,0.1
2025-03-22 01:00:00,0.0,1.268581701208464,0.1
2025-03-22 02:00:00,0.0,1.0537037098051232,0.1
2025-03-22 03:00:00,0.0,0.8779321361843522,0.1
2025-03-22 04:00:00,0.0,1.2338523587697652,0.1
2025-03-22 05:00:00,0.0,0.9974308990081338,0.1
2025-03-22 06:00:00,0.0,1.6059419068739933,0.1
2025-03-22 07:00:00,0.963208434018938,2.6686443044675694,0.2
2025-03-22 08:00:00,2.0635081327069935,3.1032801434308666,0.2
2025-03-22 09:00:00,1.8921337876642548,2.352475741092334,0.2
2025-03-22 10:00:00,3.438430098840382,1.7457812807092037,0.2
2025-03-22 11:00:00,3.790167625708168,1.1504601879130012,0.2
2025-03-22 12:00:00,3.9217983845729654,0.9663582103473299,0.2
2025-03-22 13:00:00,3.892121055192735,1.2297783851482618,0.2
2025-03-22 14:00:00,3.6484031424671683,1.2737828188354778,0.2
2025-03-22 15:00:00,3.2072772166548895,1.4022187426773236,0.2
2025-03-22 16:00:00,1.5954726037763773,1.8647663483243577,0.35
2025-03-22 17:00:00,1.1869920080183884,2.5496620755538313,0.35
2025-03-22 18:00:00,4.610772802647653e-16,3.9315276959569028,0.35
2025-03-22 19:00:00,0.0,4.118422780061184,0.35
2025-03-22 20:00:00,0.0,3.5061568869391837,0.35
2025-03-22 21:00:00,0.0,2.963511878662879,0.35
2025-03-22 22:00:00,0.0,1.9599126779601241,0.2
2025-03-22 23:00:00,0.0,1.3485839487373694,0.2
2025-03-23 00:00:00,0.0,1.0870436373302144,0.1
2025-03-23 01:00:00,0.0,0.851737678955682,0.1
2025-03-23 02:00:00,0.0,0.9319196213537837,0.1
2025-03-23 03:00:00,0.0,1.032024053118893,0.1
2025-03-23 04:00:00,0.0,0.9572407629938885,0.1
2025-03-23 05:00:00,0.0,1.404487608595422,0.1
2025-03-23 06:00:00,0.0,2.1960378837575028,0.1
2025-03-23 07:00:00,0.7979498453199836,2.450615225002127,0.2
2025-03-23 08:00:00,2.0184116764638897,2.666975750612742,0.2
2025-03-23 09:00:00,3.0999321060542235,2.2011379522978802,0.2
2025-03-23 10:00:00,4.371227315794249,1.7922511486075572,0.2
2025-03-23 11:00:00,4.716315392922986,1.1390440363316963,0.2
2025-03-23 12:00:00,4.148817804860558,1.1052655751370652,0.2
2025-03-23 13:00:00,3.467491513419902,1.067578364298893,0.2
2025-03-23 14:00:00,3.579008730624384,0.8118383568032081,0.2
2025-03-23 15:00:00,3.1892126621247994,1.043066412751784,0.2
2025-03-23 16:00:00,1.4123558389145936,2.033145381816562,0.35
2025-03-23 17:00:00,0.9216961919389122,2.846677776541851,0.35
2025-03-23 18:00:00,5.690936656297187e-16,3.5623271085272026,0.35
2025-03-23 19:00:00,0.0,3.66857128297774,0.35
2025-03-23 20:00:00,0.0,3.74176896030681,0.35
2025-03-23 21:00:00,0.0,3.0739718882226894,0.35
2025-03-23 22:00:00,0.0,2.0295538901188337,0.2
2025-03-23 23:00:00,0.0,1.236511071596825,0.2
2025-03-24 00:00:00,0.0,1.0089117647865242,0.1
2025-03-24 01:00:00,0.0,0.72681451275149,0.1
2025-03-24 02:00:00,0.0,1.2122630680235642,0.1
2025-03-24 03:00:00,0.0,1.0241007071848913,0.1
2025-03-24 04:00:00,0.0,0.7034996192202848,0.1
2025-03-24 05:00:00,0.0,1.2105356944531809,0.1
2025-03-24 06:00:00,0.0,1.9148848850686968,0.1
2025-03-24 07:00:00,1.2751577013763544,2.5348653273284514,0.2
2025-03-24 08:00:00,1.5984976284427066,2.944821665585516,0.2
2025-03-24 09:00:00,2.5664375841826303,2.356605544383678,0.2
2025-03-24 10:00:00,4.117368748378194,1.935652974322885,0.2
2025-03-24 11:00:00,4.516808175236008,1.1419831143531054,0.2
2025-03-24 12:00:00,3.0111731649773836,0.6324043995226427,0.2
2025-03-24 13:00:00,4.420460208508738,0.966807355759594,0.2
2025-03-24 14:00:00,3.205957246216256,1.328711669240098,0.2
2025-03-24 15:00:00,2.6621403231740284,1.3286572893280757,0.2
2025-03-24 16:00:00,1.4387911626375542,2.3215557307720474,0.35
2025-03-24 17:00:00,0.7100283809674333,2.905385599307563,0.35
2025-03-24 18:00:00,5.372213230812855e-16,3.715242340656586,0.35
2025-03-24 19:00:00,0.0,3.9743203468206794,0.35
2025-03-24 20:00:00,0.0,3.633833466200954,0.35
2025-03-24 21:00:00,0.0,2.7669072521139997,0.35
2025-03-24 22:00:00,0.0,1.913503523658544,0.2
2025-03-24 23:00:00,0.0,1.5121792821232678,0.2
2025-03-25 00:00:00,0.0,0.8128350857141808,0.1
2025-03-25 01:00:00,0.0,0.784858563193375,0.1
2025-03-25 02:00:00,0.0,0.7760319150807302,0.1
2025-03-25 03:00:00,0.0,1.4168627498144146,0.21701154379002185
2025-03-25 04:00:00,0.0,1.1631995819050471,0.1
2025-03-25 05:00:00,0.0,1.3315690068779462,0.1
2025-03-25 06:00:00,0.0,1.6107216489631644,0.1
2025-03-25 07:00:00,0.8467603786067026,2.7261433116585216,0.2
2025-03-25 08:00:00,1.6096852595266236,2.976686540582885,0.2
2025-03-25 09:00:00,2.2498676706234146,2.6443197740194826,0.2
2025-03-25 10:00:00,4.212349865240312,1.6270207137338426,0.2
2025-03-25 11:00:00,3.0797041583379983,1.3037307258404482,0.2
2025-03-25 12:00:00,3.2455092362677247,0.9789267672823526,0.2
2025-03-25 13:00:00,4.3363151723352376,0.8879365984876352,0.2
2025-03-25 14:00:00,3.2035655113342045,1.279302993287477,0.2
2025-03-25 15:00:00,3.2056388168937726,1.0985016169420647,0.2
2025-03-25 16:00:00,1.3591951133580407,2.086913986610173,0.35
2025-03-25 17:00:00,0.9823966970347913,2.956489236308459,0.35
2025-03-25 18:00:00,3.2298471493451573e-16,3.4715619730902647,0.35
2025-03-25 19:00:00,0.0,3.8359343077777077,0.35
2025-03-25 20:00:00,0.0,3.6028855715005315,0.35
2025-03-25 21:00:00,0.0,2.8759992212303445,0.35
2025-03-25 22:00:00,0.0,1.9433864037122042,0.2
2025-03-25 23:00:00,0.0,1.492718341748214,0.2
2025-03-26 00:00:00,0.0,1.3525972621797737,0.1
2025-03-26 01:00:00,0.0,0.8984939751082841,0.1
2025-03-26 02:00:00,0.0,0.6576349311151215,0.1
2025-03-26 03:00:00,0.0,1.1729165568851143,0.1
2025-03-26 04:00:00,0.0,1.393793916756437,0.1
2025-03-26 05:00:00,0.0,1.3492242391521423,0.1
2025-03-26 06:00:00,0.0,1.604674847951117,0.1
2025-03-26 07:00:00,0.6984199711254618,2.5766963788765156,0.2
2025-03-26 08:00:00,1.8192290046392927,2.7762961130312243,0.2
2025-03-26 09:00:00,2.2851155380948542,2.7300570845857224,0.2
2025-03-26 10:00:00,3.8439790420560365,1.552086696366867,0.2
2025-03-26 11:00:00,4.907853746280777,1.2116511969912929,0.2
2025-03-26 12:00:00,3.2223381715547976,0.862825909664868,0.2
2025-03-26 13:00:00,4.097541481176636,1.066423766920665,0.2
2025-03-26 14:00:00,2.6608541748953605,1.0592133906984758,0.2
2025-03-26 15:00:00,2.83850206111155,1.441395599298118,0.2
2025-03-26 16:00:00,1.8771081064541844,1.9784288447406164,0.35
2025-03-26 17:00:00,1.3088881846292577,2.6222602040530374,0.35
2025-03-26 18:00:00,5.051699549526041e-16,3.772866120906317,0.35
2025-03-26 19:00:00,0.0,3.990246869635578,0.35
2025-03-26 20:00:00,0.0,3.4497849061806316,0.35
2025-03-26 21:00:00,0.0,3.267777290379059,0.35
2025-03-26 22:00:00,0.0,2.0692434354184743,0.2
2025-03-26 23:00:00,0.0,1.3753537390299768,0.2
2025-03-27 00:00:00,0.0,1.2830422370126586,0.1
2025-03-27 01:00:00,0.0,1.3684004508155483,0.1
2025-03-27 02:00:00,0.0,0.9716010407930287,0.1
2025-03-27 03:00:00,0.0,1.077211337565936,0.1
2025-03-27 04:00:00,0.0,0.859530437970343,0.1
2025-03-27 05:00:00,0.0,1.241232016388315,0.1
2025-03-27 06:00:00,0.0,1.7824120722698766,0.1
2025-03-27 07:00:00,1.1392304011319294,2.6384402582478867,0.2
2025-03-27 08:00:00,1.9891008005344375,3.066552905600953,0.2
2025-03-27 09:00:00,1.9713848233625104,2.7134516755587446,0.2
2025-03-27 10:00:00,3.2549708193128977,1.8698733081665455,0.2
2025-03-27 11:00:00,3.696160329755818,1.0295284290311,0.2
2025-03-27 12:00:00,3.004581350857067,0.8760000537754323,0.2
2025-03-27 13:00:00,4.843827230499381,0.9317773060009381,0.2
2025-03-27 14:00:00,4.129200577121714,1.0760336077413817,0.2
2025-03-27 15:00:00,3.041701221664684,1.616198036742488,0.2
2025-03-27 16:00:00,1.884406384191638,1.7413709363767607,0.35
2025-03-27 17:00:00,0.941733910289335,2.7481089999637196,0.35
2025-03-27 18:00:00,5.21099128000079e-16,3.838092607843323,0.35
2025-03-27 19:00:00,0.0,3.9400245051048786,0.35
2025-03-27 20:00:00,0.0,3.739573837722377,0.35
2025-03-27 21:00:00,0.0,2.79168357055232,0.35
2025-03-27 22:00:00,0.0,2.0253140535399936,0.2
2025-03-27 23:00:00,0.0,1.36031134094793,0.2
2025-03-28 00:00:00,0.0,1.1334144262179648,0.1
2025-03-28 01:00:00,0.0,0.6910260474569399,0.1
2025-03-28 02:00:00,0.0,0.9280085235780967,0.1
2025-03-28 03:00:00,0.0,1.0670463756178452,0.1
2025-03-28 04:00:00,0.0,1.1638700511721698,0.1
2025-03-28 05:00:00,0.0,1.569261091092683,0.1
2025-03-28 06:00:00,0.0,1.7440196496487355,0.1
2025-03-28 07:00:00,1.0185684926225687,2.89737120389573,0.2
2025-03-28 08:00:00,1.5604152510514522,2.868196044541617,0.2
2025-03-28 09:00:00,3.439277515468923,2.8672152681020613,0.2
2025-03-28 10:00:00,4.216166980593241,1.9858382022462282,0.2
2025-03-28 11:00:00,4.679997555990419,1.0889852384304883,0.2
2025-03-28 12:00:00,3.2086754814030227,1.1251013223740136,0.2
2025-03-28 13:00:00,3.6308536936948363,1.0308116627872344,0.2
2025-03-28 14:00:00,4.452611533247704,1.2575986448610275,0.2
2025-03-28 15:00:00,3.245470789828255,1.3613888609614033,0.2
2025-03-28 16:00:00,1.3302619468406371,1.912509488614997,0.35
2025-03-28 17:00:00,0.7140936767761383,3.0934109261504297,0.35
2025-03-28 18:00:00,4.643628822688215e-16,3.6277465293093782,0.35
2025-03-28 19:00:00,0.0,4.165284464842554,0.35
2025-03-28 20:00:00,0.0,3.6024204107449718,0.35
2025-03-28 21:00:00,0.0,3.152924630983405,0.35
2025-03-28 22:00:00,0.0,1.8382904762079506,0.2
2025-03-28 23:00:00,0.0,1.2831771434604011,0.2
2025-03-29 00:00:00,0.0,1.3049047678954746,0.1
2025-03-29 01:00:00,0.0,0.9110480507591764,0.1
2025-03-29 02:00:00,0.0,1.3208857864886843,0.1
2025-03-29 03:00:00,0.0,1.1860999561979462,0.1
2025-03-29 04:00:00,0.0,1.0262010602587646,0.1
2025-03-29 05:00:00,0.0,0.9080118721384856,0.1
2025-03-29 06:00:00,0.0,1.8183609221674835,0.1
2025-03-29 07:00:00,1.2078377450136406,2.6218008622302404,0.2
2025-03-29 08:00:00,2.0532054874122707,3.2334443565344255,0.2
2025-03-29 09:00:00,3.0085633863782073,2.919175421041155,0.2
2025-03-29 10:00:00,4.0529096762666486,1.6853473410778042,0.2
2025-03-29 11:00:00,3.509840257806297,1.4319133071545693,0.2
2025-03-29 12:00:00,4.984901080825528,1.2167739061263192,0.2
2025-03-29 13:00:00,3.854441436986422,1.2557413703757618,0.2
2025-03-29 14:00:00,2.6102949804631637,1.2322197085531363,0.2
2025-03-29 15:00:00,3.1214210670149525,1.0175436404557112,0.2
2025-03-29 16:00:00,2.3338929566476945,1.9428742472417913,0.35
2025-03-29 17:00:00,0.8870962627332006,2.5884504946144764,0.35
2025-03-29 18:00:00,5.920140540402148e-16,3.606969553616898,0.35
2025-03-29 19:00:00,0.0,4.19600084723098,0.35
2025-03-29 20:00:00,0.0,3.7085208749288063,0.35
2025-03-29 21:00:00,0.0,3.049210152417387,0.35
2025-03-29 22:00:00,0.0,2.042308186217757,0.2
2025-03-29 23:00:00,0.0,1.1463406617760574,0.2
2025-03-30 00:00:00,0.0,0.5,0.1
2025-03-30 01:00:00,0.0,1.029799081274145,0.1
2025-03-30 02:00:00,0.0,0.9578856319855726,0.1
2025-03-30 03:00:00,0.0,0.8123426924026073,0.1
2025-03-30 04:00:00,0.0,0.7170055516406556,0.1
2025-03-30 05:00:00,0.0,1.1237219238473755,0.1
2025-03-30 06:00:00,0.0,1.7833262860488954,0.1
2025-03-30 07:00:00,1.2743980630715765,2.734650416264834,0.2
2025-03-30 08:00:00,2.3588713947393853,3.037727026187147,0.2
2025-03-30 09:00:00,2.7840328011702096,2.9230994352276785,0.2
2025-03-30 10:00:00,4.456112306350557,1.6152239656974747,0.2
2025-03-30 11:00:00,3.5821187494535183,1.4478887327684196,0.2
2025-03-30 12:00:00,5.189900090140009,1.0731532235493948,0.2
2025-03-30 13:00:00,4.214171209139792,1.1799926547173896,0.2
2025-03-30 14:00:00,3.7030045351833722,1.0451787534729187,0.2
2025-03-30 15:00:00,2.1565519968231586,1.6203792534261832,0.2
2025-03-30 16:00:00,2.461308967740566,2.033003685416392,0.35
2025-03-30 17:00:00,0.9664121731367276,2.6837030126143095,0.35
2025-03-30 18:00:00,3.723037300899724e-16,3.645085902417875,0.35
2025-03-30 19:00:00,0.0,3.952088828216781,0.35
2025-03-30 20:00:00,0.0,3.7453263778813706,0.35
2025-03-30 21:00:00,0.0,2.583636629262999,0.35
2025-03-30 22:00:00,0.0,1.9680870616519104,0.2
2025-03-30 23:00:00,0.0,1.4850673002397041,0.2
2025-03-31 00:00:00,0.0,1.0066059931109006,0.1
2025-03-31 01:00:00,0.0,1.2694255778160262,0.1
2025-03-31 02:00:00,0.0,1.1554754800700162,0.1
2025-03-31 03:00:00,0.0,1.0062356809308344,0.1
2025-03-31 04:00:00,0.0,1.1004688210704658,0.1
2025-03-31 05:00:00,0.0,1.3298036768383172,0.1
2025-03-31 06:00:00,0.0,1.9028845038552156,0.1
2025-03-31 07:00:00,0.8941498305345504,2.2363432523906344,0.2
2025-03-31 08:00:00,1.9334602393011657,2.9396955507196814,0.2
2025-03-31 09:00:00,3.3857104793040804,2.3045981721544475,0.2
2025-03-31 10:00:00,3.3217569909342637,2.078000966398451,0.2
2025-03-31 11:00:00,3.447323411250251,1.2595070503563472,0.2
2025-03-31 12:00:00,3.927492379249203,1.0250252849877248,0.2
2025-03-31 13:00:00,4.641754677759123,1.2204182963003198,0.2
2025-03-31 14:00:00,3.0393630124925304,1.2169466856160023,0.2
2025-03-31 15:00:00,2.1815636975069475,1.1803162757722236,0.2
2025-03-31 16:00:00,2.2499886245729375,1.9597776612418694,0.35
2025-03-31 17:00:00,1.2422094334498381,2.7525586149525827,0.35
2025-03-31 18:00:00,3.5428939279712327e-16,3.298584130479302,0.35
2025-03-31 19:00:00,0.0,3.8619447533567604,0.35
2025-03-31 20:00:00,0.0,3.6107826433505186,0.35
2025-03-31 21:00:00,0.0,2.796601792839532,0.35
2025-03-31 22:00:00,0.0,1.6775111173395874,0.2
2025-03-31 23:00:00,0.0,1.636338966319333,0.2
2025-04-01 00:00:00,0.0,0.9795807198940062,0.1
2025-04-01 01:00:00,0.0,1.0075479442703394,0.1
2025-04-01 02:00:00,0.0,1.080799252923773,0.1
2025-04-01 03:00:00,0.0,0.8501165894982494,0.1
2025-04-01 04:00:00,0.0,1.1484021961974704,0.1
2025-04-01 05:00:00,0.0,1.1972556373382808,0.1
2025-04-01 06:00:00,0.0,1.6429074748924122,0.1
2025-04-01 07:00:00,0.7698978024475396,2.7161643501946355,0.2
2025-04-01 08:00:00,2.2135349729527407,3.2983355816339124,0.2
2025-04-01 09:00:00,2.4747500013187653,2.746451860490299,0.2
2025-04-01 10:00:00,3.857170503211422,2.00694028993464,0.2
2025-04-01 11:00:00,2.728841056509803,1.167550833044473,0.2
2025-04-01 12:00:00,3.103061643471549,0.7441695290899579,0.2
2025-04-01 13:00:00,4.734309287649237,1.339086334313641,0.2
2025-04-01 14:00:00,2.8069527662230254,1.5433847040069795,0.2
2025-04-01 15:00:00,3.430838239243055,1.7146045334020017,0.2
2025-04-01 16:00:00,1.6893928339846036,1.9068015459513932,0.35
2025-04-01 17:00:00,1.1230496041969693,2.5886651418520907,0.35
2025-04-01 18:00:00,5.47973075199855e-16,3.4343541686365997,0.35
2025-04-01 19:00:00,0.0,3.6632534864813913,0.35
2025-04-01 20:00:00,0.0,3.626014984071803,0.35
2025-04-01 21:00:00,0.0,3.1407275707543914,0.35
2025-04-01 22:00:00,0.0,1.9456248757006005,0.2
2025-04-01 23:00:00,0.0,1.4664704297794928,0.2
2025-04-02 00:00:00,0.0,1.2751207245331357,0.1
2025-04-02 01:00:00,0.0,0.919218266571747,0.1
2025-04-02 02:00:00,0.0,1.4077772165997247,0.1
2025-04-02 03:00:00,0.0,1.4061507217784743,0.1
2025-04-02 04:00:00,0.0,1.0309087338348346,0.1
2025-04-02 05:00:00,0.0,1.1551637137380748,0.1
2025-04-02 06:00:00,0.0,1.9616721922999132,0.1
2025-04-02 07:00:00,1.309978507460341,2.531969863019784,0.2
2025-04-02 08:00:00,2.216918408100213,2.7686897664600836,0.2
2025-04-02 09:00:00,2.9282293240746964,2.857733716497729,0.2
2025-04-02 10:00:00,2.553367976907519,2.06563425436197,0.2
2025-04-02 11:00:00,3.7093841574629924,1.302779275109645,0.2
2025-04-02 12:00:00,3.8755402176377203,0.8111205241780137,0.2
2025-04-02 13:00:00,4.779624903375941,0.7951535796501955,0.2
2025-04-02 14:00:00,3.5546349865622915,1.153927583809858,0.2
2025-04-02 15:00:00,2.590376901378333,1.3060689717470586,0.2
2025-04-02 16:00:00,2.6230444016580616,1.9057401473190216,0.35
2025-04-02 17:00:00,0.7629110193898668,3.0239846406098603,0.35
2025-04-02 18:00:00,4.623285841422764e-16,3.7941265716850245,0.35
2025-04-02 19:00:00,0.0,4.275628536103723,0.35
2025-04-02 20:00:00,0.0,3.4493660630783602,0.35
2025-04-02 21:00:00,0.0,2.750953665400558,0.35
2025-04-02 22:00:00,0.0,2.1257537411670717,0.2
2025-04-02 23:00:00,0.0,1.4956215179124164,0.8541633901223795
2025-04-03 00:00:00,0.0,1.3064774081898185,0.1
2025-04-03 01:00:00,0.0,1.084144670119041,0.1
2025-04-03 02:00:00,0.0,1.3702927460769163,0.1
2025-04-03 03:00:00,0.0,1.1157354006236118,0.1
2025-04-03 04:00:00,0.0,1.2695644910886632,0.1
2025-04-03 05:00:00,0.0,1.205967577185026,0.1
2025-04-03 06:00:00,0.0,1.8250820253986484,0.1
2025-04-03 07:00:00,0.9004423260732406,2.783663732291451,0.2
2025-04-03 08:00:00,2.438986593038767,3.322596443992162,0.2
2025-04-03 09:00:00,2.416255174909853,2.747333375655283,0.2
2025-04-03 10:00:00,4.324573954122359,1.8057104225196299,0.2
2025-04-03 11:00:00,2.8655446487129335,1.5471439602626011,0.2
2025-04-03 12:00:00,4.54277837100355,0.625297743667673,0.2
2025-04-03 13:00:00,3.9681988942797597,0.756611929592298,0.2
2025-04-03 14:00:00,2.532123715043715,1.2688085708597052,0.2
2025-04-03 15:00:00,2.3415394087359087,1.4088648498986902,0.2
2025-04-03 16:00:00,1.3497578836599629,2.095061463972176,0.35
2025-04-03 17:00:00,1.013634591273,2.832473514084248,0.35
2025-04-03 18:00:00,4.2492148250057034e-16,3.7616798471212873,0.35
2025-04-03 19:00:00,0.0,3.837119435805563,0.35
2025-04-03 20:00:00,0.0,3.76158792496975,0.35
2025-04-03 21:00:00,0.0,3.018474884779417,0.35
2025-04-03 22:00:00,0.0,2.2180675228612956,0.2
2025-04-03 23:00:00,0.0,1.808716708639578,0.2
2025-04-04 00:00:00,0.0,1.0488210203727713,0.1
2025-04-04 01:00:00,0.0,1.0548195463076626,0.1
2025-04-04 02:00:00,0.0,0.6960364324210362,0.1
2025-04-04 03:00:00,0.0,0.9014495600512986,0.1
2025-04-04 04:00:00,0.0,1.0185145867696086,0.1
2025-04-04 05:00:00,0.0,1.4807344769971884,0.1
2025-04-04 06:00:00,0.0,1.7000243582039247,0.1
2025-04-04 07:00:00,0.8594483460727705,2.760742855473322,0.2
2025-04-04 08:00:00,2.4038417089720765,2.999676466480875,0.2
2025-04-04 09:00:00,1.9600196543248307,2.5660523627701806,0.2
2025-04-04 10:00:00,3.672248007866515,1.872123570733205,0.2
2025-04-04 11:00:00,5.16363298525503,1.1934456799063644,0.2
2025-04-04 12:00:00,4.9714183242808305,0.9778860253051161,0.2
2025-04-04 13:00:00,3.9370749930645004,0.7001016487356497,0.2
2025-04-04 14:00:00,2.4677384022082336,1.0828908846604495,0.2
2025-04-04 15:00:00,3.4692483180777693,1.31004954941832,0.2
2025-04-04 16:00:00,2.1418353689705336,1.8707625358775273,0.35
2025-04-04 17:00:00,0.7730693491403434,2.9029666221158674,0.35
2025-04-04 18:00:00,3.588764583654738e-16,3.7792170987586147,0.35
2025-04-04 19:00:00,0.0,4.0464389009326664,0.35
2025-04-04 20:00:00,0.0,3.846573745843707,0.35
2025-04-04 21:00:00,0.0,2.9347043643039736,0.35
2025-04-04 22:00:00,0.0,1.9149461641139207,0.2
2025-04-04 23:00:00,0.0,1.313434592566962,0.2
2025-04-05 00:00:00,0.0,1.0625657790256633,0.1
2025-04-05 01:00:00,0.0,1.114790750918607,0.1
2025-04-05 02:00:00,0.0,1.2802397866621054,0.1
2025-04-05 03:00:00,0.0,1.2459664492670028,0.1
2025-04-05 04:00:00,0.0,0.9488364002694973,0.1
2025-04-05 05:00:00,0.0,1.250269310516465,0.1
2025-04-05 06:00:00,0.0,1.9564281440054045,0.1
2025-04-05 07:00:00,1.0054806519035422,2.81507440713535,0.2
2025-04-05 08:00:00,2.162752830700711,3.187794703614509,0.2
2025-04-05 09:00:00,3.104685755265088,2.5887104192268633,0.2
2025-04-05 10:00:00,3.7101192904919635,1.5715402464208503,0.2
2025-04-05 11:00:00,4.426513791854722,1.0718896791078145,0.2
2025-04-05 12:00:00,3.3305707061644347,1.1182201777875322,0.2
2025-04-05 13:00:00,3.9318491301133793,1.1095039457785418,0.2
2025-04-05 14:00:00,2.5738600526263276,0.9127458514391504,0.2
2025-04-05 15:00:00,2.63498602013744,1.4149571008259194,0.2
2025-04-05 16:00:00,2.0020390937796844,2.1002036051417,0.35
2025-04-05 17:00:00,1.1509647556628833,2.5893466780964305,0.35
2025-04-05 18:00:00,6.429253061025728e-16,3.8684901485613956,0.35
2025-04-05 19:00:00,0.0,3.9244937702922362,0.35
2025-04-05 20:00:00,0.0,3.899013330269142,0.35
2025-04-05 21:00:00,0.0,2.7129014899827206,0.35
2025-04-05 22:00:00,0.0,1.7686323054982134,0.2
2025-04-05 23:00:00,0.0,1.314378451741494,0.2
2025-04-06 00:00:00,0.0,0.98097170705683,0.1
2025-04-06 01:00:00,0.0,0.9223413475839307,0.1
2025-04-06 02:00:00,0.0,0.9574706409411831,0.1
2025-04-06 03:00:00,0.0,1.0745248702142218,0.1
2025-04-06 04:00:00,0.0,1.0228951276116514,0.1
2025-04-06 05:00:00,0.0,1.257448087751516,0.1
2025-04-06 06:00:00,0.0,1.4803793031813315,0.1
2025-04-06 07:00:00,0.931727993262604,2.6798144547256504,0.2
2025-04-06 08:00:00,2.003696255972874,2.982160150335217,0.2
2025-04-06 09:00:00,2.2869323032507145,2.923544581889707,0.2
2025-04-06 10:00:00,3.771972574850147,1.634431743455762,0.2
2025-04-06 11:00:00,3.344930840749827,0.91001788865703,0.2
2025-04-06 12:00:00,3.263670054438157,1.1873071737096577,0.2
2025-04-06 13:00:00,3.9610346225098234,1.1103642335562727,0.2
2025-04-06 14:00:00,2.354598474609191,0.9307951220197982,0.2
2025-04-06 15:00:00,1.9266481346356532,1.100093387647247,0.2
2025-04-06 16:00:00,1.648161901588811,2.281438079884201,0.35
2025-04-06 17:00:00,0.7255376017686098,3.102414087719216,0.35
2025-04-06 18:00:00,3.6691236990361155e-16,3.1499993564592867,0.35
2025-04-06 19:00:00,0.0,3.908355394152901,0.35
2025-04-06 20:00:00,0.0,3.980329118710592,0.35
2025-04-06 21:00:00,0.0,2.724379467582327,0.35
2025-04-06 22:00:00,0.0,1.8758349552697187,0.2
2025-04-06 23:00:00,0.0,1.3494539841839643,0.2
2025-04-07 00:00:00,0.0,0.7758219369186621,0.1
2025-04-07 01:00:00,0.0,0.6590821800926181,0.1
2025-04-07 02:00:00,0.0,1.2111803874027554,0.1
2025-04-07 03:00:00,0.0,0.6391444590294485,0.1
2025-04-07 04:00:00,0.0,1.1065852919926824,0.1
2025-04-07 05:00:00,0.0,1.4479864650934473,0.1
2025-04-07 06:00:00,0.0,1.531979323241619,0.1
2025-04-07 07:00:00,1.3176649744765108,2.4166211710045413,0.2
2025-04-07 08:00:00,2.0285064570940343,3.242636647551869,0.2
2025-04-07 09:00:00,3.2696269154588595,2.7080643298385407,0.2
2025-04-07 10:00:00,4.6879787486681455,1.6988876355307763,0.2
2025-04-07 11:00:00,2.9688057239876593,1.512126755029167,0.2
2025-04-07 12:00:00,3.4626320526124093,1.3050006196145099,0.2
2025-04-07 13:00:00,3.659094341219856,1.094869368496814,0.2
2025-04-07 14:00:00,3.3447631286553423,0.9524496805512948,0.2
2025-04-07 15:00:00,2.7102298299353347,1.323353437953706,0.2
2025-04-07 16:00:00,2.5908808518234427,2.0312360825384213,0.35
2025-04-07 17:00:00,1.2050440921377283,2.781873043768362,0.35
2025-04-07 18:00:00,5.348831459473908e-16,3.835282143847483,0.35
2025-04-07 19:00:00,0.0,3.694045183982334,0.35
2025-04-07 20:00:00,0.0,3.3486380019405644,0.35
2025-04-07 21:00:00,0.0,2.855766201434387,0.35
2025-04-07 22:00:00,0.0,1.8756485193136683,0.2
2025-04-07 23:00:00,0.0,1.2805961267702899,0.2
2025-04-08 00:00:00,0.0,0.6463899878374145,0.1
2025-04-08 01:00:00,0.0,1.0039464978978634,0.1
2025-04-08 02:00:00,0.0,0.9901199036556526,0.1
2025-04-08 03:00:00,0.0,1.1384276366693318,0.1
2025-04-08 04:00:00,0.0,1.0709122281951255,0.1
2025-04-08 05:00:00,0.0,1.244149750893818,0.1
2025-04-08 06:00:00,0.0,2.057624710379918,0.1
2025-04-08 07:00:00,0.9773184674356147,2.3389813908338457,0.2
2025-04-08 08:00:00,1.9868096685818983,3.1072786536430663,0.2
2025-04-08 09:00:00,2.641554745907457,2.2672565528340627,0.2
2025-04-08 10:00:00,2.649111727721391,1.6546724009063922,0.2
2025-04-08 11:00:00,3.739939179674238,1.02914552783227,0.2
2025-04-08 12:00:00,4.778423635717759,1.220081982014033,0.2
2025-04-08 13:00:00,2.8228688567816196,1.0279767831745938,0.2
2025-04-08 14:00:00,2.5525903009443405,1.129781077207432,0.2
2025-04-08 15:00:00,2.6139984928892583,1.184696581102175,0.2
2025-04-08 16:00:00,2.6491846577486986,1.9140200345607654,0.35
2025-04-08 17:00:00,1.1784080371495267,2.666898948936037,0.35
2025-04-08 18:00:00,5.609582184002364e-16,3.724181711171356,0.35
2025-04-08 19:00:00,0.0,3.8017817729378782,0.35
2025-04-08 20:00:00,0.0,3.9134495807948273,0.35
2025-04-08 21:00:00,0.0,2.4844758892130816,0.35
2025-04-08 22:00:00,0.0,1.812653435583737,0.2
2025-04-08 23:00:00,0.0,1.7414459517030574,0.2
2025-04-09 00:00:00,0.0,0.9129735820798871,0.1
2025-04-09 01:00:00,0.0,0.7370615960573446,0.1
2025-04-09 02:00:00,0.0,1.0444852377633393,0.1
2025-04-09 03:00:00,0.0,0.9126533918360752,0.1
2025-04-09 04:00:00,0.0,0.8899569504472701,0.1
2025-04-09 05:00:00,0.0,1.051496404382174,0.1
2025-04-09 06:00:00,0.0,2.3758993041470395,0.1
2025-04-09 07:00:00,0.8102442314427621,2.5511644714867283,0.2
2025-04-09 08:00:00,1.386519753624172,2.6148873378069757,0.2
2025-04-09 09:00:00,2.7561098997157156,2.9002279375942397,0.2
2025-04-09 10:00:00,3.0740825163527883,1.944558957928668,0.2
2025-04-09 11:00:00,3.934270360415722,1.1183836681529753,0.2
2025-04-09 12:00:00,4.32302957236071,0.8770696571864209,0.2
2025-04-09 13:00:00,2.7633582312605802,1.175753389125319,0.2
2025-04-09 14:00:00,2.6657114135043827,1.0830980606281364,0.2
2025-04-09 15:00:00,3.0208764018020653,1.0208476149590449,0.2
2025-04-09 16:00:00,1.8407787868970755,2.331406726668277,0.35
2025-04-09 17:00:00,1.2266940757492346,2.7327939171546682,0.35
2025-04-09 18:00:00,5.546244724916021e-16,3.946605055496998,0.35
2025-04-09 19:00:00,0.0,4.255686991597344,0.35
2025-04-09 20:00:00,0.0,3.447288798857249,0.35
2025-04-09 21:00:00,0.0,3.0262299520105302,0.35
2025-04-09 22:00:00,0.0,1.843668892102313,0.2
2025-04-09 23:00:00,0.0,1.0326657323490496,0.2
2025-04-10 00:00:00,0.0,0.9150816984678655,0.1
2025-04-10 01:00:00,0.0,1.0795648292934827,0.1
2025-04-10 02:00:00,0.0,0.9081235956565381,0.1
2025-04-10 03:00:00,0.0,0.9463221720939634,0.1
2025-04-10 04:00:00,0.0,1.2858442105566539,0.1
2025-04-10 05:00:00,0.0,1.2919693625999358,0.1
2025-04-10 06:00:00,0.0,1.6535649207648602,0.1
2025-04-10 07:00:00,1.019670883295701,2.741880916257021,0.2
2025-04-10 08:00:00,1.8155139301632528,3.0395359232644,0.2
2025-04-10 09:00:00,3.0801699360662407,2.097165025500724,0.2
2025-04-10 10:00:00,3.2692741557428877,1.9080153596608436,0.2
2025-04-10 11:00:00,4.257786373185239,1.3500426959001532,0.2
2025-04-10 12:00:00,4.695720371009264,1.0677177008398213,0.2
2025-04-10 13:00:00,4.490028025697545,1.2193989461075878,0.2
2025-04-10 14:00:00,3.2773341648531713,0.9980030092607269,0.2
2025-04-10 15:00:00,2.2716031855046723,1.4733431364122453,0.2
2025-04-10 16:00:00,1.9692253269298388,1.6605668595138727,0.35
2025-04-10 17:00:00,0.8141733146108837,2.901010086277626,0.35
2025-04-10 18:00:00,6.372701727396421e-16,4.038102647308492,0.35
2025-04-10 19:00:00,0.0,3.801028729510693,0.35
2025-04-10 20:00:00,0.0,3.495530281356257,0.35
2025-04-10 21:00:00,0.0,2.67758889055959,0.35
2025-04-10 22:00:00,0.0,1.9999570472353683,0.2
2025-04-10 23:00:00,0.0,1.1933985951390944,0.2
2025-04-11 00:00:00,0.0,1.08425080741049,0.1
2025-04-11 01:00:00,0.0,1.16940531803206,0.44122905267005824
2025-04-11 02:00:00,0.0,1.1075403679465625,0.1
2025-04-11 03:00:00,0.0,0.6540487551513692,0.1
2025-04-11 04:00:00,0.0,1.2561645346026524,0.1
2025-04-11 05:00:00,0.0,1.4581440493926534,0.1
2025-04-11 06:00:00,0.0,1.9882568574911115,0.1
2025-04-11 07:00:00,0.8716471624530047,2.6760433012547207,0.2
2025-04-11 08:00:00,2.748715276915889,3.0440386727145774,0.2
2025-04-11 09:00:00,2.843055957906771,2.807963865418412,0.2
2025-04-11 10:00:00,4.04305025237464,2.207047474427245,0.2
2025-04-11 11:00:00,3.046454889678813,1.081068861683963,0.2
2025-04-11 12:00:00,4.108037452239016,1.2793185540826038,0.2
2025-04-11 13:00:00,2.744584735259824,1.0238154102921821,0.2
2025-04-11 14:00:00,3.605238157054265,1.1065471157203073,0.2
2025-04-11 15:00:00,3.8403061656459125,1.0987370405716574,0.2
2025-04-11 16:00:00,1.9138437146844949,1.9170008518442643,0.35
2025-04-11 17:00:00,0.7436106929111709,2.6201390180041764,0.35
2025-04-11 18:00:00,3.4912938942888997e-16,3.5547198222993237,0.35
2025-04-11 19:00:00,0.0,3.780362723248571,0.35
2025-04-11 20:00:00,0.0,3.5577090302912104,0.35
2025-04-11 21:00:00,0.0,2.7383699077332198,0.35
2025-04-11 22:00:00,0.0,1.9933083857628093,0.2
2025-04-11 23:00:00,0.0,1.0830558772515717,0.2
2025-04-12 00:00:00,0.0,0.7108977021232292,0.1
2025-04-12 01:00:00,0.0,1.0724201830843323,0.1
2025-04-12 02:00:00,0.0,0.8411833018417859,0.3937238346362024
2025-04-12 03:00:00,0.0,1.2226377983249699,0.1
2025-04-12 04:00:00,0.0,1.1021849459739406,0.1
2025-04-12 05:00:00,0.0,1.3920229965831987,0.1
2025-04-12 06:00:00,0.0,2.1043630471060295,0.1
2025-04-12 07:00:00,1.3130672586232934,2.5395326891622414,0.2
2025-04-12 08:00:00,2.75509333895948,2.885103468790296,0.2
2025-04-12 09:00:00,2.530226002223414,2.7758265029128957,0.2
2025-04-12 10:00:00,4.716936100013168,1.9242474896924908,0.2
2025-04-12 11:00:00,3.7275067070153316,1.2342108923926727,0.2
2025-04-12 12:00:00,3.8479730785786397,1.3419850683148378,0.2
2025-04-12 13:00:00,3.5958021039607755,0.9986099679256866,0.2
2025-04-12 14:00:00,3.7074038188756946,1.1390364536371838,0.2
2025-04-12 15:00:00,2.2665596658233738,1.4102877088149168,0.2
2025-04-12 16:00:00,2.157556332463006,1.787039954767649,0.35
2025-04-12 17:00:00,1.1082027456899441,2.835109087495138,0.35
2025-04-12 18:00:00,5.992586578883785e-16,3.926842743680211,0.35
2025-04-12 19:00:00,0.0,4.088993663079436,0.35
2025-04-12 20:00:00,0.0,3.6537033930335983,0.35
2025-04-12 21:00:00,0.0,2.7872385229047665,0.35
2025-04-12 22:00:00,0.0,2.0401308077563196,0.2
2025-04-12 23:00:00,0.0,1.555959175407675,0.2
2025-04-13 00:00:00,0.0,1.1218490978502447,0.29347678120203113
2025-04-13 01:00:00,0.0,0.9336643565738311,0.1
2025-04-13 02:00:00,0.0,1.0656272440778287,0.1
2025-04-13 03:00:00,0.0,1.1037197885086394,0.1
2025-04-13 04:00:00,0.0,0.8556920040655356,0.1
2025-04-13 05:00:00,0.0,1.3043166747786563,0.1
2025-04-13 06:00:00,0.0,1.3899638057613783,0.1
2025-04-13 07:00:00,0.8223979334258344,2.6979815934877927,0.2
2025-04-13 08:00:00,2.013897748158545,3.1320694207860873,0.2
2025-04-13 09:00:00,3.207415220055795,2.7509952109504248,0.2
2025-04-13 10:00:00,3.596520914702727,1.7433354064726403,0.2
2025-04-13 11:00:00,3.776681204412891,1.3334863213617398,0.2
2025-04-13 12:00:00,5.561336743146535,1.3484842440318827,0.2
2025-04-13 13:00:00,5.065955782234094,1.3238127595519245,0.2
2025-04-13 14:00:00,3.921433262176538,1.1266471862807153,0.2
2025-04-13 15:00:00,3.095276472746234,1.433907104793977,0.2
2025-04-13 16:00:00,2.26021164016081,2.19614096269423,0.35
2025-04-13 17:00:00,0.867239690657077,2.5194316065454245,0.35
2025-04-13 18:00:00,4.765571619748701e-16,3.582875559665108,0.35
2025-04-13 19:00:00,0.0,4.267114091111552,0.35
2025-04-13 20:00:00,0.0,3.842530816090765,0.35
2025-04-13 21:00:00,0.0,2.8934447346678813,0.35
2025-04-13 22:00:00,0.0,1.6727909210089251,0.2
2025-04-13 23:00:00,0.0,1.3960238031016057,0.2
2025-04-14 00:00:00,0.0,0.8820182524223074,0.1
2025-04-14 01:00:00,0.0,1.0662451095016696,0.1
2025-04-14 02:00:00,0.0,0.8388015882968296,0.1
2025-04-14 03:00:00,0.0,0.8025871612840622,0.1
2025-04-14 04:00:00,0.0,0.6441579460342028,0.1
2025-04-14 05:00:00,0.0,1.5150315035372577,0.1
2025-04-14 06:00:00,0.0,1.7422704807332392,0.1
2025-04-14 07:00:00,1.30077073283695,2.6329040082640627,0.2
2025-04-14 08:00:00,1.7867864686909827,2.999553186578715,0.2
2025-04-14 09:00:00,3.7179310004072628,2.3879991992010328,0.2
2025-04-14 10:00:00,4.715930422612539,1.570531794616915,0.2
2025-04-14 11:00:00,3.1082631110680365,1.0706139291574857,0.2
2025-04-14 12:00:00,4.097124028317235,0.9190597871577707,0.2
2025-04-14 13:00:00,5.359898672192401,1.1143800792964338,0.2
2025-04-14 14:00:00,3.59850554607576,0.9733381934219051,0.2
2025-04-14 15:00:00,3.691106425418605,1.7553413049669895,0.2
2025-04-14 16:00:00,2.2251106367423925,2.1793889409259735,0.35
2025-04-14 17:00:00,0.9970896559466277,2.981263919531001,0.35
2025-04-14 18:00:00,4.410723279010202e-16,3.623558927705883,0.35
2025-04-14 19:00:00,0.0,4.302856147148298,0.35
2025-04-14 20:00:00,0.0,3.6038895815295873,0.35
2025-04-14 21:00:00,0.0,2.813339696307051,0.35
2025-04-14 22:00:00,0.0,2.007952310024903,0.2
2025-04-14 23:00:00,0.0,1.5463704578185067,0.2
2025-04-15 00:00:00,0.0,1.1273829474728911,0.1
2025-04-15 01:00:00,0.0,0.9050122732493063,0.1
2025-04-15 02:00:00,0.0,0.894072181370615,0.1
2025-04-15 03:00:00,0.0,1.1357124317094005,0.1
2025-04-15 04:00:00,0.0,1.2001783183491777,0.1
2025-04-15 05:00:00,0.0,1.1920003415773428,0.1
2025-04-15 06:00:00,0.0,1.50478696908616,0.1
2025-04-15 07:00:00,1.4240626648866184,2.5600116323219066,0.2
2025-04-15 08:00:00,1.688404502402092,3.1247059696387227,0.2
2025-04-15 09:00:00,2.2063456735976765,2.962569355077089,0.2
2025-04-15 10:00:00,4.516323105541841,1.5827531844384213,0.2
2025-04-15 11:00:00,3.9102393068737116,1.1863627037908182,0.2
2025-04-15 12:00:00,5.195329828167191,0.985812762618574,0.2
2025-04-15 13:00:00,5.143617187213658,1.312219897779973,0.2
2025-04-15 14:00:00,2.5881878184373632,1.1254934260343008,0.2
2025-04-15 15:00:00,3.7462439449191742,1.224577866773612,0.2
2025-04-15 16:00:00,2.036984860877391,2.085697790331707,0.35
2025-04-15 17:00:00,1.099641449055704,2.73866430558967,0.35
2025-04-15 18:00:00,5.603290933460833e-16,3.402613253528922,0.35
2025-04-15 19:00:00,0.0,3.821445338548971,0.35
2025-04-15 20:00:00,0.0,3.9942990986383355,0.35
2025-04-15 21:00:00,0.0,2.896433823467793,0.35
2025-04-15 22:00:00,0.0,1.9955094131655577,0.2
2025-04-15 23:00:00,0.0,1.3560271025474289,0.2
2025-04-16 00:00:00,0.0,1.0584311000960538,0.1
2025-04-16 01:00:00,0.0,1.0560845181387257,0.1
2025-04-16 02:00:00,0.0,1.059104690897271,0.1
2025-04-16 03:00:00,0.0,1.0307008583345343,0.1
2025-04-16 04:00:00,0.0,1.2308906692320412,0.1
2025-04-16 05:00:00,0.0,1.2752914357420635,0.1
2025-04-16 06:00:00,0.0,1.626636815911323,0.1
2025-04-16 07:00:00,1.4310032126330732,2.478990273343382,0.2
2025-04-16 08:00:00,1.4248083836483443,2.6041970711756086,0.2
2025-04-16 09:00:00,3.990209377009743,3.006849409001611,0.2
2025-04-16 10:00:00,4.101772354070324,1.994895695297091,0.2
2025-04-16 11:00:00,4.988679358945593,1.1056628553310854,0.2
2025-04-16 12:00:00,3.656758248151237,1.0073245050442292,0.2
2025-04-16 13:00:00,2.76739330033342,0.913683535052386,0.2
2025-04-16 14:00:00,4.251106036805783,1.4409911684008507,0.2
2025-04-16 15:00:00,3.663301916650361,1.1220677457938795,0.2
2025-04-16 16:00:00,2.458058510939173,1.996853945511099,0.35
2025-04-16 17:00:00,0.8354870304498764,2.79788644108489,0.35
2025-04-16 18:00:00,6.065308706298889e-16,3.8128584343423357,0.35
2025-04-16 19:00:00,0.0,3.979198154459262,0.35
2025-04-16 20:00:00,0.0,3.2958489324227247,0.35
2025-04-16 21:00:00,0.0,2.7693684122094124,0.35
2025-04-16 22:00:00,0.0,1.7795249584863841,0.2
2025-04-16 23:00:00,0.0,1.4219217590211501,0.2
2025-04-17 00:00:00,0.0,1.2868367389763593,0.1
2025-04-17 01:00:00,0.0,0.6521522800917713,0.1
2025-04-17 02:00:00,0.0,0.840626378175825,0.1
2025-04-17 03:00:00,0.0,0.8971932495222843,0.1
2025-04-17 04:00:00,0.0,0.980804782488289,0.1
2025-04-17 05:00:00,0.0,1.4186956993629662,0.1
2025-04-17 06:00:00,0.0,1.7875156995095731,0.1
2025-04-17 07:00:00,0.8155340765025175,2.6846353966676446,0.2
2025-04-17 08:00:00,2.5642330417218777,2.8748462011271956,0.2
2025-04-17 09:00:00,3.9060424841259955,2.6474708548767203,0.2
2025-04-17 10:00:00,2.633820517045315,1.9779043030820966,0.2
2025-04-17 11:00:00,5.356100260923686,1.125217044409515,0.2
2025-04-17 12:00:00,4.31828912849441,1.2199650988849522,0.2
2025-04-17 13:00:00,3.5602014862430025,1.0515333836391865,0.2
2025-04-17 14:00:00,2.644985406204929,1.341573774222478,0.2
2025-04-17 15:00:00,3.0094666423237815,1.3657591986326705,0.2
2025-04-17 16:00:00,2.544777376082194,2.050207664779763,0.35
2025-04-17 17:00:00,1.2530959281228586,2.8114707632621534,0.35
2025-04-17 18:00:00,3.6477594254657753e-16,3.628248255792397,0.35
2025-04-17 19:00:00,0.0,4.051786085649339,0.35
2025-04-17 20:00:00,0.0,3.754852201598793,0.35
2025-04-17 21:00:00,0.0,2.5696789967530993,0.35
2025-04-17 22:00:00,0.0,2.2606841238386246,0.2
2025-04-17 23:00:00,0.0,1.0340732415998783,0.2
2025-04-18 00:00:00,0.0,0.8630389097245148,0.1
2025-04-18 01:00:00,0.0,0.9811835147852468,0.1
2025-04-18 02:00:00,0.0,1.0831421190729953,0.1
2025-04-18 03:00:00,0.0,1.3229663458272594,0.1
2025-04-18 04:00:00,0.0,0.6854727039259096,0.1
2025-04-18 05:00:00,0.0,1.1691317408639752,0.1
2025-04-18 06:00:00,0.0,1.3968578854619975,0.1
2025-04-18 07:00:00,1.2090789772924477,2.6077992463056052,0.2
2025-04-18 08:00:00,2.8177353559876015,3.054337526773557,0.2
2025-04-18 09:00:00,3.228796276527377,2.919645134227383,0.2
2025-04-18 10:00:00,3.348570816989459,1.8464717290852446,0.2
2025-04-18 11:00:00,4.532537666164713,1.4804819802454088,0.2
2025-04-18 12:00:00,3.1976993346922518,1.1804608912314611,0.2
2025-04-18 13:00:00,5.195004119343526,0.9540091904926391,0.2
2025-04-18 14:00:00,3.7068278433365225,0.8506895767676195,0.2
2025-04-18 15:00:00,2.9184129710508673,1.4610436383064274,0.2
2025-04-18 16:00:00,2.2580040051804944,1.6755383303182705,0.35
2025-04-18 17:00:00,1.1975133806508282,3.0786334241317883,0.35
2025-04-18 18:00:00,3.737690598431752e-16,3.615078287793148,0.35
2025-04-18 19:00:00,0.0,4.239035482306484,0.35
2025-04-18 20:00:00,0.0,3.551447820927332,0.35
2025-04-18 21:00:00,0.0,2.873362136418099,0.35
2025-04-18 22:00:00,0.0,2.015827173541987,0.2
2025-04-18 23:00:00,0.0,1.3969970261076532,0.2
2025-04-19 00:00:00,0.0,0.9134694289929756,0.1
2025-04-19 01:00:00,0.0,1.078528532632331,0.1
2025-04-19 02:00:00,0.0,0.815438272559164,0.1
2025-04-19 03:00:00,0.0,0.7658447744871719,0.1
2025-04-19 04:00:00,0.0,1.3056963802362969,0.1
2025-04-19 05:00:00,0.0,1.4161041643203374,0.1
2025-04-19 06:00:00,0.0,1.8354029047422986,0.1
2025-04-19 07:00:00,0.8390065582575574,2.934503328032312,0.2
2025-04-19 08:00:00,2.3294937763358776,2.946447706128582,0.2
2025-04-19 09:00:00,2.131494482233586,2.8660266297909285,0.2
2025-04-19 10:00:00,4.329663540542598,1.857459593891718,0.2
2025-04-19 11:00:00,3.6386880129865777,1.0667268043416547,0.2
2025-04-19 12:00:00,2.85943547417251,1.4333015132778193,0.2
2025-04-19 13:00:00,4.173180472659143,1.2392009992184898,0.2
2025-04-19 14:00:00,2.5920160660628815,1.1082775199241146,0.2
2025-04-19 15:00:00,2.579973178322924,1.5514774305548549,0.2
2025-04-19 16:00:00,2.440165887629783,1.8932180469477617,0.35
2025-04-19 17:00:00,0.7863655479336688,2.985421816609768,0.35
2025-04-19 18:00:00,6.44012533519063e-16,3.169274995143721,0.35
2025-04-19 19:00:00,0.0,3.796039733265282,0.35
2025-04-19 20:00:00,0.0,3.8433426566112043,0.35
2025-04-19 21:00:00,0.0,2.7696608714941164,0.35
2025-04-19 22:00:00,0.0,2.015465861052798,0.2
2025-04-19 23:00:00,0.0,1.136648717286751,0.2
2025-04-20 00:00:00,0.0,1.3695747308127146,0.1
2025-04-20 01:00:00,0.0,1.2381432576817624,0.1
2025-04-20 02:00:00,0.0,0.9605338815807398,0.1
2025-04-20 03:00:00,0.0,0.9267926689063184,0.1
2025-04-20 04:00:00,0.0,1.2630518738548697,0.1
2025-04-20 05:00:00,0.0,1.6671646565757028,0.1
2025-04-20 06:00:00,0.0,2.0129766341841213,0.1
2025-04-20 07:00:00,1.4188900768578758,3.0358353850028763,0.2
2025-04-20 08:00:00,1.9766798098943448,2.815530544061167,0.2
2025-04-20 09:00:00,3.986354406939838,2.4376086196933744,0.2
2025-04-20 10:00:00,2.707734263633906,1.5845565532958839,0.2
2025-04-20 11:00:00,4.677307280629322,1.3600290842868288,0.2
2025-04-20 12:00:00,4.28774173838981,1.0988141848845232,0.2
2025-04-20 13:00:00,3.847294449794479,1.0106686051992757,0.2
2025-04-20 14:00:00,4.058562757826179,1.294333451750687,0.2
2025-04-20 15:00:00,3.458201143603077,1.652508899690998,0.2
2025-04-20 16:00:00,1.4414278468249067,1.6688262518899748,0.35
2025-04-20 17:00:00,0.8669253653491381,2.7001976040176365,0.35
2025-04-20 18:00:00,6.021600948123679e-16,3.8115194270251247,0.35
2025-04-20 19:00:00,0.0,3.9064522632324845,0.35
2025-04-20 20:00:00,0.0,3.487849492482181,0.35
2025-04-20 21:00:00,0.0,3.0232994646679794,0.35
2025-04-20 22:00:00,0.0,1.7160573881302532,0.2
2025-04-20 23:00:00,0.0,1.345689888151617,0.2
2025-04-21 00:00:00,0.0,1.0657301368332557,0.1
2025-04-21 01:00:00,0.0,0.8852733461562032,0.1
2025-04-21 02:00:00,0.0,1.1573020564584406,0.1
2025-04-21 03:00:00,0.0,0.8939564452395099,0.1
2025-04-21 04:00:00,0.0,1.338854900260115,0.1
2025-04-21 05:00:00,0.0,1.2455213070427629,0.1
2025-04-21 06:00:00,0.0,1.9564786103629213,0.1
2025-04-21 07:00:00,1.1189810327088576,2.750679642120119,0.2
2025-04-21 08:00:00,2.0642068007384626,2.874492809324736,0.2
2025-04-21 09:00:00,2.970107344577294,2.190788676061955,0.2
2025-04-21 10:00:00,3.0167124127887726,1.8944959278393207,0.2
2025-04-21 11:00:00,3.8095478077603038,1.2861346237819067,0.2
2025-04-21 12:00:00,3.9471212913360323,1.1748586804386747,0.2
2025-04-21 13:00:00,2.929039056329132,0.9957533354171051,0.2
2025-04-21 14:00:00,4.410885439513355,1.0463961863658842,0.2
2025-04-21 15:00:00,2.886170924334064,1.807737780844405,0.2
2025-04-21 16:00:00,2.62530859460624,1.6794879214451877,0.35
2025-04-21 17:00:00,1.3799671661699904,2.966382105270707,0.35
2025-04-21 18:00:00,4.276913320572157e-16,3.532570336563835,0.35
2025-04-21 19:00:00,0.0,3.932844276456117,0.35
2025-04-21 20:00:00,0.0,3.584070141239019,0.35
2025-04-21 21:00:00,0.0,2.658905124303649,0.35
2025-04-21 22:00:00,0.0,2.088202244122297,0.2
2025-04-21 23:00:00,0.0,1.6841345688998295,0.2
2025-04-22 00:00:00,0.0,1.0940040639216262,0.1
2025-04-22 01:00:00,0.0,1.020713728180646,0.1
2025-04-22 02:00:00,0.0,0.8033828254359564,0.1
2025-04-22 03:00:00,0.0,1.1110968934438739,0.1
2025-04-22 04:00:00,0.0,1.488400927916791,0.1
2025-04-22 05:00:00,0.0,1.1945316417828988,0.1
2025-04-22 06:00:00,0.0,1.7470278671514774,0.1
2025-04-22 07:00:00,1.0444648356318293,2.4892570253273565,0.2
2025-04-22 08:00:00,2.4777783121118513,2.9021179629746667,0.2
2025-04-22 09:00:00,2.4528149588789168,2.052426075058656,0.2
2025-04-22 10:00:00,4.7350489153724435,1.9033518540776964,0.2
2025-04-22 11:00:00,3.597022483976762,1.10256651908601,0.2
2025-04-22 12:00:00,3.9564053695359886,0.7416408511652892,0.2
2025-04-22 13:00:00,2.9563089728371756,1.1916968198401825,0.2
2025-04-22 14:00:00,2.7843735702208434,0.9160781691176402,0.2
2025-04-22 15:00:00,3.1004681381296955,1.3383093678713136,0.2
2025-04-22 16:00:00,1.8332950174530995,2.267247211985059,0.35
2025-04-22 17:00:00,1.3741323784213244,2.5377488499929566,0.35
2025-04-22 18:00:00,3.5944158007794936e-16,3.3409710612809604,0.35
2025-04-22 19:00:00,0.0,4.053861237916669,0.35
2025-04-22 20:00:00,0.0,3.8773881805558856,0.35
2025-04-22 21:00:00,0.0,2.5047236355915077,0.35
2025-04-22 22:00:00,0.0,2.055495349442485,0.2
2025-04-22 23:00:00,0.0,1.5222057577021764,0.2
2025-04-23 00:00:00,0.0,0.5881692349338299,0.1
2025-04-23 01:00:00,0.0,1.159737596519671,0.1
2025-04-23 02:00:00,0.0,1.1759921012242416,0.1
2025-04-23 03:00:00,0.0,0.9453747256277787,0.1
2025-04-23 04:00:00,0.0,1.3076002740305328,0.1
2025-04-23 05:00:00,0.0,1.4979616814068863,0.1
2025-04-23 06:00:00,0.0,1.8428481681652915,0.1
2025-04-23 07:00:00,1.1415255698516855,2.511185773458569,0.2
2025-04-23 08:00:00,2.4353752400863167,2.8054352313569595,0.2
2025-04-23 09:00:00,2.6933710021389436,2.5939732839198943,0.2
2025-04-23 10:00:00,4.460715723225097,1.9362965608473894,0.2
2025-04-23 11:00:00,4.972281306749241,1.2068415821488045,0.2
2025-04-23 12:00:00,4.417088974944374,0.6241932738712432,0.2
2025-04-23 13:00:00,5.541867869394954,1.2948016088089869,0.2
2025-04-23 14:00:00,2.8302051532512045,1.1705263704950062,0.2
2025-04-23 15:00:00,2.0878823170384564,1.3301182793126984,0.2
2025-04-23 16:00:00,2.5698306168337344,2.145390411432001,0.35
2025-04-23 17:00:00,1.3580450406393905,3.124519728894411,0.35
2025-04-23 18:00:00,3.9831955974745374e-16,3.0871083943029345,0.35
2025-04-23 19:00:00,0.0,4.086852729988616,0.35
2025-04-23 20:00:00,0.0,3.3621608655917425,0.35
2025-04-23 21:00:00,0.0,2.9194140804976887,0.35
2025-04-23 22:00:00,0.0,1.999542842549965,0.2
2025-04-23 23:00:00,0.0,1.533151154997948,0.2
2025-04-24 00:00:00,0.0,0.9001518087733629,0.1
2025-04-24 01:00:00,0.0,0.6253893065743965,0.1
2025-04-24 02:00:00,0.0,0.9105972870044721,0.1
2025-04-24 03:00:00,0.0,1.0891013673069403,0.1
2025-04-24 04:00:00,0.0,1.2602094673059758,0.1
2025-04-24 05:00:00,0.0,1.0363043064474122,0.1
2025-04-24 06:00:00,0.0,2.027636668396454,0.1
2025-04-24 07:00:00,0.7720804833204528,2.4719003935942516,0.2
2025-04-24 08:00:00,2.766512726672767,3.072490786192456,0.2
2025-04-24 09:00:00,3.674708333969096,2.4995071952200063,0.2
2025-04-24 10:00:00,4.493457063115281,1.858778902448974,0.2
2025-04-24 11:00:00,4.104291913310975,1.4500524812709878,0.2
2025-04-24 12:00:00,4.07424385125374,0.8182906594659421,0.2
2025-04-24 13:00:00,3.6677380277363674,0.9050776505443064,0.2
2025-04-24 14:00:00,2.6896867620811045,1.1694742435944447,0.2
2025-04-24 15:00:00,2.531073767588651,1.8863599108541356,0.2
2025-04-24 16:00:00,1.8165049947793972,1.8013207913139775,0.35
2025-04-24 17:00:00,1.119414398119333,3.2276187867972435,0.35
2025-04-24 18:00:00,6.236665086898319e-16,4.048375368935547,0.35
2025-04-24 19:00:00,0.0,3.980537769863883,0.35
2025-04-24 20:00:00,0.0,3.587860202513832,0.35
2025-04-24 21:00:00,0.0,2.6811789394049623,0.35
2025-04-24 22:00:00,0.0,1.9603168960085153,0.2
2025-04-24 23:00:00,0.0,1.1246619631979264,0.2
2025-04-25 00:00:00,0.0,0.9847535282081745,0.1
2025-04-25 01:00:00,0.0,1.2994133837083983,0.1
2025-04-25 02:00:00,0.0,0.8784539127604623,0.1
2025-04-25 03:00:00,0.0,0.9595869794811736,0.1
2025-04-25 04:00:00,0.0,0.7169029067174828,0.1
2025-04-25 05:00:00,0.0,1.345482984168126,0.1
2025-04-25 06:00:00,0.0,1.8751209200121255,0.1
2025-04-25 07:00:00,0.8636477453685847,2.61421532347671,0.2
2025-04-25 08:00:00,2.3728012994972896,2.956635399829122,0.2
2025-04-25 09:00:00,3.68431858251581,2.5429344020386417,0.2
2025-04-25 10:00:00,3.9980620094002792,1.922724823646688,0.2
2025-04-25 11:00:00,3.2405807975652063,1.265913634039208,0.2
2025-04-25 12:00:00,5.297584690795094,1.1266878492347157,0.2
2025-04-25 13:00:00,4.622158475949535,1.0840553933845822,0.2
2025-04-25 14:00:00,3.516427929254008,1.3571671835451797,0.2
2025-04-25 15:00:00,3.462613641378455,1.541441998123076,0.2
2025-04-25 16:00:00,1.8426276107398547,2.0125311023773813,0.35
2025-04-25 17:00:00,1.018381149067936,3.1232764157282955,0.35
2025-04-25 18:00:00,6.868672282311836e-16,3.7315444140118252,0.35
2025-04-25 19:00:00,0.0,4.260992537762285,0.35
2025-04-25 20:00:00,0.0,3.7688792294311395,0.35
2025-04-25 21:00:00,0.0,2.451208163351592,0.35
2025-04-25 22:00:00,0.0,2.234924354738915,0.2
2025-04-25 23:00:00,0.0,1.4330410979783719,0.2
2025-04-26 00:00:00,0.0,0.9896103774921384,0.1
2025-04-26 01:00:00,0.0,1.0563069984361424,0.1
2025-04-26 02:00:00,0.0,0.9316742928643922,0.1
2025-04-26 03:00:00,0.0,1.0531376123567728,0.1
2025-04-26 04:00:00,0.0,0.9387557883023128,0.1
2025-04-26 05:00:00,0.0,1.5255250182887914,0.1
2025-04-26 06:00:00,0.0,1.7995069602976406,0.1
2025-04-26 07:00:00,0.9435771644351643,2.524958082979069,0.2
2025-04-26 08:00:00,2.2025860756205353,2.8150156467296963,0.2
2025-04-26 09:00:00,3.486527017162277,2.655241143622861,0.2
2025-04-26 10:00:00,2.736127648683744,1.8597661969315722,0.2
2025-04-26 11:00:00,3.614514514766285,1.349361877092434,0.2
2025-04-26 12:00:00,5.304528265630238,0.8582430974226235,0.2
2025-04-26 13:00:00,4.138984914363532,0.7208225901313581,0.2
2025-04-26 14:00:00,3.93186980038186,1.2575999866273393,0.2
2025-04-26 15:00:00,2.97421482996158,1.7029715510233667,0.2
2025-04-26 16:00:00,1.5322364428583053,1.768688009269364,0.35
2025-04-26 17:00:00,0.8857241414362869,3.1374802663101993,0.35
2025-04-26 18:00:00,5.196828286430139e-16,3.704272919947789,0.35
2025-04-26 19:00:00,0.0,3.998587419094035,0.35
2025-04-26 20:00:00,0.0,3.5679809684446564,0.35
2025-04-26 21:00:00,0.0,2.5426883752529013,0.35
2025-04-26 22:00:00,0.0,2.171503105259969,0.2
2025-04-26 23:00:00,0.0,1.2508845774223174,0.2
2025-04-27 00:00:00,0.0,0.8440399965247739,0.1
2025-04-27 01:00:00,0.0,1.1984225909156179,0.1
2025-04-27 02:00:00,0.0,0.6240742359214604,0.1
2025-04-27 03:00:00,0.0,0.7030122781453503,0.1
2025-04-27 04:00:00,0.0,1.0535041528693148,0.1
2025-04-27 05:00:00,0.0,1.3293274523428877,0.1
2025-04-27 06:00:00,0.0,1.9191715126156355,0.1
2025-04-27 07:00:00,1.5106073511627238,2.5411151528443052,0.2
2025-04-27 08:00:00,2.3119674218920307,3.506074743601889,0.2
2025-04-27 09:00:00,2.623837651196991,2.555907474039966,0.2
2025-04-27 10:00:00,3.666279199799967,1.7761875464860093,0.2
2025-04-27 11:00:00,4.534734150131116,1.1122796205941574,0.2
2025-04-27 12:00:00,3.1613465867347927,1.0884748382278635,0.2
2025-04-27 13:00:00,4.616638900944387,1.1640510763030276,0.2
2025-04-27 14:00:00,5.05467772488562,1.3731973370327193,0.2
2025-04-27 15:00:00,2.4791946580811013,1.1081863257600215,0.2
2025-04-27 16:00:00,2.6405329533250668,1.924759666076203,0.35
2025-04-27 17:00:00,1.4547586310415352,2.9089327317596885,0.35
2025-04-27 18:00:00,7.012612165878157e-16,3.76490221511942,0.35
2025-04-27 19:00:00,0.0,4.001309731565109,0.35
2025-04-27 20:00:00,0.0,3.7559755016602323,0.35
2025-04-27 21:00:00,0.0,2.6577992005527404,0.35
2025-04-27 22:00:00,0.0,2.2855384885387204,0.2
2025-04-27 23:00:00,0.0,1.6045314703057239,0.2
2025-04-28 00:00:00,0.0,0.7310157742592596,0.1
2025-04-28 01:00:00,0.0,0.7850167193148758,0.1
2025-04-28 02:00:00,0.0,0.7912865752344245,0.1
2025-04-28 03:00:00,0.0,1.1433258344582893,0.1
2025-04-28 04:00:00,0.0,0.8001854482874378,0.1
2025-04-28 05:00:00,0.0,1.2044656997003012,0.1
2025-04-28 06:00:00,0.0,1.9131654623052055,0.1
2025-04-28 07:00:00,1.3555809962969378,2.588241664614269,0.2
2025-04-28 08:00:00,2.2156358341396625,3.0517783130160923,0.2
2025-04-28 09:00:00,2.115761631833478,2.388325443523381,0.2
2025-04-28 10:00:00,2.583421848926867,1.9413156515860026,0.2
2025-04-28 11:00:00,3.8751631320647535,1.1490345758617335,0.2
2025-04-28 12:00:00,5.694518574574724,0.998769540044061,0.2
2025-04-28 13:00:00,3.5086366987574675,1.08860517547487,0.2
2025-04-28 14:00:00,4.1844300215595025,1.153097370432197,0.2
2025-04-28 15:00:00,2.5547013891613153,1.4108391824511837,0.2
2025-04-28 16:00:00,1.95366459406186,1.8238333693519921,0.35
2025-04-28 17:00:00,1.4140509615745542,2.759682127358021,0.35
2025-04-28 18:00:00,6.259332368570274e-16,3.64792742636792,0.35
2025-04-28 19:00:00,0.0,3.724982953370784,0.35
2025-04-28 20:00:00,0.0,3.5549841144911363,0.35
2025-04-28 21:00:00,0.0,2.89712795494447,0.35
2025-04-28 22:00:00,0.0,1.7184700813059808,0.2
2025-04-28 23:00:00,0.0,1.637322180028686,0.2
2025-04-29 00:00:00,0.0,1.2539239841922627,0.36869563477958517
2025-04-29 01:00:00,0.0,0.7510072137462098,0.1
2025-04-29 02:00:00,0.0,1.2721948518658337,0.1
2025-04-29 03:00:00,0.0,0.9790155225365568,0.1
2025-04-29 04:00:00,0.0,1.1408339134023422,0.1
2025-04-29 05:00:00,0.0,1.171340356116268,0.1
2025-04-29 06:00:00,0.0,2.006833548467203,0.1
2025-04-29 07:00:00,1.0532039383104281,2.682693655293289,0.8443572921323219
2025-04-29 08:00:00,2.065388015443318,2.8371701585540303,0.2
2025-04-29 09:00:00,3.6798463038111415,2.368445585800075,0.2
2025-04-29 10:00:00,4.92861922583917,1.530284289864709,0.2
2025-04-29 11:00:00,5.590293862891593,1.309265309643484,0.2
2025-04-29 12:00:00,4.678589447499144,1.1781877572795965,0.2
2025-04-29 13:00:00,3.8887666670201213,1.171251965649561,0.2
2025-04-29 14:00:00,4.592382925959939,1.1088855072045518,0.2
2025-04-29 15:00:00,2.624171881786615,1.1746438875151923,0.2
2025-04-29 16:00:00,2.3199402225256582,1.8375437741425866,0.35
2025-04-29 17:00:00,1.043110798467271,3.0500617373902448,0.35
2025-04-29 18:00:00,6.018470561308251e-16,3.5505649952804967,0.35
2025-04-29 19:00:00,0.0,4.0286835261404965,0.35
2025-04-29 20:00:00,0.0,3.4323606110388343,0.35
2025-04-29 21:00:00,0.0,2.8869085882297076,0.35
2025-04-29 22:00:00,0.0,1.8824204897392336,0.9740212938405217
2025-04-29 23:00:00,0.0,1.6153483924649907,0.2
2025-04-30 00:00:00,0.0,1.1547128729136567,0.1
2025-04-30 01:00:00,0.0,0.900896139623247,0.1
2025-04-30 02:00:00,0.0,0.975338119786273,0.1
2025-04-30 03:00:00,0.0,0.8975085922708579,0.1
2025-04-30 04:00:00,0.0,0.7732443622619292,0.1
2025-04-30 05:00:00,0.0,1.099182080632474,0.1
2025-04-30 06:00:00,0.0,1.8618680485660146,0.1
2025-04-30 07:00:00,1.2184724809925747,2.666526751169472,0.2
2025-04-30 08:00:00,2.138094384747049,3.029710390592079,0.2
2025-04-30 09:00:00,3.325701170373518,2.5411393750014057,0.2
2025-04-30 10:00:00,3.909728255529276,2.008958098050751,0.2
2025-04-30 11:00:00,5.056745402542387,1.2843853352691204,0.2
2025-04-30 12:00:00,3.8174447344949285,1.2043442405428388,0.2
2025-04-30 13:00:00,3.890222723053131,0.686303803453169,0.2
2025-04-30 14:00:00,4.882575260437493,0.5,0.2
2025-04-30 15:00:00,4.096815673797002,1.4628007842156812,0.2
2025-04-30 16:00:00,2.8166700202557298,1.6890056030030454,0.35
2025-04-30 17:00:00,1.0935343580472154,2.777101669055248,0.35
2025-04-30 18:00:00,6.489881084843933e-16,3.587071299995592,0.35
2025-04-30 19:00:00,0.0,4.317480120487309,0.35
2025-04-30 20:00:00,0.0,3.7274900183425332,0.35
2025-04-30 21:00:00,0.0,2.8527637844976352,0.35
2025-04-30 22:00:00,0.0,2.1413556330017838,0.2
2025-04-30 23:00:00,0.0,1.4797053670776457,0.2
2025-05-01 00:00:00,0.0,0.9084659330746074,0.1
2025-05-01 01:00:00,0.0,1.2143325149891389,0.1
2025-05-01 02:00:00,0.0,0.7787208996781508,0.1
2025-05-01 03:00:00,0.0,1.072381277785696,0.1
2025-05-01 04:00:00,0.0,0.747617042743669,0.1
2025-05-01 05:00:00,0.0,1.3114593380451163,0.1
2025-05-01 06:00:00,0.0,1.8608225113764365,0.1
2025-05-01 07:00:00,1.0894133418630487,2.936765843906488,0.2
2025-05-01 08:00:00,2.7040692434174534,2.687006031185195,0.2
2025-05-01 09:00:00,3.8768140753042757,2.48130855062237,0.2
2025-05-01 10:00:00,3.445526622982031,1.9868812622213825,0.2
2025-05-01 11:00:00,4.88559796146966,1.3387404056363943,0.2
2025-05-01 12:00:00,5.2894090005685035,1.0997544851911498,0.2
2025-05-01 13:00:00,4.773188374452461,0.8498316893019648,0.2
2025-05-01 14:00:00,2.9784403216099453,1.0143180565077414,0.2
2025-05-01 15:00:00,3.961404962877611,1.6550513802927165,0.2
2025-05-01 16:00:00,2.2982315249696934,1.9636568949965576,0.35
2025-05-01 17:00:00,0.991294597085265,2.894663948826754,0.35
2025-05-01 18:00:00,5.212591917566596e-16,3.624453042445217,0.35
2025-05-01 19:00:00,0.0,3.763382896954248,0.35
2025-05-01 20:00:00,0.0,3.8342527929688113,0.35
2025-05-01 21:00:00,0.0,2.9202384560444,0.35
2025-05-01 22:00:00,0.0,2.435084769548487,0.2
2025-05-01 23:00:00,0.0,1.202889573779729,0.2
2025-05-02 00:00:00,0.0,1.1645159159123901,0.1
2025-05-02 01:00:00,0.0,0.7377285357308268,0.1
2025-05-02 02:00:00,0.0,1.0321402387904213,0.1
2025-05-02 03:00:00,0.0,1.2030331580916167,0.1
2025-05-02 04:00:00,0.0,0.6427039783516337,0.1
2025-05-02 05:00:00,0.0,1.2296840716935957,0.1
2025-05-02 06:00:00,0.0,1.7095826362133266,0.1
2025-05-02 07:00:00,0.7766232628882452,2.4610833918645314,0.2
2025-05-02 08:00:00,2.5907538861021266,3.077043340325422,0.2
2025-05-02 09:00:00,4.1670605556634,2.8256231270776517,0.2
2025-05-02 10:00:00,3.1768062799501022,1.7956890338607228,0.2
2025-05-02 11:00:00,4.813078161361355,1.3127742398689368,0.2
2025-05-02 12:00:00,5.219115000875505,1.0865552255354989,0.2
2025-05-02 13:00:00,5.349587112653805,1.0414195311649554,0.2
2025-05-02 14:00:00,3.6914493369568775,0.9146131985836061,0.2
2025-05-02 15:00:00,2.760456774161005,1.6277320989926438,0.2
2025-05-02 16:00:00,1.9854418450504177,2.0329978073791106,0.35
2025-05-02 17:00:00,1.3281041785317422,2.8985683075983752,0.35
2025-05-02 18:00:00,6.666342572173397e-16,3.4861887823953963,0.35
2025-05-02 19:00:00,0.0,3.9081559204063527,0.35
2025-05-02 20:00:00,0.0,3.6122638682116563,0.35
2025-05-02 21:00:00,0.0,2.5127670404481304,0.35
2025-05-02 22:00:00,0.0,1.6363505370355136,0.2
2025-05-02 23:00:00,0.0,1.2858562635821245,0.2
2025-05-03 00:00:00,0.0,1.104505484960772,0.1
2025-05-03 01:00:00,0.0,0.8694098509522388,0.1
2025-05-03 02:00:00,0.0,0.796909885737663,0.1
2025-05-03 03:00:00,0.0,0.8447947096314496,0.1
2025-05-03 04:00:00,0.0,0.9660625169418686,0.1
2025-05-03 05:00:00,0.0,1.1998987739778966,0.1
2025-05-03 06:00:00,0.0,2.255328873463162,0.1
2025-05-03 07:00:00,0.9081371643569264,2.8123989772210196,0.2
2025-05-03 08:00:00,2.6761405340229025,3.2049556323298964,0.2
2025-05-03 09:00:00,3.3662214548566527,2.835202058647809,0.2
2025-05-03 10:00:00,5.081882196844941,1.6225806030397438,0.2
2025-05-03 11:00:00,3.026580834345275,1.027204031359485,0.2
2025-05-03 12:00:00,3.8033586983012846,0.842319416616838,0.2
2025-05-03 13:00:00,4.649969867872237,1.3079600565612404,0.2
2025-05-03 14:00:00,3.375110749841213,1.0230433683495292,0.2
2025-05-03 15:00:00,3.6439137449678354,1.1557719422002077,0.2
2025-05-03 16:00:00,2.643637811261298,1.8877594937033806,0.35
2025-05-03 17:00:00,0.8577207644834198,2.771870903254934,0.35
2025-05-03 18:00:00,5.572624556563255e-16,3.701173362939425,0.35
2025-05-03 19:00:00,0.0,4.05019020414661,0.35
2025-05-03 20:00:00,0.0,3.48185459497911,0.35
2025-05-03 21:00:00,0.0,2.956723257640643,0.35
2025-05-03 22:00:00,0.0,1.8461186953250177,0.2
2025-05-03 23:00:00,0.0,1.3747505823688293,0.2
2025-05-04 00:00:00,0.0,1.137356145772965,0.1
2025-05-04 01:00:00,0.0,0.8716730481493586,0.1
2025-05-04 02:00:00,0.0,0.8868006405395782,0.1
2025-05-04 03:00:00,0.0,1.12606545021761,0.1
2025-05-04 04:00:00,0.0,0.8855843662499273,0.1
2025-05-04 05:00:00,0.0,1.1937121618211033,0.1
2025-05-04 06:00:00,0.0,1.9333730186304292,0.1
2025-05-04 07:00:00,1.410264098487659,3.0122933398107508,0.2
2025-05-04 08:00:00,1.8019982651053679,3.1210817108261004,0.2
2025-05-04 09:00:00,2.8684462318188197,2.6960139383911352,0.2
2025-05-04 10:00:00,3.48770278156405,1.9285050936410997,0.2
2025-05-04 11:00:00,5.762546586524549,1.057038899543523,0.2
2025-05-04 12:00:00,5.597997337142134,1.086812822659631,0.2
2025-05-04 13:00:00,4.954735602664126,1.0351055322263925,0.2
2025-05-04 14:00:00,4.509893324171327,1.1967986342005785,0.2
2025-05-04 15:00:00,3.3305449320554152,1.4293447891432394,0.2
2025-05-04 16:00:00,2.9355210954627546,2.0498986692307657,0.35
2025-05-04 17:00:00,1.1677018299186592,2.757298570618019,0.35
2025-05-04 18:00:00,5.097789052287466e-16,3.659212491674871,0.35
2025-05-04 19:00:00,0.0,3.7544342867928027,0.35
2025-05-04 20:00:00,0.0,3.5835092521532292,0.35
2025-05-04 21:00:00,0.0,3.0977586887732294,0.35
2025-05-04 22:00:00,0.0,2.0377190700007004,0.2
2025-05-04 23:00:00,0.0,1.4018216422332226,0.2
2025-05-05 00:00:00,0.0,1.3792259869231633,0.1
2025-05-05 01:00:00,0.0,0.7278703332780111,0.1
2025-05-05 02:00:00,0.0,0.7787798141665617,0.1
2025-05-05 03:00:00,0.0,1.3502741225342383,0.1
2025-05-05 04:00:00,0.0,1.066323188780718,0.43250807289010657
2025-05-05 05:00:00,0.0,1.2221539592839585,0.1
2025-05-05 06:00:00,0.0,1.582383718002722,0.1
2025-05-05 07:00:00,1.4224887313147825,2.691014104802558,0.2
2025-05-05 08:00:00,2.3386617307669693,3.1088927837790434,0.2
2025-05-05 09:00:00,4.206919484153882,2.3825871136261534,0.2
2025-05-05 10:00:00,2.754714778350384,1.7942896597964682,0.2
2025-05-05 11:00:00,4.396310318631154,1.2045737879503196,0.2
2025-05-05 12:00:00,5.197625060638522,1.1148889042074035,0.2
2025-05-05 13:00:00,5.441765999607847,0.8172087814495439,0.2
2025-05-05 14:00:00,3.0889126914925433,1.3828712170286588,0.2
2025-05-05 15:00:00,3.8496867922159534,1.589207934967586,0.2
2025-05-05 16:00:00,2.348154054741937,1.9013236220007799,0.35
2025-05-05 17:00:00,1.0932535958104457,2.7763082672701853,0.35
2025-05-05 18:00:00,4.1919392923720133e-16,3.6202062781449897,0.35
2025-05-05 19:00:00,0.0,3.8443382894029003,0.35
2025-05-05 20:00:00,0.0,3.558804824106805,0.35
2025-05-05 21:00:00,0.0,2.7655379056029785,0.35
2025-05-05 22:00:00,0.0,2.296531076216475,0.2
2025-05-05 23:00:00,0.0,1.5953295113759254,0.2
2025-05-06 00:00:00,0.0,1.1869322731396188,0.1
2025-05-06 01:00:00,0.0,1.074022451539105,0.1
2025-05-06 02:00:00,0.0,0.7772055234695587,0.1
2025-05-06 03:00:00,0.0,0.9994336193635078,0.1
2025-05-06 04:00:00,0.0,1.2512286934936072,0.1
2025-05-06 05:00:00,0.0,1.0190176406684597,0.1
2025-05-06 06:00:00,0.0,1.9495352243965036,0.1
2025-05-06 07:00:00,0.7947357077088476,3.065996696576109,0.2
2025-05-06 08:00:00,2.5392726592846615,3.2123641390714974,0.2
2025-05-06 09:00:00,2.256376983432526,2.88429181290553,0.6464115497454453
2025-05-06 10:00:00,4.069313342292478,1.8660125269949859,0.2
2025-05-06 11:00:00,3.773240576326087,1.4652633441099308,0.2
2025-05-06 12:00:00,3.9644236644749458,0.9201228320528422,0.2
2025-05-06 13:00:00,3.964669278873759,1.200231592361918,0.2
2025-05-06 14:00:00,4.259618481293852,1.26335935293818,0.2
2025-05-06 15:00:00,2.861777132707503,1.4640254134555977,0.2
2025-05-06 16:00:00,2.628281345903069,2.237160217691043,0.35
2025-05-06 17:00:00,1.102821319014854,2.711835042028382,0.35
2025-05-06 18:00:00,3.969213117427152e-16,3.61007920490578,0.35
2025-05-06 19:00:00,0.0,4.019092408275861,0.35
2025-05-06 20:00:00,0.0,3.4415685135359317,0.35
2025-05-06 21:00:00,0.0,2.86497836789795,0.35
2025-05-06 22:00:00,0.0,1.6301713194842797,0.2
2025-05-06 23:00:00,0.0,1.6153967565954799,0.2
2025-05-07 00:00:00,0.0,1.0093288049854872,0.1
2025-05-07 01:00:00,0.0,0.8958587481574742,0.1
2025-05-07 02:00:00,0.0,0.8337962027967813,0.1
2025-05-07 03:00:00,0.0,0.9608160343551462,0.1
2025-05-07 04:00:00,0.0,1.1947829437254138,0.1
2025-05-07 05:00:00,0.0,1.3802183622894295,0.2409055129699724
2025-05-07 06:00:00,0.0,1.6811169935661585,0.1
2025-05-07 07:00:00,1.1169623941619564,2.432266916998029,0.2
2025-05-07 08:00:00,2.663821177891896,3.1313805511374806,0.2
2025-05-07 09:00:00,2.3696447138441976,2.457016504870127,0.41307910555799776
2025-05-07 10:00:00,3.3672495321684415,1.8343267317224545,0.2
2025-05-07 11:00:00,3.751171310615583,1.2964278828617883,0.2
2025-05-07 12:00:00,4.357251288746768,1.126105901268997,0.2
2025-05-07 13:00:00,5.820411491285742,1.2127129159300472,0.2
2025-05-07 14:00:00,2.8129589872701914,0.8798891387525628,0.2
2025-05-07 15:00:00,3.2675416212247996,1.0238113135959677,0.2
2025-05-07 16:00:00,1.7942459354333467,1.860469277501673,0.35
2025-05-07 17:00:00,1.5519417874668688,3.179897691164297,0.35
2025-05-07 18:00:00,4.148473084699903e-16,4.051925528217988,0.35
2025-05-07 19:00:00,0.0,4.366235427117378,0.35
2025-05-07 20:00:00,0.0,3.608894434201674,0.35
2025-05-07 21:00:00,0.0,2.4631689627409346,0.35
2025-05-07 22:00:00,0.0,1.5053495817446811,0.2
2025-05-07 23:00:00,0.0,1.2831982173999559,0.2
2025-05-08 00:00:00,0.0,0.960386605642422,0.1
2025-05-08 01:00:00,0.0,1.2601624091494188,0.1
2025-05-08 02:00:00,0.0,1.1742320171642948,0.1
2025-05-08 03:00:00,0.0,1.0532128560773077,0.1
2025-05-08 04:00:00,0.0,0.8791620473827029,0.1
2025-05-08 05:00:00,0.0,1.0785146548929392,0.1
2025-05-08 06:00:00,0.0,1.8730501204361376,0.1
2025-05-08 07:00:00,1.5547558269516024,2.740885047291501,0.2
2025-05-08 08:00:00,2.4467997866803466,3.0783770623226676,0.2
2025-05-08 09:00:00,2.323885536244121,2.3945663938718016,0.2
2025-05-08 10:00:00,2.842478027834958,1.952478302664971,0.2
2025-05-08 11:00:00,5.751982472414175,1.3568591477772152,0.2
2025-05-08 12:00:00,3.958764273963145,0.8495601936856136,0.2
2025-05-08 13:00:00,3.218958396901074,0.8841946358336216,0.2
2025-05-08 14:00:00,4.225844505213959,1.2701809210383406,0.2
2025-05-08 15:00:00,3.5034780394579044,1.3591416716188869,0.2
2025-05-08 16:00:00,2.515257965330909,2.2917881940746345,0.35
2025-05-08 17:00:00,1.0009973680307114,2.9198178648107747,0.35
2025-05-08 18:00:00,3.793556510398036e-16,3.550164470562659,0.35
2025-05-08 19:00:00,0.0,3.9979588799260144,0.35
2025-05-08 20:00:00,0.0,3.6601673862813557,0.35
2025-05-08 21:00:00,0.0,2.6739139164895587,0.35
2025-05-08 22:00:00,0.0,1.791439762439524,0.2
2025-05-08 23:00:00,0.0,1.546283828471738,0.2
2025-05-09 00:00:00,0.0,1.1690559910807132,0.1
2025-05-09 01:00:00,0.0,1.1207936228488187,0.1
2025-05-09 02:00:00,0.0,1.303734544120566,0.1
2025-05-09 03:00:00,0.0,0.8993771930766633,0.1
2025-05-09 04:00:00,0.0,1.3919851547851572,0.1
2025-05-09 05:00:00,0.0,1.0904863428310867,0.1
2025-05-09 06:00:00,0.0,1.619687470348152,0.1
2025-05-09 07:00:00,1.5403197280824275,2.2494830750937056,0.2
2025-05-09 08:00:00,2.6570977897439354,2.9108417471081873,0.2
2025-05-09 09:00:00,4.074626765525122,2.500741518427242,0.2
2025-05-09 10:00:00,3.1872604368862327,1.9275322329574838,0.2
2025-05-09 11:00:00,4.692831264845832,1.320455142681023,0.2
2025-05-09 12:00:00,5.2058768317726525,0.8250988007198219,0.2
2025-05-09 13:00:00,4.966333933770129,0.9625135822085091,0.2
2025-05-09 14:00:00,3.7319344628135114,1.0581893219084904,0.2
2025-05-09 15:00:00,2.1972218648337387,1.0508467292556867,0.2
2025-05-09 16:00:00,2.422058164000462,1.7777693883446692,0.35
2025-05-09 17:00:00,0.9925135160983826,2.6654292834750417,0.35
2025-05-09 18:00:00,5.43511744678211e-16,3.934215712164702,0.35
2025-05-09 19:00:00,0.0,4.038290143195671,0.35
2025-05-09 20:00:00,0.0,3.779924458543312,0.35
2025-05-09 21:00:00,0.0,2.519864879708058,0.35
2025-05-09 22:00:00,0.0,2.2128002986778474,0.2
2025-05-09 23:00:00,0.0,1.6662262623146566,0.2
2025-05-10 00:00:00,0.0,0.6003323382433687,0.1
2025-05-10 01:00:00,0.0,0.8589739841550573,0.1
2025-05-10 02:00:00,0.0,1.0998240398589079,0.1
2025-05-10 03:00:00,0.0,1.13660953098662,0.1
2025-05-10 04:00:00,0.0,0.9214320554734868,0.1
2025-05-10 05:00:00,0.0,1.2095706739311867,0.1
2025-05-10 06:00:00,0.0,1.7027483708128222,0.1
2025-05-10 07:00:00,1.1389648503064222,2.6235584609127796,0.2
2025-05-10 08:00:00,1.9313226837365736,3.2394365161659335,0.2
2025-05-10 09:00:00,3.112539499697558,2.447277554364892,0.2
2025-05-10 10:00:00,4.580230749881197,2.0225088764602366,0.2
2025-05-10 11:00:00,2.991002967508886,1.1153425398875554,0.2
2025-05-10 12:00:00,4.877604118113495,0.8941680324242725,0.2
2025-05-10 13:00:00,4.782062649043663,1.2047777535623154,0.2
2025-05-10 14:00:00,4.352316321656476,1.3168690017275506,0.2
2025-05-10 15:00:00,2.695087728961945,1.5763251660005961,0.2
2025-05-10 16:00:00,2.6299819552887076,1.710799252103715,0.35
2025-05-10 17:00:00,0.8668328877418966,2.726401813983449,0.35
2025-05-10 18:00:00,4.506989344940363e-16,3.812088426601177,0.35
2025-05-10 19:00:00,0.0,4.00830836811698,0.35
2025-05-10 20:00:00,0.0,3.432752138514319,0.35
2025-05-10 21:00:00,0.0,2.9112555669629887,0.35
2025-05-10 22:00:00,0.0,1.8309959502767552,0.2
2025-05-10 23:00:00,0.0,1.7649108193882803,0.2
2025-05-11 00:00:00,0.0,1.3089696241559459,0.1
2025-05-11 01:00:00,0.0,1.1208568142093405,0.1
2025-05-11 02:00:00,0.0,1.2728722662097605,0.1
2025-05-11 03:00:00,0.0,1.0206901103036599,0.1
2025-05-11 04:00:00,0.0,1.2102185004459343,0.1
2025-05-11 05:00:00,0.0,1.5662146256023324,0.1
2025-05-11 06:00:00,0.0,1.8713243193807132,0.1
2025-05-11 07:00:00,0.8610293906186517,2.550437417220699,0.2
2025-05-11 08:00:00,3.0024280953220908,2.6590764182381275,0.2
2025-05-11 09:00:00,4.000210358725863,2.5848592806488337,0.2
2025-05-11 10:00:00,4.810228325710955,1.987029413819016,0.2
2025-05-11 11:00:00,5.418295808717238,1.4608036398704587,0.2
2025-05-11 12:00:00,5.947068361105705,1.1645664880673312,0.2
2025-05-11 13:00:00,4.589851412309784,0.9327990109012247,0.2
2025-05-11 14:00:00,3.1985272437780408,0.7371174123365092,0.2
2025-05-11 15:00:00,3.517815209671537,1.307000159047118,0.2
2025-05-11 16:00:00,2.6814764406085745,1.913089759536553,0.35
2025-05-11 17:00:00,1.3840809241247698,2.7570062161598567,0.35
2025-05-11 18:00:00,5.733296215094383e-16,3.7712019795960976,0.35
2025-05-11 19:00:00,0.0,4.397135282207169,0.35
2025-05-11 20:00:00,0.0,3.6721965481220304,0.35
2025-05-11 21:00:00,0.0,2.7762456213066082,0.35
2025-05-11 22:00:00,0.0,1.9221130394742307,0.2
2025-05-11 23:00:00,0.0,1.430882803091381,0.2
2025-05-12 00:00:00,0.0,0.8343425796026142,0.1
2025-05-12 01:00:00,0.0,1.024077040687438,0.1
2025-05-12 02:00:00,0.0,1.0908333925221656,0.1
2025-05-12 03:00:00,0.0,1.0496690529938812,0.1
2025-05-12 04:00:00,0.0,1.1486393883718875,0.1
2025-05-12 05:00:00,0.0,1.3574200884116243,0.1
2025-05-12 06:00:00,0.0,1.467845246572562,0.1
2025-05-12 07:00:00,0.9968520174810762,2.7288488832026365,0.2
2025-05-12 08:00:00,2.6308625416170788,2.86579784074106,0.2
2025-05-12 09:00:00,3.1144284001359543,2.382318153192341,0.2
2025-05-12 10:00:00,3.8543092769548326,1.6014544113355544,0.2
2025-05-12 11:00:00,4.915138040397973,1.3583852764514388,0.2
2025-05-12 12:00:00,5.973855355253026,1.0191784894786786,0.2
2025-05-12 13:00:00,3.1708405273557094,0.7046650730965907,0.2
2025-05-12 14:00:00,4.875495931003865,1.2280892891644841,0.2
2025-05-12 15:00:00,2.819438850258316,1.1181215524882997,0.2
2025-05-12 16:00:00,2.2274059529948604,2.0019230054509856,0.35
2025-05-12 17:00:00,0.8160122868849018,2.8672917947324703,0.35
2025-05-12 18:00:00,4.915751646539814e-16,3.824606124539522,0.35
2025-05-12 19:00:00,0.0,4.356336957297572,0.35
2025-05-12 20:00:00,0.0,3.3745554425737034,0.35
2025-05-12 21:00:00,0.0,2.8090972079252907,0.35
2025-05-12 22:00:00,0.0,1.9186903430662057,0.2
2025-05-12 23:00:00,0.0,1.4927557869020305,0.2
2025-05-13 00:00:00,0.0,1.0431350858590178,0.1
2025-05-13 01:00:00,0.0,0.929528080390903,0.1
2025-05-13 02:00:00,0.0,0.9124904875336346,0.1
2025-05-13 03:00:00,0.0,0.7844416692421741,0.1
2025-05-13 04:00:00,0.0,1.2547033180522331,0.1
2025-05-13 05:00:00,0.0,1.3625114028618233,0.1
2025-05-13 06:00:00,0.0,2.005778222580878,0.1
2025-05-13 07:00:00,0.9492067729750249,2.5393956242284528,0.2
2025-05-13 08:00:00,2.5738893916540073,2.868633716134665,0.2
2025-05-13 09:00:00,4.115688710013549,2.3858229724672873,0.2
2025-05-13 10:00:00,4.859675865160803,1.8941282936546857,0.2
2025-05-13 11:00:00,5.034862311047075,1.0637183094512859,0.2
2025-05-13 12:00:00,3.4347981031447667,1.4334260887169594,0.2
2025-05-13 13:00:00,3.8518480379845634,0.7795303136749846,0.2
2025-05-13 14:00:00,3.5087077541444294,1.1872137499685278,0.2
2025-05-13 15:00:00,2.733942370712928,1.7194141200908224,0.2
2025-05-13 16:00:00,2.3431147545781568,2.093776685600105,0.35
2025-05-13 17:00:00,1.2293359188079807,2.8547267520962154,0.35
2025-05-13 18:00:00,5.140004562713602e-16,3.4537939788081338,0.35
2025-05-13 19:00:00,0.0,3.7236461622906605,0.35
2025-05-13 20:00:00,0.0,3.801500729537329,0.35
2025-05-13 21:00:00,0.0,3.12082142729289,0.35
2025-05-13 22:00:00,0.0,1.8861874039794149,0.2
2025-05-13 23:00:00,0.0,1.1781935481865677,0.2
2025-05-14 00:00:00,0.0,0.5083674455624902,0.1
2025-05-14 01:00:00,0.0,0.8038843602057194,0.1
2025-05-14 02:00:00,0.0,0.9779395567559976,0.43101110710736573
2025-05-14 03:00:00,0.0,1.3275564884463305,0.1
2025-05-14 04:00:00,0.0,1.191757740017525,0.1
2025-05-14 05:00:00,0.0,1.331687647483268,0.1
2025-05-14 06:00:00,0.0,1.7422006507616246,0.1
2025-05-14 07:00:00,1.1178102160138788,2.4848417080723646,0.2
2025-05-14 08:00:00,2.408518197296115,3.2811303293751437,0.2
2025-05-14 09:00:00,3.2959980096380055,2.6416336939448106,0.2
2025-05-14 10:00:00,3.206194248838547,1.4018246385223492,0.2
2025-05-14 11:00:00,5.567818143447101,1.1369690247774842,0.2
2025-05-14 12:00:00,5.200228275492223,0.8920502685693239,0.2
2025-05-14 13:00:00,5.505190051121787,0.9318060280581797,0.2
2025-05-14 14:00:00,4.99182821083115,1.2450638581830444,0.2
2025-05-14 15:00:00,3.833712276895572,1.3845542022892152,0.2
2025-05-14 16:00:00,2.2315110166358973,1.9585856523466108,0.35
2025-05-14 17:00:00,1.2926300541736548,3.0822866418629067,0.35
2025-05-14 18:00:00,4.4066677376712223e-16,3.508198490243175,0.35
2025-05-14 19:00:00,0.0,4.372839905181671,0.35
2025-05-14 20:00:00,0.0,3.5132291894795946,0.35
2025-05-14 21:00:00,0.0,2.837431618460415,0.35
2025-05-14 22:00:00,0.0,1.9177166829944958,0.2
2025-05-14 23:00:00,0.0,1.4306896764100303,0.2
2025-05-15 00:00:00,0.0,1.0889197306869198,0.1
2025-05-15 01:00:00,0.0,1.0868043769560023,0.1
2025-05-15 02:00:00,0.0,0.8500474591316897,0.1
2025-05-15 03:00:00,0.0,0.7831489047894695,0.1
2025-05-15 04:00:00,0.0,1.5577653597520733,0.1
2025-05-15 05:00:00,0.0,1.1738736986218068,0.1
2025-05-15 06:00:00,0.0,1.962067070756248,0.1
2025-05-15 07:00:00,0.8199696994558238,2.279946589418916,0.2
2025-05-15 08:00:00,1.8119540381717385,2.9440782658926157,0.2
2025-05-15 09:00:00,4.1563850998421215,2.576046108996644,0.2
2025-05-15 10:00:00,3.3424326967489004,1.9169077908921202,0.2
2025-05-15 11:00:00,4.066510421666723,0.727186126158545,0.2
2025-05-15 12:00:00,3.436136986968845,1.0969215975393154,0.2
2025-05-15 13:00:00,3.6704203100973536,0.8111105388200941,0.2
2025-05-15 14:00:00,4.090016267354715,1.197350868365012,0.2
2025-05-15 15:00:00,3.534082415402255,1.1987773392804326,0.2
2025-05-15 16:00:00,1.9356849096469206,1.802862194562227,0.35
2025-05-15 17:00:00,0.8510290152349922,2.764866487519206,0.35
2025-05-15 18:00:00,5.295667044666007e-16,3.437024814279874,0.35
2025-05-15 19:00:00,0.0,3.90489311065713,0.35
2025-05-15 20:00:00,0.0,3.408815554045149,0.35
2025-05-15 21:00:00,0.0,2.452957888798155,0.35
2025-05-15 22:00:00,0.0,2.177548812560921,0.2
2025-05-15 23:00:00,0.0,1.1467961111450524,0.2
2025-05-16 00:00:00,0.0,0.9642651541506972,0.1
2025-05-16 01:00:00,0.0,1.150615545236984,0.1
2025-05-16 02:00:00,0.0,0.8776821047525971,0.1
2025-05-16 03:00:00,0.0,0.8426986603298761,0.1
2025-05-16 04:00:00,0.0,1.1023786193044156,0.1
2025-05-16 05:00:00,0.0,1.4942573310873477,0.1
2025-05-16 06:00:00,0.0,1.5883615300045568,0.1
2025-05-16 07:00:00,1.1387554224726737,2.5714452851200678,0.2
2025-05-16 08:00:00,2.914381474753053,2.6535018908800856,0.2
2025-05-16 09:00:00,3.5947021953399183,2.5228457850566945,0.2
2025-05-16 10:00:00,4.13565866310569,1.8291857138141687,0.2
2025-05-16 11:00:00,3.357258266815698,1.1007520260059196,0.2
2025-05-16 12:00:00,5.003340132688399,0.972295108158603,0.2
2025-05-16 13:00:00,3.36270402082683,0.7594134762321827,0.2
2025-05-16 14:00:00,3.6086233503665466,1.147897448402326,0.2
2025-05-16 15:00:00,2.5181616238559967,1.6171820284246952,0.2
2025-05-16 16:00:00,2.636341619089745,1.7545299597932504,0.35
2025-05-16 17:00:00,0.9728519141829551,2.695057656287383,0.35
2025-05-16 18:00:00,5.311517662065948e-16,3.747999957491349,0.35
2025-05-16 19:00:00,0.0,4.242418143868749,0.35
2025-05-16 20:00:00,0.0,3.348852745312026,0.35
2025-05-16 21:00:00,0.0,2.7858350316547105,0.35
2025-05-16 22:00:00,0.0,2.0305835665389544,0.2
2025-05-16 23:00:00,0.0,1.3855945715840683,0.2
2025-05-17 00:00:00,0.0,0.5046429182968766,0.1
2025-05-17 01:00:00,0.0,1.1002553307999814,0.1
2025-05-17 02:00:00,0.0,1.3045381954739346,0.1
2025-05-17 03:00:00,0.0,1.0310641905128843,0.1
2025-05-17 04:00:00,0.0,0.8509097909120785,0.1
2025-05-17 05:00:00,0.0,1.1680451172690607,0.1
2025-05-17 06:00:00,0.0,2.1762071965529692,0.1
2025-05-17 07:00:00,0.816456443936775,2.7834673596956674,0.2
2025-05-17 08:00:00,2.691482983573282,3.1280061335504166,0.2
2025-05-17 09:00:00,3.3915924151457437,2.672768502500008,0.2
2025-05-17 10:00:00,4.966560067738215,1.6901173544683592,0.2
2025-05-17 11:00:00,5.495040255667802,1.2315627182257791,0.2
2025-05-17 12:00:00,5.757404343577262,1.048108927787946,0.2
2025-05-17 13:00:00,4.480458482269217,1.1509736931065615,0.2
2025-05-17 14:00:00,3.607364345104585,1.434265504979408,0.2
2025-05-17 15:00:00,3.9567669059492285,1.6297108060066907,0.2
2025-05-17 16:00:00,2.266470030149394,1.690081862588135,0.35
2025-05-17 17:00:00,0.9566824864152874,2.8643910033780693,0.35
2025-05-17 18:00:00,7.095340239525033e-16,3.794843377234092,0.35
2025-05-17 19:00:00,0.0,4.123772066033128,0.35
2025-05-17 20:00:00,0.0,3.521643955076328,0.35
2025-05-17 21:00:00,0.0,3.4024138222915727,0.35
2025-05-17 22:00:00,0.0,1.7185404896088254,0.2
2025-05-17 23:00:00,0.0,1.189368160376628,0.2
2025-05-18 00:00:00,0.0,1.0467203479246092,0.1
2025-05-18 01:00:00,0.0,1.4233979399309977,0.1
2025-05-18 02:00:00,0.0,0.8334319551149715,0.1
2025-05-18 03:00:00,0.0,0.9545661671495852,0.1
2025-05-18 04:00:00,0.0,1.2725897361740697,0.1
2025-05-18 05:00:00,0.0,1.2670981355643707,0.1
2025-05-18 06:00:00,0.0,1.7553038121157916,0.1
2025-05-18 07:00:00,0.8641559695185836,2.7146014319008995,0.2
2025-05-18 08:00:00,2.579999930091237,3.0545044079194694,0.2
2025-05-18 09:00:00,2.3776098863392647,2.807573742920491,0.2
2025-05-18 10:00:00,3.7289804163817615,2.080638554719626,0.2
2025-05-18 11:00:00,5.454366912051885,1.3330775663580052,0.2
2025-05-18 12:00:00,4.487432939004338,1.122040019999311,0.2
2025-05-18 13:00:00,6.03907168699203,1.0838810263508993,0.2
2025-05-18 14:00:00,4.22670510487335,1.230307837455885,0.2
2025-05-18 15:00:00,2.9244877919285996,1.417077306222358,0.2
2025-05-18 16:00:00,1.9097571714354247,1.9738370372828853,0.35
2025-05-18 17:00:00,1.094223680116557,3.058917433763308,0.35
2025-05-18 18:00:00,5.261897937659227e-16,3.9507139442715213,0.35
2025-05-18 19:00:00,0.0,3.698489411077517,0.35
2025-05-18 20:00:00,0.0,3.6494949381019257,0.35
2025-05-18 21:00:00,0.0,2.6818530924488537,0.35
2025-05-18 22:00:00,0.0,1.9117631087778348,0.2
2025-05-18 23:00:00,0.0,1.4865090916569024,0.2
2025-05-19 00:00:00,0.0,1.1338890059807878,0.1
2025-05-19 01:00:00,0.0,0.9776120402159579,0.1
2025-05-19 02:00:00,0.0,0.6180028583112451,0.1
2025-05-19 03:00:00,0.0,0.8147227241637477,0.1
2025-05-19 04:00:00,0.0,1.2364309356109644,0.1
2025-05-19 05:00:00,0.0,0.7225852821349311,0.1
2025-05-19 06:00:00,0.0,2.0597100133582504,0.1
2025-05-19 07:00:00,1.4395377699828833,2.705720849652464,0.2
2025-05-19 08:00:00,2.428976354827207,3.2632360261795554,0.2
2025-05-19 09:00:00,2.3658961240091334,2.5617721484169405,0.2
2025-05-19 10:00:00,4.79968481071342,1.4100636921019727,0.2
2025-05-19 11:00:00,4.799380319524145,1.3577494826582324,0.2
2025-05-19 12:00:00,5.5906549766500255,1.3186240997313177,0.2
2025-05-19 13:00:00,5.308598792874845,1.226003190996357,0.2
2025-05-19 14:00:00,4.898821360593923,0.9999434294284203,0.9585822330991984
2025-05-19 15:00:00,3.3676257905138067,1.4233953937405945,0.2
2025-05-19 16:00:00,1.7888058722851718,1.8673914799913585,0.35
2025-05-19 17:00:00,1.3569953246891922,2.655738716759985,0.35
2025-05-19 18:00:00,6.226121719068787e-16,3.838568422436483,0.35
2025-05-19 19:00:00,0.0,3.760493537751169,0.35
2025-05-19 20:00:00,0.0,3.4687274216374893,0.35
2025-05-19 21:00:00,0.0,2.5987868524434234,0.35
2025-05-19 22:00:00,0.0,1.67590789741524,0.2
2025-05-19 23:00:00,0.0,1.4352887080783587,0.2
2025-05-20 00:00:00,0.0,1.2323019413686893,0.1
2025-05-20 01:00:00,0.0,0.9630619776891738,0.1
2025-05-20 02:00:00,0.0,0.6995213651429724,0.1
2025-05-20 03:00:00,0.0,1.1757207482273893,0.1
2025-05-20 04:00:00,0.0,1.3942713523779255,0.1
2025-05-20 05:00:00,0.0,1.1414221017125985,0.1
2025-05-20 06:00:00,0.0,1.726513729678307,0.1
2025-05-20 07:00:00,0.941078259521981,2.7046069775402346,0.2
2025-05-20 08:00:00,2.3170579330852297,3.3243755594305613,0.2
2025-05-20 09:00:00,3.815886020933434,2.4975191566480874,0.2
2025-05-20 10:00:00,3.46058259240146,1.5558548207069127,0.2
2025-05-20 11:00:00,3.651175350141556,1.3979606756114142,0.2
2025-05-20 12:00:00,4.1307673533007865,1.2235070895521092,0.2
2025-05-20 13:00:00,3.7703645065596763,1.0422851199807182,0.2
2025-05-20 14:00:00,3.3080213046474904,1.0208550741945372,0.2
2025-05-20 15:00:00,3.1677217208859334,1.6049189248464744,0.2
2025-05-20 16:00:00,2.999191750079535,2.079565934656936,0.35
2025-05-20 17:00:00,1.2263637042773547,2.665904906217161,0.35
2025-05-20 18:00:00,4.573943566097614e-16,3.6573096544616472,0.35
2025-05-20 19:00:00,0.0,3.729658493599272,0.35
2025-05-20 20:00:00,0.0,3.784668799041396,0.35
2025-05-20 21:00:00,0.0,2.7671452652613295,0.35
2025-05-20 22:00:00,0.0,1.8868152355981018,0.2
2025-05-20 23:00:00,0.0,1.3994309526793511,0.2
2025-05-21 00:00:00,0.0,1.0080628715383435,0.1
2025-05-21 01:00:00,0.0,1.1790233412513391,0.1
2025-05-21 02:00:00,0.0,1.11888903152085,0.1
2025-05-21 03:00:00,0.0,0.9764499845204231,0.1
2025-05-21 04:00:00,0.0,1.2098646315147303,0.1
2025-05-21 05:00:00,0.0,1.35081801728024,0.1
2025-05-21 06:00:00,0.0,1.7369046557646433,0.1
2025-05-21 07:00:00,1.0352022241602825,2.5765312198762587,0.2
2025-05-21 08:00:00,1.8760620441783595,2.9703562321049266,0.2
2025-05-21 09:00:00,3.7753298659207934,2.702538254427973,0.2
2025-05-21 10:00:00,3.3252569451570912,1.7489402539622254,0.2
2025-05-21 11:00:00,4.854888218948566,1.193595117072606,0.2
2025-05-21 12:00:00,3.9843493352034196,1.457444936810441,0.2
2025-05-21 13:00:00,5.057767775362202,1.2290059262430937,0.2
2025-05-21 14:00:00,4.9520502346934485,0.9803615932409996,0.2
2025-05-21 15:00:00,3.9610938043107016,1.5202313774365048,0.2
2025-05-21 16:00:00,2.7738622924447167,1.9976287468783787,0.35
2025-05-21 17:00:00,0.9685083791478222,2.8979022446498783,0.35
2025-05-21 18:00:00,4.199383919727666e-16,3.674958973113534,0.35
2025-05-21 19:00:00,0.0,4.237928529101248,0.35
2025-05-21 20:00:00,0.0,3.716614776684101,0.35
2025-05-21 21:00:00,0.0,2.807174239495043,0.35
2025-05-21 22:00:00,0.0,2.1823955174716527,0.2
2025-05-21 23:00:00,0.0,1.4526628579274123,0.2
2025-05-22 00:00:00,0.0,1.0242970475381055,0.1
2025-05-22 01:00:00,0.0,1.0628418494354497,0.1
2025-05-22 02:00:00,0.0,0.9819491205825324,0.1
2025-05-22 03:00:00,0.0,1.0095772388780775,0.1
2025-05-22 04:00:00,0.0,0.9397920838185566,0.1
2025-05-22 05:00:00,0.0,1.1204371226171417,0.1
2025-05-22 06:00:00,0.0,1.6225105057253626,0.1
2025-05-22 07:00:00,1.5507341658625544,2.3230781941641405,0.2
2025-05-22 08:00:00,2.980317883674779,2.8240573375966393,0.2
2025-05-22 09:00:00,2.9584179871179903,2.5666325788997475,0.2
2025-05-22 10:00:00,5.197173596111438,1.842968293395681,0.2
2025-05-22 11:00:00,6.086982164057891,1.2174176417274047,0.2
2025-05-22 12:00:00,5.762688989294771,0.5925527768981778,0.2
2025-05-22 13:00:00,5.625657300449914,1.3559761014461411,0.2
2025-05-22 14:00:00,3.414754737635412,1.3497777507041038,0.2
2025-05-22 15:00:00,3.5196391436611285,1.495195148891491,0.2
2025-05-22 16:00:00,1.6846201183255178,2.355456868257997,0.35
2025-05-22 17:00:00,0.8946253692533938,2.6241191861011175,0.35
2025-05-22 18:00:00,7.727939671172717e-16,4.025015732325714,0.35
2025-05-22 19:00:00,0.0,3.8069571846540913,0.35
2025-05-22 20:00:00,0.0,3.6952382928120833,0.35
2025-05-22 21:00:00,0.0,2.5648245141110597,0.35
2025-05-22 22:00:00,0.0,1.9768962211839225,0.2
2025-05-22 23:00:00,0.0,1.4832391493095158,0.2
2025-05-23 00:00:00,0.0,0.969063265445383,0.1
2025-05-23 01:00:00,0.0,1.1428128177562544,0.1
2025-05-23 02:00:00,0.0,1.020473815153257,0.1
2025-05-23 03:00:00,0.0,0.9032488946034818,0.1
2025-05-23 04:00:00,0.0,0.9437683380104633,0.1
2025-05-23 05:00:00,0.0,1.4328533210650567,0.1
2025-05-23 06:00:00,0.0,1.6914761770604572,0.1
2025-05-23 07:00:00,1.2821659518501387,2.7845554456205432,0.2
2025-05-23 08:00:00,2.0761916245240624,3.2445431684399373,0.2
2025-05-23 09:00:00,3.700125402555215,2.267743213323907,0.2
2025-05-23 10:00:00,3.374845472831185,2.048930054366761,0.2
2025-05-23 11:00:00,3.099211529507566,1.6837614940458727,0.2
2025-05-23 12:00:00,5.580739094846313,1.114094227164035,0.2
2025-05-23 13:00:00,4.960977262601772,1.1608756669526372,0.2
2025-05-23 14:00:00,4.827444212361229,1.3398827909998592,0.2
2025-05-23 15:00:00,2.3237038861752355,1.3509467156122608,0.2
2025-05-23 16:00:00,2.905451200354936,2.0104147784549173,0.35
2025-05-23 17:00:00,1.3258376657622704,2.5567521036732375,0.35
2025-05-23 18:00:00,6.055999236684029e-16,3.675217713906603,0.35
2025-05-23 19:00:00,0.0,4.09962239913311,0.35
2025-05-23 20:00:00,0.0,3.750723312339106,0.35
2025-05-23 21:00:00,0.0,3.0326769238574167,0.35
2025-05-23 22:00:00,0.0,1.8189969664479433,0.2
2025-05-23 23:00:00,0.0,1.2994844983751388,0.2
2025-05-24 00:00:00,0.0,1.379102800870565,0.1
2025-05-24 01:00:00,0.0,0.9699716541854849,0.1
2025-05-24 02:00:00,0.0,1.0406776827182713,0.1
2025-05-24 03:00:00,0.0,0.9943298319339394,0.1
2025-05-24 04:00:00,0.0,0.8927948363099267,0.1
2025-05-24 05:00:00,0.0,1.5953764087202786,0.1
2025-05-24 06:00:00,0.0,1.7166843006377295,0.1
2025-05-24 07:00:00,1.5822685302489035,2.37601774678217,0.2
2025-05-24 08:00:00,2.1262395264265037,2.9098527544130004,0.2
2025-05-24 09:00:00,3.4232372300883775,2.201144785448026,0.2
2025-05-24 10:00:00,3.3252406870640536,1.6920872839099173,0.2
2025-05-24 11:00:00,6.108637662568159,1.0780512347864675,0.2
2025-05-24 12:00:00,6.278134933886213,1.1871792011091142,0.2
2025-05-24 13:00:00,5.049155790763165,0.9063759819816982,0.2
2025-05-24 14:00:00,4.952074343977522,1.3100425132417972,0.2
2025-05-24 15:00:00,3.8432161599907517,1.6857399772619295,0.2
2025-05-24 16:00:00,2.524348053802555,2.130193801004863,0.35
2025-05-24 17:00:00,0.8639496364798396,2.776514351825844,0.35
2025-05-24 18:00:00,5.645778314146419e-16,3.6757136075416312,0.35
2025-05-24 19:00:00,0.0,3.6950030119753894,0.35
2025-05-24 20:00:00,0.0,3.620734833249564,0.35
2025-05-24 21:00:00,0.0,2.647504285524534,0.35
2025-05-24 22:00:00,0.0,2.112822678304909,0.2
2025-05-24 23:00:00,0.0,1.920556327558733,0.2
2025-05-25 00:00:00,0.0,1.0999656588670559,0.1
2025-05-25 01:00:00,0.0,0.6018092991472936,0.1
2025-05-25 02:00:00,0.0,0.9284248866729311,0.1
2025-05-25 03:00:00,0.0,1.0322300253538745,0.1
2025-05-25 04:00:00,0.0,1.074602486622984,0.1
2025-05-25 05:00:00,0.0,1.1245079414201666,0.1
2025-05-25 06:00:00,0.0,1.8712829315492376,0.1
2025-05-25 07:00:00,1.3141126671804915,2.3529746841396784,0.2
2025-05-25 08:00:00,1.8720644152988417,2.8110190653365374,0.2
2025-05-25 09:00:00,3.827812762697906,2.730645514113875,0.2
2025-05-25 10:00:00,4.000836631747997,1.6192121307305885,0.2
2025-05-25 11:00:00,5.114266379100282,1.3793192754553842,0.2
2025-05-25 12:00:00,5.833131807308394,0.7898007199924377,0.2
2025-05-25 13:00:00,3.5870273018012795,1.39402400665202,0.2
2025-05-25 14:00:00,2.802027625670535,0.9776277416452164,0.2
2025-05-25 15:00:00,3.9938509440975283,1.3613098642873764,0.2
2025-05-25 16:00:00,2.5551718418659033,2.0400813859654243,0.35
2025-05-25 17:00:00,1.3965578270309111,2.7065220190976405,0.35
2025-05-25 18:00:00,7.146589466105986e-16,3.6761719004147735,0.35
2025-05-25 19:00:00,0.0,4.115071344908226,0.35
2025-05-25 20:00:00,0.0,3.839613354254509,0.35
2025-05-25 21:00:00,0.0,2.977891466332492,0.35
2025-05-25 22:00:00,0.0,1.9395953093145144,0.2
2025-05-25 23:00:00,0.0,1.3766794949011176,0.2
2025-05-26 00:00:00,0.0,1.4698230432773005,0.1
2025-05-26 01:00:00,0.0,1.1900151425880854,0.1
2025-05-26 02:00:00,0.0,0.816306193991763,0.1
2025-05-26 03:00:00,0.0,1.027729473032094,0.1
2025-05-26 04:00:00,0.0,0.9901023738152928,0.1
2025-05-26 05:00:00,0.0,1.2436037197572953,0.1
2025-05-26 06:00:00,0.0,1.576325551480233,0.1
2025-05-26 07:00:00,0.8659050063065742,2.519090204646365,0.2
2025-05-26 08:00:00,1.640606899141099,3.3623119645123336,0.2
2025-05-26 09:00:00,3.2007728237191,2.7173012459682333,0.2
2025-05-26 10:00:00,2.987095064665602,1.3241124952762617,0.2
2025-05-26 11:00:00,4.936066117765047,1.5150216528565221,0.2
2025-05-26 12:00:00,5.981983887317188,1.2816193795054815,0.2
2025-05-26 13:00:00,5.784117769530593,0.9692017690323894,0.2
2025-05-26 14:00:00,4.569320076726441,1.2759344348826704,0.2
2025-05-26 15:00:00,2.72379835861398,1.234163336484625,0.2
2025-05-26 16:00:00,2.9624074864173546,1.8799075904940716,0.35
2025-05-26 17:00:00,1.5524660443847171,3.1193012817318304,0.35
2025-05-26 18:00:00,4.660601535616921e-16,3.593144700226571,0.35
2025-05-26 19:00:00,0.0,3.6260536676132027,0.35
2025-05-26 20:00:00,0.0,3.6348300631975445,0.35
2025-05-26 21:00:00,0.0,2.8038743005550293,0.35
2025-05-26 22:00:00,0.0,2.2136311159497413,0.2
2025-05-26 23:00:00,0.0,1.40887313414499,0.2
2025-05-27 00:00:00,0.0,0.9156848693842354,0.1
2025-05-27 01:00:00,0.0,1.209048557984468,0.1
2025-05-27 02:00:00,0.0,1.0248289717560277,0.1
2025-05-27 03:00:00,0.0,0.8577273039658402,0.1
2025-05-27 04:00:00,0.0,1.2881305136792547,0.1
2025-05-27 05:00:00,0.0,1.3094029194452772,0.1
2025-05-27 06:00:00,0.0,1.8228097763577382,0.1
2025-05-27 07:00:00,0.8797475729057795,2.6370565298058866,0.2
2025-05-27 08:00:00,3.1463225835674384,2.7858671355902316,0.2
2025-05-27 09:00:00,4.092836435040715,2.495955230557465,0.2
2025-05-27 10:00:00,5.1108208945666656,1.8230612972731104,0.2
2025-05-27 11:00:00,5.963214830053527,1.232744215351997,0.2
2025-05-27 12:00:00,3.4567013153541426,1.3181791514869685,0.2
2025-05-27 13:00:00,4.263552296058733,1.0845400004390735,0.2
2025-05-27 14:00:00,2.9547786075318974,1.3034625106533078,0.2
2025-05-27 15:00:00,2.7273799042940845,1.407922249563235,0.2
2025-05-27 16:00:00,1.9581313454873452,2.1852164304965678,0.35
2025-05-27 17:00:00,1.2112684832246143,2.8990975609124905,0.35
2025-05-27 18:00:00,4.948952700714951e-16,3.6501748052782057,0.35
2025-05-27 19:00:00,0.0,3.9973433822123963,0.35
2025-05-27 20:00:00,0.0,3.4566029824956193,0.35
2025-05-27 21:00:00,0.0,2.920975123165163,0.35
2025-05-27 22:00:00,0.0,1.9659164551677735,0.2
2025-05-27 23:00:00,0.0,1.305607457673597,0.2
2025-05-28 00:00:00,0.0,1.2212936858347083,0.1
2025-05-28 01:00:00,0.0,0.7499941237592667,0.1
2025-05-28 02:00:00,0.0,0.9161717461693188,0.1
2025-05-28 03:00:00,0.0,1.2132755900348904,0.1
2025-05-28 04:00:00,0.0,1.1202355897549818,0.1
2025-05-28 05:00:00,0.0,1.2610987810113659,0.1
2025-05-28 06:00:00,0.0,1.87242529165188,0.1
2025-05-28 07:00:00,0.9329129563886087,2.637357685733324,0.2
2025-05-28 08:00:00,2.00451622749833,2.6966683006163668,0.2
2025-05-28 09:00:00,3.0578530829834345,2.5316336087235403,0.2
2025-05-28 10:00:00,4.625667689556107,2.1456491078093034,0.2
2025-05-28 11:00:00,3.2748323133172335,1.1398121274014994,0.2
2025-05-28 12:00:00,3.862398950423492,1.0000332721027825,0.2
2025-05-28 13:00:00,5.575423576416824,0.9327346772318352,0.2
2025-05-28 14:00:00,3.1692341936126542,1.1150786814623999,0.2
2025-05-28 15:00:00,3.0292568268629045,1.2894186123832054,0.2
2025-05-28 16:00:00,2.9748101504786755,2.0713070341789552,0.35
2025-05-28 17:00:00,0.9537619157262893,2.859054692055913,0.35
2025-05-28 18:00:00,4.230810862113368e-16,3.8022002312219163,0.35
2025-05-28 19:00:00,0.0,3.789811766766409,0.35
2025-05-28 20:00:00,0.0,3.579422611177231,0.35
2025-05-28 21:00:00,0.0,2.7744474528154734,0.35
2025-05-28 22:00:00,0.0,2.065086784092768,0.2
2025-05-28 23:00:00,0.0,1.247361610268431,0.2
2025-05-29 00:00:00,0.0,1.1831320925239628,0.1
2025-05-29 01:00:00,0.0,1.2373204470417487,0.1
2025-05-29 02:00:00,0.0,0.802896455728689,0.1
2025-05-29 03:00:00,0.0,0.9095572613002705,0.1
2025-05-29 04:00:00,0.0,0.9507446999125128,0.1
2025-05-29 05:00:00,0.0,1.7971478074774172,0.1
2025-05-29 06:00:00,0.0,1.7362445619802733,0.1
2025-05-29 07:00:00,1.2072171605734516,2.9369999399547826,0.2
2025-05-29 08:00:00,2.087504081809708,2.746674410852229,0.2
2025-05-29 09:00:00,4.117980540895461,2.40355579256026,0.2
2025-05-29 10:00:00,2.9252092435969157,1.6850238705369136,0.2
2025-05-29 11:00:00,4.3789100031130745,1.1025390920676283,0.2
2025-05-29 12:00:00,4.660645514221354,1.0101137280919494,0.2
2025-05-29 13:00:00,5.32469168633857,0.899303189349373,0.2
2025-05-29 14:00:00,4.356871570930988,0.9686134075791126,0.2
2025-05-29 15:00:00,3.767350058246505,1.6377375779427308,0.2
2025-05-29 16:00:00,2.8394193393959344,2.2187174582499765,0.35
2025-05-29 17:00:00,1.5402219386821185,3.0094513092729227,0.35
2025-05-29 18:00:00,5.141917730410608e-16,3.7522904993173785,0.35
2025-05-29 19:00:00,0.0,4.018548613160111,0.35
2025-05-29 20:00:00,0.0,3.54808456962063,0.35
2025-05-29 21:00:00,0.0,2.6289604781868823,0.35
2025-05-29 22:00:00,0.0,2.0465565427615866,0.2
2025-05-29 23:00:00,0.0,1.1712797712004785,0.2
2025-05-30 00:00:00,0.0,0.8012171458372153,0.1
2025-05-30 01:00:00,0.0,1.2306199801791888,0.1
2025-05-30 02:00:00,0.0,1.380800733600223,0.1
2025-05-30 03:00:00,0.0,1.0863908679122798,0.1
2025-05-30 04:00:00,0.0,1.27842243202986,0.1
2025-05-30 05:00:00,0.0,1.2215009030531208,0.1
2025-05-30 06:00:00,0.0,1.5546897458043138,0.1
2025-05-30 07:00:00,1.540502814505753,2.7239091752472726,0.2
2025-05-30 08:00:00,2.2511535124954833,3.1138586745275636,0.2
2025-05-30 09:00:00,3.005803380248268,2.6158196965691816,0.2
2025-05-30 10:00:00,4.029890915777263,1.7738696852855314,0.2
2025-05-30 11:00:00,5.448301082644599,1.4641190700731523,0.2
2025-05-30 12:00:00,3.6036320296721165,0.8665468682381544,0.2
2025-05-30 13:00:00,3.698523848929527,0.8863027141155411,0.2
2025-05-30 14:00:00,5.408641225778176,0.9308604247739418,0.2
2025-05-30 15:00:00,2.660148050768498,1.4230377711752307,0.2
2025-05-30 16:00:00,2.5086599477113425,1.7563801313254914,0.35
2025-05-30 17:00:00,1.308175796948537,2.6827435734948106,0.35
2025-05-30 18:00:00,5.838333682757166e-16,3.5063395957550734,0.35
2025-05-30 19:00:00,0.0,3.9478783335374095,0.35
2025-05-30 20:00:00,0.0,3.3500158184730164,0.35
2025-05-30 21:00:00,0.0,2.8370329775453538,0.35
2025-05-30 22:00:00,0.0,2.2234181322079847,0.2
2025-05-30 23:00:00,0.0,1.4331041241731903,0.2
2025-05-31 00:00:00,0.0,1.3082655606325582,0.1
2025-05-31 01:00:00,0.0,1.266836966113612,0.4423424196679839
2025-05-31 02:00:00,0.0,1.1562179347053767,0.1
2025-05-31 03:00:00,0.0,1.0226690088063608,0.32072471700687566
2025-05-31 04:00:00,0.0,1.0616310792200192,0.1
2025-05-31 05:00:00,0.0,1.4234305210145695,0.1
2025-05-31 06:00:00,0.0,1.7438904611210442,0.1
2025-05-31 07:00:00,1.0664778396180277,2.224970701230063,0.2
2025-05-31 08:00:00,3.0881118376265104,3.0984016206941427,0.2
2025-05-31 09:00:00,4.4642492585621,2.3752722598061387,0.2
2025-05-31 10:00:00,4.3610616007568375,1.6299165312684767,0.2
2025-05-31 11:00:00,3.538374853985452,1.2717217439560904,0.2
2025-05-31 12:00:00,4.4052787285542205,1.0446684994129554,0.2
2025-05-31 13:00:00,5.565218186307922,0.7586437086305466,0.2
2025-05-31 14:00:00,3.7952174793721087,1.1655800389526554,0.2
2025-05-31 15:00:00,2.4633993950622695,1.5992711108202748,0.2
2025-05-31 16:00:00,2.4946637872033812,1.7482904196941866,0.35
2025-05-31 17:00:00,1.530503941201564,3.0740886757676114,0.35
2025-05-31 18:00:00,7.048761045393016e-16,3.335456543174524,0.35
2025-05-31 19:00:00,0.0,4.423464828878392,0.35
2025-05-31 20:00:00,0.0,3.565238621657115,0.35
2025-05-31 21:00:00,0.0,2.848715378503279,0.35
2025-05-31 22:00:00,0.0,1.5955506875779153,0.2
2025-05-31 23:00:00,0.0,1.3935786364159763,0.2
2025-06-01 00:00:00,0.0,1.0456977672159324,0.1
2025-06-01 01:00:00,0.0,0.982804908118328,0.1
2025-06-01 02:00:00,0.0,0.888054709845331,0.1
2025-06-01 03:00:00,0.0,0.8184189365734207,0.1
2025-06-01 04:00:00,0.0,1.2832363254783934,0.1
2025-06-01 05:00:00,0.0,1.2768319935415073,0.1
2025-06-01 06:00:00,0.0,2.130375058325205,0.1
2025-06-01 07:00:00,0.956893127960974,2.496178380564571,0.2
2025-06-01 08:00:00,2.340024064262635,2.9130418711991073,0.2
2025-06-01 09:00:00,3.066248063389625,2.7646048347123653,0.2
2025-06-01 10:00:00,3.039874450461715,1.497749784505841,0.2
2025-06-01 11:00:00,4.606776449446159,1.0289842823263482,0.2
2025-06-01 12:00:00,6.16403248177064,1.283190469194282,0.5976976745515866
2025-06-01 13:00:00,3.22402366638858,0.8066720440490338,0.2
2025-06-01 14:00:00,3.589288067951484,0.7686715230655179,0.2
2025-06-01 15:00:00,2.7402064326277324,1.7797486162626834,0.2
2025-06-01 16:00:00,1.9867284431363528,1.695195204172502,0.35
2025-06-01 17:00:00,1.5851483691692094,2.856415889263493,0.35
2025-06-01 18:00:00,5.769706914860756e-16,3.661307746745367,0.35
2025-06-01 19:00:00,0.0,3.4378743366805846,0.35
2025-06-01 20:00:00,0.0,3.5940273031202503,0.35
2025-06-01 21:00:00,0.0,2.9092746290337224,0.35
2025-06-01 22:00:00,0.0,2.0448192783788213,0.2
2025-06-01 23:00:00,0.0,1.5867099864705383,0.2
2025-06-02 00:00:00,0.0,0.9225030686912072,0.1
2025-06-02 01:00:00,0.0,1.1425382173566592,0.1
2025-06-02 02:00:00,0.0,0.8628051116397913,0.1
2025-06-02 03:00:00,0.0,0.7256383569964286,0.1
2025-06-02 04:00:00,0.0,0.7975853264346846,0.1
2025-06-02 05:00:00,0.0,0.9782484755028344,0.1
2025-06-02 06:00:00,0.0,2.0241417766000893,0.1
2025-06-02 07:00:00,1.0016930598360405,2.2985601497118444,0.2
2025-06-02 08:00:00,2.1535671245027466,3.0548085780034113,0.2
2025-06-02 09:00:00,3.4322522265186213,2.548301146978646,0.2
2025-06-02 10:00:00,4.4945698033231976,1.8018150622164275,0.2
2025-06-02 11:00:00,5.930142045453868,1.544398413396873,0.2
2025-06-02 12:00:00,4.851602394704139,0.9760080014805946,0.2
2025-06-02 13:00:00,4.65966250482635,1.1633791422036093,0.2
2025-06-02 14:00:00,2.9226087249716324,1.1399943964022496,0.2
2025-06-02 15:00:00,2.351464801410501,1.3756393975215255,0.2
2025-06-02 16:00:00,2.49216524849423,2.4339525586246378,0.35
2025-06-02 17:00:00,1.196077448091883,2.5313236604547855,0.35
2025-06-02 18:00:00,7.237447488344674e-16,3.9053170752880018,0.35
2025-06-02 19:00:00,0.0,4.131281313102195,0.35
2025-06-02 20:00:00,0.0,3.551585708827455,0.35
2025-06-02 21:00:00,0.0,3.1454556826262228,0.35
2025-06-02 22:00:00,0.0,1.6043353795973418,0.2
2025-06-02 23:00:00,0.0,1.3016525182500236,0.2
2025-06-03 00:00:00,0.0,0.7583048908184787,0.1
2025-06-03 01:00:00,0.0,1.082454021912519,0.1
2025-06-03 02:00:00,0.0,0.7780581050183701,0.1
2025-06-03 03:00:00,0.0,1.0943446296272474,0.21028596548184006
2025-06-03 04:00:00,0.0,1.0198437184066205,0.1
2025-06-03 05:00:00,0.0,1.1747997780107005,0.1
2025-06-03 06:00:00,0.0,1.899954032228513,0.1
2025-06-03 07:00:00,1.1591496185454577,2.547750526735943,0.2
2025-06-03 08:00:00,2.816267153482208,2.782273841261743,0.2
2025-06-03 09:00:00,2.5603542023104264,3.1617605837201284,0.2
2025-06-03 10:00:00,4.939218167743145,1.7249113403007248,0.2
2025-06-03 11:00:00,3.843836485522369,0.8281551383265299,0.2
2025-06-03 12:00:00,5.396469121236487,0.8952737369793715,0.2
2025-06-03 13:00:00,4.8657499540729,0.7876034922191266,0.2
2025-06-03 14:00:00,5.374898607773046,1.2977108493341305,0.2
2025-06-03 15:00:00,3.156002031264055,1.4703737105663823,0.2
2025-06-03 16:00:00,1.7150205927168352,2.0537012941054122,0.35
2025-06-03 17:00:00,0.84861658146723,2.7455875164304104,0.35
2025-06-03 18:00:00,7.197648151212376e-16,3.5916206587891284,0.35
2025-06-03 19:00:00,0.0,3.9258137792826675,0.35
2025-06-03 20:00:00,0.0,3.6312520709267178,0.35
2025-06-03 21:00:00,0.0,2.9866586662108676,0.35
2025-06-03 22:00:00,0.0,2.0411724845761183,0.2
2025-06-03 23:00:00,0.0,1.5060284156340114,0.2
2025-06-04 00:00:00,0.0,1.0999131133221345,0.1
2025-06-04 01:00:00,0.0,1.1769258164145746,0.1
2025-06-04 02:00:00,0.0,1.0583009335638567,0.21312621828858683
2025-06-04 03:00:00,0.0,1.0795014548147674,0.1
2025-06-04 04:00:00,0.0,1.2948922498095625,0.1
2025-06-04 05:00:00,0.0,1.137661382941295,0.1
2025-06-04 06:00:00,0.0,1.6510760670315492,0.1
2025-06-04 07:00:00,1.540614596833167,2.3642905316861844,0.2
2025-06-04 08:00:00,3.13575490712598,3.036583722597602,0.2
2025-06-04 09:00:00,4.29272547632713,2.230739537549308,0.2
2025-06-04 10:00:00,4.850841455182375,1.9147755961184891,0.2
2025-06-04 11:00:00,3.9743198875965553,1.2498383354568223,0.2
2025-06-04 12:00:00,4.127889617431274,1.2906214148878608,0.2
2025-06-04 13:00:00,6.108209559067162,0.9066753678006746,0.2
2025-06-04 14:00:00,2.8180225271460357,1.091818069042526,0.2
2025-06-04 15:00:00,3.9082746305677287,1.630483845306739,0.2
2025-06-04 16:00:00,2.747779205237708,2.2505858631029736,0.35
2025-06-04 17:00:00,1.3527009905854557,2.6835615364474954,0.35
2025-06-04 18:00:00,7.849786094531011e-16,3.6838469547179447,0.35
2025-06-04 19:00:00,0.0,4.058883795541011,0.35
2025-06-04 20:00:00,0.0,3.7222213888780415,0.35
2025-06-04 21:00:00,0.0,2.767076847274776,0.35
2025-06-04 22:00:00,0.0,2.230234081699776,0.2
2025-06-04 23:00:00,0.0,1.028065152985529,0.2
2025-06-05 00:00:00,0.0,0.9157752847120771,0.1
2025-06-05 01:00:00,0.0,1.0896234754928162,0.1
2025-06-05 02:00:00,0.0,1.0921158876456745,0.1
2025-06-05 03:00:00,0.0,1.2782836464019363,0.1
2025-06-05 04:00:00,0.0,1.2967760802111887,0.1
2025-06-05 05:00:00,0.0,1.2135622414804725,0.1
2025-06-05 06:00:00,0.0,2.0821988317279714,0.1
2025-06-05 07:00:00,0.9115874546614985,2.4586665027680645,0.2
2025-06-05 08:00:00,1.8745963730409054,3.1861782864319186,0.2
2025-06-05 09:00:00,3.6369702422583505,2.9635904814773313,0.2
2025-06-05 10:00:00,3.212498235410778,2.0653335982775474,0.2
2025-06-05 11:00:00,6.129454676099006,1.2928310310617575,0.2
2025-06-05 12:00:00,4.664648816165563,0.9973377205692249,0.2
2025-06-05 13:00:00,4.676386734812994,0.7353405706418155,0.2
2025-06-05 14:00:00,3.4810822514936004,1.1945896537088683,0.2
2025-06-05 15:00:00,3.353683314977931,1.1829997330538813,0.2
2025-06-05 16:00:00,2.6792581787852465,1.8153318010245558,0.35
2025-06-05 17:00:00,1.4613775103145998,2.581442849450525,0.35
2025-06-05 18:00:00,6.925384441575351e-16,3.5554122416691816,0.35
2025-06-05 19:00:00,0.0,3.994406117106805,0.35
2025-06-05 20:00:00,0.0,3.7022136239869528,0.35
2025-06-05 21:00:00,0.0,2.6994906520551076,0.35
2025-06-05 22:00:00,0.0,2.187814143354086,0.2
2025-06-05 23:00:00,0.0,1.3643647981118447,0.2
2025-06-06 00:00:00,0.0,0.8424568450191902,0.1
2025-06-06 01:00:00,0.0,1.0452957823869142,0.1
2025-06-06 02:00:00,0.0,1.3933814919645688,0.1
2025-06-06 03:00:00,0.0,1.0747639535860072,0.1
2025-06-06 04:00:00,0.0,0.9845598760962098,0.1
2025-06-06 05:00:00,0.0,0.9651782953181764,0.1
2025-06-06 06:00:00,0.0,1.7783421188274366,0.1
2025-06-06 07:00:00,1.5948312296709894,2.648460476541179,0.2
2025-06-06 08:00:00,2.1203022405458642,2.922484631622437,0.2
2025-06-06 09:00:00,3.8593631488169615,2.2684090581449325,0.2
2025-06-06 10:00:00,3.554390874524351,1.652231699005867,0.2
2025-06-06 11:00:00,3.7118117739503576,1.5625846465344844,0.2
2025-06-06 12:00:00,3.8234580490136563,1.3504936756697414,0.2
2025-06-06 13:00:00,4.184117021918199,0.863730996052753,0.2
2025-06-06 14:00:00,3.9969296095344053,1.2670330835659118,0.2
2025-06-06 15:00:00,4.178630713956467,1.1703286216940305,0.2
2025-06-06 16:00:00,1.8072510966586568,2.2548219901463336,0.35
2025-06-06 17:00:00,1.4492718267855818,2.8686391791767067,0.35
2025-06-06 18:00:00,6.053238273865697e-16,3.8374190079238195,0.35
2025-06-06 19:00:00,0.0,3.6569813305676933,0.35
2025-06-06 20:00:00,0.0,3.7830181281387896,0.35
2025-06-06 21:00:00,0.0,2.8180571664009997,0.35
2025-06-06 22:00:00,0.0,2.1443432162332177,0.2
2025-06-06 23:00:00,0.0,1.5889794093294078,0.2
2025-06-07 00:00:00,0.0,1.0131582695672439,0.1
2025-06-07 01:00:00,0.0,0.879871401119044,0.1
2025-06-07 02:00:00,0.0,1.1566101616917046,0.1
2025-06-07 03:00:00,0.0,0.9957009403979581,0.1
2025-06-07 04:00:00,0.0,0.8825740108654027,0.1
2025-06-07 05:00:00,0.0,1.0866401202503801,0.1
2025-06-07 06:00:00,0.0,1.5267916997593742,0.1
2025-06-07 07:00:00,1.6150395576080234,2.499416619610943,0.2
2025-06-07 08:00:00,2.941408185803212,3.2205392190884266,0.2
2025-06-07 09:00:00,3.578693101063581,2.6370519457342194,0.2
2025-06-07 10:00:00,4.635974167832584,1.7163912357219455,0.2
2025-06-07 11:00:00,5.923907671598603,1.4326481419929489,0.2
2025-06-07 12:00:00,4.521250875283702,0.8971981505789716,0.2
2025-06-07 13:00:00,4.140257779444812,1.0601288847602284,0.2
2025-06-07 14:00:00,2.8280071352250853,1.0965556515809243,0.2
2025-06-07 15:00:00,4.1725033736425905,1.5618693037657356,0.2
2025-06-07 16:00:00,2.9091019205115787,1.658513059563443,0.35
2025-06-07 17:00:00,0.9234724434165663,2.6495524604349283,0.35
2025-06-07 18:00:00,6.238542540695228e-16,3.319841576381606,0.35
2025-06-07 19:00:00,0.0,3.948080655642347,0.35
2025-06-07 20:00:00,0.0,3.889776208480298,0.35
2025-06-07 21:00:00,0.0,2.718502537207195,0.35
2025-06-07 22:00:00,0.0,1.871820614435919,0.2
2025-06-07 23:00:00,0.0,1.5803507345466654,0.2
2025-06-08 00:00:00,0.0,1.213711243363354,0.1
2025-06-08 01:00:00,0.0,0.9823231154844689,0.1
2025-06-08 02:00:00,0.0,1.1376138960657842,0.1
2025-06-08 03:00:00,0.0,0.7923409321033944,0.1
2025-06-08 04:00:00,0.0,1.332725868356014,0.1
2025-06-08 05:00:00,0.0,1.7004118253293277,0.1
2025-06-08 06:00:00,0.0,1.9264677412595956,0.1
2025-06-08 07:00:00,1.312178017432077,2.1846085272549955,0.2
2025-06-08 08:00:00,2.0958124452811853,2.888354757393994,0.2
2025-06-08 09:00:00,4.431666902234721,2.724051050126997,0.2
2025-06-08 10:00:00,5.092826638616853,1.7380481774732812,0.2
2025-06-08 11:00:00,6.195099496164827,1.5261166652069524,0.2
2025-06-08 12:00:00,4.073002377909061,1.1813249278108222,0.2
2025-06-08 13:00:00,6.1518630904259455,0.8997637297405134,0.2
2025-06-08 14:00:00,4.007733407993575,1.138934688280278,0.2
2025-06-08 15:00:00,3.080898718954486,1.2272765345202472,0.2
2025-06-08 16:00:00,1.6980928623172789,1.9374417580648549,0.35
2025-06-08 17:00:00,0.8810191794879344,2.708673361511349,0.35
2025-06-08 18:00:00,6.699951941030673e-16,3.8824430682471203,0.35
2025-06-08 19:00:00,0.0,4.4232024113704,0.35
2025-06-08 20:00:00,0.0,3.3612530411066617,0.35
2025-06-08 21:00:00,0.0,2.43494872189595,0.35
2025-06-08 22:00:00,0.0,1.9249229177047722,0.2
2025-06-08 23:00:00,0.0,1.1023227099441015,0.2
2025-06-09 00:00:00,0.0,1.0092436524064774,0.1
2025-06-09 01:00:00,0.0,1.1498245516994123,0.1
2025-06-09 02:00:00,0.0,1.2994993047091707,0.1
2025-06-09 03:00:00,0.0,1.0480107520220399,0.1
2025-06-09 04:00:00,0.0,1.0184999566010153,0.1
2025-06-09 05:00:00,0.0,0.8749935832273005,0.1
2025-06-09 06:00:00,0.0,1.8274616128590104,0.1
2025-06-09 07:00:00,1.112394432919239,2.615732303633448,0.2
2025-06-09 08:00:00,1.9562458870189574,3.1277921727161,0.2
2025-06-09 09:00:00,2.481965747012879,2.4597883654873147,0.2
2025-06-09 10:00:00,4.110320582289556,1.7353342568593817,0.2
2025-06-09 11:00:00,4.632724776156121,0.976076503296096,0.2
2025-06-09 12:00:00,5.957143497530571,0.6054349135468362,0.2
2025-06-09 13:00:00,3.817245959890832,0.8193594117343161,0.2
2025-06-09 14:00:00,3.870146232566157,0.8184165632754241,0.2
2025-06-09 15:00:00,4.137963807074486,1.4733856377321874,0.2
2025-06-09 16:00:00,2.9506046316492323,1.8703319224139716,0.35
2025-06-09 17:00:00,1.1596577666090944,2.7119445835829015,0.35
2025-06-09 18:00:00,5.782409821858164e-16,3.4506080989654704,0.35
2025-06-09 19:00:00,0.0,3.3534869135017145,0.35
2025-06-09 20:00:00,0.0,3.949152857503322,0.35
2025-06-09 21:00:00,0.0,2.6195378745825426,0.35
2025-06-09 22:00:00,0.0,1.8914733881050678,0.2
2025-06-09 23:00:00,0.0,1.1150274166519758,0.2
2025-06-10 00:00:00,0.0,1.1943874003604207,0.1
2025-06-10 01:00:00,0.0,1.0287231163456918,0.1
2025-06-10 02:00:00,0.0,0.8353978682026321,0.1
2025-06-10 03:00:00,0.0,0.9292859180101789,0.1
2025-06-10 04:00:00,0.0,1.3927669859959053,0.1
2025-06-10 05:00:00,0.0,1.2560766801656618,0.1
2025-06-10 06:00:00,0.0,1.7858778754986695,0.1
2025-06-10 07:00:00,1.309345494230121,2.4131985542957026,0.2
2025-06-10 08:00:00,2.7764902341232798,2.6210845797790903,0.2
2025-06-10 09:00:00,2.446605197941349,2.569478251077264,0.2
2025-06-10 10:00:00,3.975844269266473,1.8874417993714772,0.2
2025-06-10 11:00:00,3.491981710179349,1.4915938472224668,0.2
2025-06-10 12:00:00,5.2228060427306575,0.6139941680237182,0.2
2025-06-10 13:00:00,6.0635936681176235,0.8160395644890669,0.2
2025-06-10 14:00:00,4.660452344546848,1.0163335080147373,0.2
2025-06-10 15:00:00,2.465731498206628,1.4053470089334248,0.6563329173173824
2025-06-10 16:00:00,2.1934452846988797,1.9449519954416585,0.35
2025-06-10 17:00:00,1.299685476274142,2.7952542724604057,0.35
2025-06-10 18:00:00,5.564899593461064e-16,3.7291099199145017,0.35
2025-06-10 19:00:00,0.0,3.8193413778483793,0.35
2025-06-10 20:00:00,0.0,3.834318996200551,0.35
2025-06-10 21:00:00,0.0,2.9062824674777965,0.35
2025-06-10 22:00:00,0.0,1.9099909492494334,0.2
2025-06-10 23:00:00,0.0,1.7261874480876211,0.2
2025-06-11 00:00:00,0.0,1.3112845387866474,0.1
2025-06-11 01:00:00,0.0,1.1866163999769888,0.1
2025-06-11 02:00:00,0.0,0.5,0.1
2025-06-11 03:00:00,0.0,1.3235208588225786,0.1
2025-06-11 04:00:00,0.0,1.216082706065318,0.1
2025-06-11 05:00:00,0.0,1.6719522940845046,0.1
2025-06-11 06:00:00,0.0,2.0697175013685585,0.1
2025-06-11 07:00:00,0.9911653133711715,2.917143387023013,0.2
2025-06-11 08:00:00,1.874332773976817,3.1757317799096265,0.2
2025-06-11 09:00:00,4.1870583417246605,2.871224625522235,0.2
2025-06-11 10:00:00,2.923995214131154,2.221169525053442,0.2
2025-06-11 11:00:00,4.44217624500588,1.314987902032574,0.2
2025-06-11 12:00:00,3.7855780605090614,0.7492473661080233,0.2
2025-06-11 13:00:00,5.882480815097198,0.9795666498906442,0.2
2025-06-11 14:00:00,4.369625220920798,1.2104708460027147,0.2
2025-06-11 15:00:00,2.8215708968116093,1.4210206955223768,0.2
2025-06-11 16:00:00,2.434316888040932,1.724646340515458,0.35
2025-06-11 17:00:00,1.4522084189523714,2.4933784845588636,0.35
2025-06-11 18:00:00,7.77075753805939e-16,3.499258174473547,1.1368992665896875
2025-06-11 19:00:00,0.0,4.161547911201032,0.35
2025-06-11 20:00:00,0.0,3.963558661918406,0.35
2025-06-11 21:00:00,0.0,3.0029055018934407,0.35
2025-06-11 22:00:00,0.0,2.1854428594978765,0.2
2025-06-11 23:00:00,0.0,1.3898427350771265,0.2
2025-06-12 00:00:00,0.0,0.6515848401311012,0.1
2025-06-12 01:00:00,0.0,0.9089932127616859,0.1
2025-06-12 02:00:00,0.0,0.94891804288133,0.1
2025-06-12 03:00:00,0.0,0.9083213429118472,0.1
2025-06-12 04:00:00,0.0,1.0680699746458564,0.1
2025-06-12 05:00:00,0.0,1.3589545185205074,0.1
2025-06-12 06:00:00,0.0,1.9928276206705502,0.1
2025-06-12 07:00:00,1.5311104549216055,2.545850878650289,0.2
2025-06-12 08:00:00,1.8586307597375562,2.619248928744632,0.2
2025-06-12 09:00:00,4.202464155382821,2.5049104419349058,0.2
2025-06-12 10:00:00,4.325219704281979,1.8310868563049505,0.2
2025-06-12 11:00:00,5.77743014897487,1.5162385387836146,0.2
2025-06-12 12:00:00,4.640923317888245,0.9501319064868282,0.2
2025-06-12 13:00:00,4.319107344938305,1.1435675555735532,0.2
2025-06-12 14:00:00,5.377573891926293,1.190499306053114,0.2
2025-06-12 15:00:00,2.868628270092445,1.414823285272743,0.2
2025-06-12 16:00:00,2.9898825473481883,2.1600653976122617,0.35
2025-06-12 17:00:00,1.2454014173217653,2.687423770247343,0.35
2025-06-12 18:00:00,6.012253827939212e-16,3.5324534182718095,0.35
2025-06-12 19:00:00,0.0,3.9976198353853554,0.35
2025-06-12 20:00:00,0.0,3.519461406735072,0.35
2025-06-12 21:00:00,0.0,2.9211944373488206,0.35
2025-06-12 22:00:00,0.0,1.8313189412018227,0.2
2025-06-12 23:00:00,0.0,1.4512666912588648,0.2
2025-06-13 00:00:00,0.0,0.9799667779149427,0.1
2025-06-13 01:00:00,0.0,1.043022521893568,0.1
2025-06-13 02:00:00,0.0,0.9087226462431979,0.1
2025-06-13 03:00:00,0.0,0.9399141813736183,0.1
2025-06-13 04:00:00,0.0,1.0763328551703413,0.1
2025-06-13 05:00:00,0.0,1.31108546777418,0.1
2025-06-13 06:00:00,0.0,1.8213841999436193,0.1
2025-06-13 07:00:00,1.5159331565376222,2.9425473228261727,0.2
2025-06-13 08:00:00,3.15780084923031,2.801853426125294,0.2
2025-06-13 09:00:00,3.2120480944193033,2.58864522680259,0.2
2025-06-13 10:00:00,5.0102305001388805,1.5076189724831568,0.2
2025-06-13 11:00:00,3.966944229453764,1.3460932500904101,0.2
2025-06-13 12:00:00,6.456969696443634,0.8406441676482865,0.2
2025-06-13 13:00:00,3.2143766012490493,0.9853967787183575,0.2
2025-06-13 14:00:00,4.50516347294115,1.0580688610597622,0.2
2025-06-13 15:00:00,3.806860658185559,1.4622214039682995,0.2
2025-06-13 16:00:00,2.7381505559319916,1.8634005502383073,0.35
2025-06-13 17:00:00,0.9407358016452567,2.700530870059063,0.35
2025-06-13 18:00:00,7.701698017226683e-16,3.9346620010176925,0.35
2025-06-13 19:00:00,0.0,4.056913358099107,0.35
2025-06-13 20:00:00,0.0,3.535280537349358,0.35
2025-06-13 21:00:00,0.0,2.7694252447756544,0.35
2025-06-13 22:00:00,0.0,2.3030283925291983,0.2
2025-06-13 23:00:00,0.0,1.3589728740596185,0.2
2025-06-14 00:00:00,0.0,0.8621460070418164,0.1
2025-06-14 01:00:00,0.0,0.8630380989129484,0.1
2025-06-14 02:00:00,0.0,0.8908456290578902,0.1
2025-06-14 03:00:00,0.0,0.8888322957936392,0.1
2025-06-14 04:00:00,0.0,0.8012014319010825,0.1
2025-06-14 05:00:00,0.0,1.0458305471525218,0.1
2025-06-14 06:00:00,0.0,1.6563605081495767,0.1
2025-06-14 07:00:00,1.1702623234964573,2.7197890552141755,0.2
2025-06-14 08:00:00,1.7855133951913131,2.9237533524189763,0.7676817089558808
2025-06-14 09:00:00,2.3331108720516047,2.5600536479743248,0.2
2025-06-14 10:00:00,4.67080371076879,2.076362381957533,0.2
2025-06-14 11:00:00,5.023791381375982,1.5306783843446166,0.2
2025-06-14 12:00:00,3.774768606298237,1.0072684862961023,0.2
2025-06-14 13:00:00,3.8680897598348443,0.9148861277569909,0.2
2025-06-14 14:00:00,2.8774653763040723,0.9595956633913199,0.2
2025-06-14 15:00:00,4.211260024845249,1.5445983325897128,0.2
2025-06-14 16:00:00,3.204590526748149,1.9330172870428857,0.35
2025-06-14 17:00:00,0.9538308725969237,2.7422930315333014,0.35
2025-06-14 18:00:00,4.894857003852973e-16,3.484757793173002,0.35
2025-06-14 19:00:00,0.0,3.8460667182019233,0.35
2025-06-14 20:00:00,0.0,3.7115023460524608,0.35
2025-06-14 21:00:00,0.0,2.5565043259604483,0.35
2025-06-14 22:00:00,0.0,2.172931140832637,0.2
2025-06-14 23:00:00,0.0,1.2992369209468542,0.2
2025-06-15 00:00:00,0.0,0.9700741428219355,0.1
2025-06-15 01:00:00,0.0,0.7326417373101161,0.1
2025-06-15 02:00:00,0.0,0.9981977376073328,0.1
2025-06-15 03:00:00,0.0,0.9420676517408717,0.1
2025-06-15 04:00:00,0.0,1.0471148817996379,0.1
2025-06-15 05:00:00,0.0,1.5650123462142953,0.1
2025-06-15 06:00:00,0.0,1.8577641921798986,0.1
2025-06-15 07:00:00,0.8742013219761793,2.4425430146943947,0.2
2025-06-15 08:00:00,2.5786415822725726,2.857736827764237,0.2
2025-06-15 09:00:00,3.2089894348643804,2.7205122229758865,0.2
2025-06-15 10:00:00,5.550192292356158,2.0820834351052384,0.2
2025-06-15 11:00:00,4.843074087373063,1.3280605585071428,0.2
2025-06-15 12:00:00,4.140624146361966,1.2014360238346031,0.2
2025-06-15 13:00:00,5.361317342312736,1.1630063745610137,0.2
2025-06-15 14:00:00,3.5753488876325004,1.4162946087975317,0.2
2025-06-15 15:00:00,4.372014555243462,1.0161251441028587,0.2
2025-06-15 16:00:00,2.2318193599526617,2.107402521608249,0.35
2025-06-15 17:00:00,1.3024626030743034,3.0163392183785724,0.35
2025-06-15 18:00:00,4.177450307343681e-16,3.379745966973398,0.35
2025-06-15 19:00:00,0.0,3.822866363202918,0.35
2025-06-15 20:00:00,0.0,3.477334158028181,0.35
2025-06-15 21:00:00,0.0,2.673833939862424,0.35
2025-06-15 22:00:00,0.0,1.877613991887944,0.2
2025-06-15 23:00:00,0.0,1.4545264123208264,0.2
2025-06-16 00:00:00,0.0,1.173136261905768,0.1
2025-06-16 01:00:00,0.0,1.2163007204919343,0.1
2025-06-16 02:00:00,0.0,0.8331063130222494,0.1
2025-06-16 03:00:00,0.0,0.838791240538387,0.24177868096650382
2025-06-16 04:00:00,0.0,1.320295369574176,0.1
2025-06-16 05:00:00,0.0,1.4000193536256462,0.1
2025-06-16 06:00:00,0.0,1.8387975513956498,0.1
2025-06-16 07:00:00,1.0181241044607592,2.696142186634549,0.2
2025-06-16 08:00:00,2.8460030861042465,2.9940400535032627,0.2
2025-06-16 09:00:00,2.414483866192889,2.706402922402656,0.2
2025-06-16 10:00:00,4.198270804407392,1.7551314376054055,0.2
2025-06-16 11:00:00,4.524352723472992,1.325437941244779,0.2
2025-06-16 12:00:00,4.334126662434705,0.76158426484975,0.2
2025-06-16 13:00:00,4.375221048897043,0.9035019709285865,0.2
2025-06-16 14:00:00,4.303485854729403,0.9970794907679587,0.2
2025-06-16 15:00:00,2.6672873167375584,1.3311651720066824,0.2
2025-06-16 16:00:00,2.5529163779927337,1.7886560827913935,0.35
2025-06-16 17:00:00,1.5177233917974375,2.7128832844332433,0.35
2025-06-16 18:00:00,7.001295541398772e-16,3.3446078957208885,0.35
2025-06-16 19:00:00,0.0,4.109740095283181,0.35
2025-06-16 20:00:00,0.0,3.630988003971533,0.35
2025-06-16 21:00:00,0.0,2.4785504575826973,0.35
2025-06-16 22:00:00,0.0,1.8069914199657147,0.9660064896132161
2025-06-16 23:00:00,0.0,1.4733261352222713,0.2
2025-06-17 00:00:00,0.0,0.891396942395136,0.1
2025-06-17 01:00:00,0.0,0.8606490369106076,0.1
2025-06-17 02:00:00,0.0,0.9857523898541904,0.1
2025-06-17 03:00:00,0.0,1.0764513473146269,0.1
2025-06-17 04:00:00,0.0,0.7698605101630991,0.1
2025-06-17 05:00:00,0.0,1.3806962627854933,0.1
2025-06-17 06:00:00,0.0,1.6621659267003752,0.1
2025-06-17 07:00:00,1.0593368071260953,2.597889257873596,0.2
2025-06-17 08:00:00,3.063783327912726,2.992916781735249,0.2
2025-06-17 09:00:00,4.354906511605708,2.496072762145178,0.2
2025-06-17 10:00:00,3.6500036093720163,1.6176128276804107,0.2
2025-06-17 11:00:00,3.8598747458315743,1.2145396447384802,0.2
2025-06-17 12:00:00,4.58508183696193,1.3887595367386882,0.2
2025-06-17 13:00:00,3.8929437825310846,0.7687238238009465,0.2
2025-06-17 14:00:00,4.705362886587464,1.4709443299470024,0.2
2025-06-17 15:00:00,4.194958679505506,1.3540989444327587,0.2
2025-06-17 16:00:00,2.717793081023421,1.981033017165071,0.35
2025-06-17 17:00:00,1.5340200140535152,2.602249847320914,0.35
2025-06-17 18:00:00,5.558163897707062e-16,3.4932368248650167,0.35
2025-06-17 19:00:00,0.0,3.8994180699965972,0.35
2025-06-17 20:00:00,0.0,3.4383517135782293,0.35
2025-06-17 21:00:00,0.0,2.7778083876637263,0.35
2025-06-17 22:00:00,0.0,1.892554223713695,0.2
2025-06-17 23:00:00,0.0,1.7761620781969847,0.2
2025-06-18 00:00:00,0.0,0.7668064945362018,0.1
2025-06-18 01:00:00,0.0,1.0205754322879443,0.1
2025-06-18 02:00:00,0.0,1.0502401816361706,0.1
2025-06-18 03:00:00,0.0,0.7936677305486162,0.1
2025-06-18 04:00:00,0.0,1.194496500661499,0.1
2025-06-18 05:00:00,0.0,1.1910051639655916,0.1
2025-06-18 06:00:00,0.0,1.3237466527052373,0.1
2025-06-18 07:00:00,1.326961468109785,2.733444773944469,0.2
2025-06-18 08:00:00,3.03189017804474,2.776612633053078,0.49711279814518144
2025-06-18 09:00:00,2.962744282674831,2.391930996565313,0.2
2025-06-18 10:00:00,4.130194993205804,1.9599251934850335,0.2
2025-06-18 11:00:00,5.0828045760215055,1.2022446578732429,0.2
2025-06-18 12:00:00,4.5855752638291705,1.2472479050339493,0.2
2025-06-18 13:00:00,4.480474016951642,1.2830920489667366,0.2
2025-06-18 14:00:00,3.743548003829321,1.0034960340615677,0.2
2025-06-18 15:00:00,3.594134345936223,1.5646956778390713,0.2
2025-06-18 16:00:00,3.006663141738511,1.8228665734687668,0.35
2025-06-18 17:00:00,1.0105049664983465,3.266215193024295,0.35
2025-06-18 18:00:00,7.697908453520173e-16,3.5088993072942696,0.35
2025-06-18 19:00:00,0.0,4.205217488196202,0.35
2025-06-18 20:00:00,0.0,3.816248712930127,0.35
2025-06-18 21:00:00,0.0,2.8828095435596874,0.35
2025-06-18 22:00:00,0.0,1.8398487697917125,0.2
2025-06-18 23:00:00,0.0,1.375726351321556,0.2
2025-06-19 00:00:00,0.0,0.5692837090833835,0.1
2025-06-19 01:00:00,0.0,1.044921336614677,0.1
2025-06-19 02:00:00,0.0,1.0705939914614828,0.1
2025-06-19 03:00:00,0.0,1.034431724091258,0.1
2025-06-19 04:00:00,0.0,0.5,0.1
2025-06-19 05:00:00,0.0,1.0175432775239552,0.1
2025-06-19 06:00:00,0.0,1.6726063864521181,0.1
2025-06-19 07:00:00,1.0539417060618008,2.6598066381613648,0.2
2025-06-19 08:00:00,3.0313769199055445,3.0578685910021477,0.2
2025-06-19 09:00:00,2.5343038989742275,2.5674412273988967,0.2
2025-06-19 10:00:00,3.168924560362571,1.949393884227345,0.2
2025-06-19 11:00:00,6.212737285503261,1.066428479296353,0.2
2025-06-19 12:00:00,5.439685801584315,1.1857404760624486,0.2
2025-06-19 13:00:00,5.797547485314262,1.136007250861651,0.2
2025-06-19 14:00:00,3.727235242924302,1.2079926726936094,0.2
2025-06-19 15:00:00,3.8525165179423158,1.369635092430934,0.2
2025-06-19 16:00:00,2.5905045704414955,2.3401074987135955,0.35
2025-06-19 17:00:00,1.3484367546772067,2.918231147295835,0.35
2025-06-19 18:00:00,6.696293218221524e-16,3.453823535549801,0.35
2025-06-19 19:00:00,0.0,4.049661095151398,0.35
2025-06-19 20:00:00,0.0,3.7979873831686555,0.35
2025-06-19 21:00:00,0.0,2.701970259353039,0.35
2025-06-19 22:00:00,0.0,2.191811851461269,0.2
2025-06-19 23:00:00,0.0,1.4824125908530401,0.2
2025-06-20 00:00:00,0.0,0.5315056641392246,0.1
2025-06-20 01:00:00,0.0,1.0599717244058122,0.1
2025-06-20 02:00:00,0.0,0.9194650943732626,0.1
2025-06-20 03:00:00,0.0,1.1151678031873309,0.1
2025-06-20 04:00:00,0.0,1.2459739696212941,0.1
2025-06-20 05:00:00,0.0,1.309702975970281,0.1
2025-06-20 06:00:00,0.0,2.15527502981079,0.1
2025-06-20 07:00:00,1.3509005680375417,2.5657334746108567,0.2
2025-06-20 08:00:00,3.0053439877312114,3.124964374484326,0.2
2025-06-20 09:00:00,2.40149896851962,2.7624745005206024,0.2
2025-06-20 10:00:00,4.880901463657802,1.8028755831280072,0.2
2025-06-20 11:00:00,4.210737546272465,1.4274318159524892,0.2
2025-06-20 12:00:00,4.805206933566381,0.9447588774912156,0.2
2025-06-20 13:00:00,6.055176637217472,0.9565451460894291,0.2
2025-06-20 14:00:00,3.7489357592765473,0.8699839880587649,0.2
2025-06-20 15:00:00,3.367479272548516,1.4543250019220746,0.2
2025-06-20 16:00:00,1.6472304038736392,2.039009068918212,0.35
2025-06-20 17:00:00,0.9097976864340102,3.0554446413137053,0.35
2025-06-20 18:00:00,5.00931232658726e-16,3.8057187090716895,0.35
2025-06-20 19:00:00,0.0,3.9430408886747146,0.35
2025-06-20 20:00:00,0.0,3.4118547702869564,0.35
2025-06-20 21:00:00,0.0,2.906162059641895,0.35
2025-06-20 22:00:00,0.0,2.1961080365579777,0.2
2025-06-20 23:00:00,0.0,1.5570428444706268,0.2
2025-06-21 00:00:00,0.0,1.2168968366437516,0.1
2025-06-21 01:00:00,0.0,0.9576594226985784,0.1
2025-06-21 02:00:00,0.0,0.9073471316206766,0.1
2025-06-21 03:00:00,0.0,0.8603515698326238,0.1
2025-06-21 04:00:00,0.0,1.0459517082482122,0.1
2025-06-21 05:00:00,0.0,1.2549524073481535,0.1
2025-06-21 06:00:00,0.0,1.8635601087296738,0.1
2025-06-21 07:00:00,1.2619528669540188,2.575615360116454,0.2
2025-06-21 08:00:00,1.7377319678161471,2.9732752639281967,0.2
2025-06-21 09:00:00,2.5045945948549915,2.446147175198704,0.2
2025-06-21 10:00:00,4.505812354668744,2.0106685796168517,0.2
2025-06-21 11:00:00,4.209535215492781,1.286980566805675,0.2
2025-06-21 12:00:00,6.23100137560254,1.0288046880665929,0.2
2025-06-21 13:00:00,4.415566988363263,0.8915729792438317,0.2
2025-06-21 14:00:00,3.2177981695910005,0.8660991040478101,0.2
2025-06-21 15:00:00,3.9405144858741523,1.667636017157934,0.2
2025-06-21 16:00:00,2.1016588886613747,2.084886475373705,0.35
2025-06-21 17:00:00,1.2831428182463553,2.4948084410838662,0.35
2025-06-21 18:00:00,6.757417864996143e-16,3.800119168342444,0.35
2025-06-21 19:00:00,0.0,4.1844962340508225,0.35
2025-06-21 20:00:00,0.0,3.6723659322139977,0.35
2025-06-21 21:00:00,0.0,3.1392141582882522,0.35
2025-06-21 22:00:00,0.0,2.0173013304996257,0.2
2025-06-21 23:00:00,0.0,1.12264114412,0.2
2025-06-22 00:00:00,0.0,1.0730351318819582,0.1
2025-06-22 01:00:00,0.0,1.0490167892807727,0.1
2025-06-22 02:00:00,0.0,0.8800115555001747,0.1
2025-06-22 03:00:00,0.0,1.1224436076544686,0.1
2025-06-22 04:00:00,0.0,0.7235979483327588,0.1
2025-06-22 05:00:00,0.0,1.4687839320304752,0.1
2025-06-22 06:00:00,0.0,1.6466002423007602,0.1
2025-06-22 07:00:00,0.854735758065604,2.4044856265001493,0.2
2025-06-22 08:00:00,2.808970195985835,2.9772358554120557,0.2
2025-06-22 09:00:00,3.04128285255505,2.68808057140186,0.2
2025-06-22 10:00:00,4.685946861012257,1.8551295896252396,0.2
2025-06-22 11:00:00,4.8859911017728095,1.1231451212024572,0.2
2025-06-22 12:00:00,4.363418590426286,0.9624756166852716,0.2
2025-06-22 13:00:00,3.5613557555770865,0.8144503604181803,0.2
2025-06-22 14:00:00,3.080009820681293,1.0875457458000533,0.2
2025-06-22 15:00:00,4.208566156159614,1.621047421550247,0.2
2025-06-22 16:00:00,3.117069600627218,1.973106146218568,0.35
2025-06-22 17:00:00,1.387593539934919,2.9914748605497503,0.35
2025-06-22 18:00:00,4.391320595725481e-16,3.938570975745751,0.35
2025-06-22 19:00:00,0.0,3.8823962961968075,0.35
2025-06-22 20:00:00,0.0,3.610176057142739,0.35
2025-06-22 21:00:00,0.0,3.2538305513504,0.8351704998539681
2025-06-22 22:00:00,0.0,2.262826084471038,0.2
2025-06-22 23:00:00,0.0,1.0715249445473676,0.2
2025-06-23 00:00:00,0.0,1.0774309948844754,0.1
2025-06-23 01:00:00,0.0,1.0001493274061661,0.1
2025-06-23 02:00:00,0.0,1.1659615474275582,0.1
2025-06-23 03:00:00,0.0,0.8587360867819726,0.1
2025-06-23 04:00:00,0.0,0.8892093271627968,0.1
2025-06-23 05:00:00,0.0,1.1354564234831954,0.1
2025-06-23 06:00:00,0.0,1.7078388737821641,0.1
2025-06-23 07:00:00,1.3167045003052933,2.7645396848853587,0.2
2025-06-23 08:00:00,2.4603634222938764,2.763760575243775,0.2
2025-06-23 09:00:00,2.492920212210085,2.476963205801269,0.2
2025-06-23 10:00:00,4.358303347231406,1.4645422988062653,0.2
2025-06-23 11:00:00,4.330991685783892,1.4731005190394075,0.2
2025-06-23 12:00:00,5.2218393264156875,1.3178994948098774,0.2
2025-06-23 13:00:00,4.358444528732727,0.9756441437209155,0.2
2025-06-23 14:00:00,3.4900217861132337,1.0728918531633829,0.2
2025-06-23 15:00:00,2.5156859153031212,1.4966875591046447,0.2
2025-06-23 16:00:00,2.1361900664667957,2.2688551352229944,0.35
2025-06-23 17:00:00,0.9222173687851598,2.901314159110643,0.35
2025-06-23 18:00:00,4.682959036964622e-16,3.50798231970549,0.35
2025-06-23 19:00:00,0.0,3.676235485606913,0.35
2025-06-23 20:00:00,0.0,3.4244654552211142,0.35
2025-06-23 21:00:00,0.0,2.8342358692003935,0.35
2025-06-23 22:00:00,0.0,1.8428918974348902,0.2
2025-06-23 23:00:00,0.0,1.4449993909079897,0.2
2025-06-24 00:00:00,0.0,0.8894165284250471,0.1
2025-06-24 01:00:00,0.0,0.7884080426793446,0.1
2025-06-24 02:00:00,0.0,0.7652645989651915,0.1
2025-06-24 03:00:00,0.0,1.3202027421536295,0.1
2025-06-24 04:00:00,0.0,1.2349285514076598,0.1
2025-06-24 05:00:00,0.0,1.616774156907509,0.1
2025-06-24 06:00:00,0.0,1.9302147631728712,0.1
2025-06-24 07:00:00,1.105797534397768,2.515476569800588,0.2
2025-06-24 08:00:00,1.840581016480377,3.2646689943715383,0.2
2025-06-24 09:00:00,3.749601870957966,2.5948723855207794,0.2
2025-06-24 10:00:00,3.17423984777158,1.8665131309646243,0.2
2025-06-24 11:00:00,4.952914921926289,1.263112078541829,0.2
2025-06-24 12:00:00,5.50097657177321,0.5,0.2
2025-06-24 13:00:00,5.336093781236844,1.3620058323526434,0.2
2025-06-24 14:00:00,4.932919852439463,1.230682515317578,0.2
2025-06-24 15:00:00,4.301943944878344,1.4720077908217672,0.2
2025-06-24 16:00:00,2.4362617969594917,1.961603521293231,0.35
2025-06-24 17:00:00,1.4547201348060927,2.8522775736750856,0.35
2025-06-24 18:00:00,6.441375230540184e-16,3.528034921031263,0.35
2025-06-24 19:00:00,0.0,4.123315870465655,0.35
2025-06-24 20:00:00,0.0,3.386071038873985,0.35
2025-06-24 21:00:00,0.0,2.85680566563201,0.35
2025-06-24 22:00:00,0.0,2.08627209618927,0.2
2025-06-24 23:00:00,0.0,1.3662720229452574,0.2
2025-06-25 00:00:00,0.0,1.074174890166499,0.1
2025-06-25 01:00:00,0.0,0.8017704504913769,0.1
2025-06-25 02:00:00,0.0,0.8075055710766128,0.1
2025-06-25 03:00:00,0.0,1.0550752644842623,0.2966727050822085
2025-06-25 04:00:00,0.0,1.1928409324951414,0.1
2025-06-25 05:00:00,0.0,0.8956974354415752,0.1
2025-06-25 06:00:00,0.0,1.926628710044004,0.1
2025-06-25 07:00:00,1.2955457653124116,2.492834551448288,0.2
2025-06-25 08:00:00,1.7634415526279905,2.9614395924120682,0.2
2025-06-25 09:00:00,2.4272774910144923,2.3335824010801254,0.2
2025-06-25 10:00:00,3.1090753605538115,1.652021328869212,0.2
2025-06-25 11:00:00,4.973732484963047,1.4649020194629951,0.2
2025-06-25 12:00:00,5.01525102881527,1.070266149719692,0.2
2025-06-25 13:00:00,3.8700456100857226,0.9645031495517611,0.2
2025-06-25 14:00:00,4.606096395546162,1.1091840555998205,0.2
2025-06-25 15:00:00,4.179466786832945,1.5038855435809255,0.2
2025-06-25 16:00:00,1.6912608031373504,2.062057632980011,0.35
2025-06-25 17:00:00,1.259198205137429,2.8045866095184993,0.35
2025-06-25 18:00:00,6.718443844519913e-16,3.8660825303798463,0.35
2025-06-25 19:00:00,0.0,4.194092527385534,0.35
2025-06-25 20:00:00,0.0,3.7301651135798912,0.35
2025-06-25 21:00:00,0.0,2.8305143357199145,0.35
2025-06-25 22:00:00,0.0,2.105421621098957,0.2
2025-06-25 23:00:00,0.0,1.4688593340700746,0.2
2025-06-26 00:00:00,0.0,1.2121613460334835,0.1
2025-06-26 01:00:00,0.0,1.1799496042858886,0.1
2025-06-26 02:00:00,0.0,0.79702014497226,0.1
2025-06-26 03:00:00,0.0,0.7905392061306424,0.1
2025-06-26 04:00:00,0.0,0.916881092690116,0.1
2025-06-26 05:00:00,0.0,1.4658983045553016,0.1
2025-06-26 06:00:00,0.0,1.5069627836676016,0.1
2025-06-26 07:00:00,1.3077599040805135,2.6804263293451545,0.2
2025-06-26 08:00:00,2.2052663094337577,3.0725094280921432,0.2
2025-06-26 09:00:00,4.387481477200854,2.8340155975303714,0.2
2025-06-26 10:00:00,2.8702576179783934,1.8584125150393311,0.2
2025-06-26 11:00:00,4.125886982825047,1.0030350762401528,0.2
2025-06-26 12:00:00,3.4309847135431655,0.8718224827940247,0.2
2025-06-26 13:00:00,5.5393226802677304,0.8046597255141078,0.2
2025-06-26 14:00:00,4.785310630217431,1.0248929328593994,0.2
2025-06-26 15:00:00,3.0561206664189973,1.3694628651632799,0.2
2025-06-26 16:00:00,2.719876522859091,1.7408704285031318,0.35
2025-06-26 17:00:00,1.172882884215061,3.1137244077283173,0.35
2025-06-26 18:00:00,6.982173810408891e-16,3.3824344338100247,0.35
2025-06-26 19:00:00,0.0,4.269220684776697,0.35
2025-06-26 20:00:00,0.0,3.88452331404168,0.35
2025-06-26 21:00:00,0.0,2.9992524890757077,0.35
2025-06-26 22:00:00,0.0,1.835204080575699,0.2
2025-06-26 23:00:00,0.0,1.4744960255452182,0.2
2025-06-27 00:00:00,0.0,0.7445271049621704,0.1
2025-06-27 01:00:00,0.0,1.1822187359449767,0.1
2025-06-27 02:00:00,0.0,0.985873968948552,0.1
2025-06-27 03:00:00,0.0,0.9258677973616466,0.1
2025-06-27 04:00:00,0.0,0.8123820322396774,0.1
2025-06-27 05:00:00,0.0,0.775169342816114,0.1
2025-06-27 06:00:00,0.0,1.6145164116146995,0.1
2025-06-27 07:00:00,1.392562047042633,2.824034490646137,0.2
2025-06-27 08:00:00,3.2412910851705656,2.91943412417859,0.2
2025-06-27 09:00:00,3.3310466316357203,2.567620214370123,0.2
2025-06-27 10:00:00,3.80706192568218,1.9534556485642443,0.2
2025-06-27 11:00:00,4.390330579145627,1.632810729980186,0.2
2025-06-27 12:00:00,3.618585380707064,1.328694405912777,0.2
2025-06-27 13:00:00,5.902883618833689,0.8465918291304351,0.2
2025-06-27 14:00:00,3.9759469584181297,0.7439676118385461,0.2
2025-06-27 15:00:00,3.183130190909138,1.8779660304680859,0.2
2025-06-27 16:00:00,2.692799865382104,2.427757056079234,0.35
2025-06-27 17:00:00,1.2110960293566901,2.857282728883716,0.35
2025-06-27 18:00:00,6.549929179180183e-16,3.3933930590841483,0.35
2025-06-27 19:00:00,0.0,4.192645306782989,0.35
2025-06-27 20:00:00,0.0,3.62589397055129,0.35
2025-06-27 21:00:00,0.0,2.7969957545165784,0.35
2025-06-27 22:00:00,0.0,2.152849170696075,0.2
2025-06-27 23:00:00,0.0,1.4728807990844976,0.2
2025-06-28 00:00:00,0.0,0.762838349469305,0.1
2025-06-28 01:00:00,0.0,0.9350889419218322,0.1
2025-06-28 02:00:00,0.0,1.132901510988075,0.1
2025-06-28 03:00:00,0.0,1.1097822847599874,0.1
2025-06-28 04:00:00,0.0,1.1095343164426263,0.1
2025-06-28 05:00:00,0.0,1.4573551574370902,0.1
2025-06-28 06:00:00,0.0,1.7498811854583978,0.1
2025-06-28 07:00:00,1.168280120665183,2.63720880656737,0.2
2025-06-28 08:00:00,1.8854495759462835,2.324884989838031,0.2
2025-06-28 09:00:00,3.9775674632554217,2.51155594702457,0.2
2025-06-28 10:00:00,3.395377601632383,1.9751253586216826,0.2
2025-06-28 11:00:00,3.316296220727929,1.1935980609335044,0.2
2025-06-28 12:00:00,5.034844278286482,0.9704479965802268,0.2
2025-06-28 13:00:00,4.997570114380613,0.832768239538709,0.2
2025-06-28 14:00:00,5.257849955564262,1.3331549046718565,0.2
2025-06-28 15:00:00,3.6166252807718013,1.5157358333561792,0.2
2025-06-28 16:00:00,2.181922941014017,2.1390416533119603,0.35
2025-06-28 17:00:00,1.513514901883832,2.4743492172062815,0.35
2025-06-28 18:00:00,6.117896113161614e-16,3.615400699547386,0.35
2025-06-28 19:00:00,0.0,3.9439777984542,0.35
2025-06-28 20:00:00,0.0,3.591376366434101,0.35
2025-06-28 21:00:00,0.0,2.6963864703943092,0.35
2025-06-28 22:00:00,0.0,1.904736547719046,0.2
2025-06-28 23:00:00,0.0,1.5759348062511684,0.2
2025-06-29 00:00:00,0.0,0.617431061002728,0.1
2025-06-29 01:00:00,0.0,1.3554962825443178,0.1
2025-06-29 02:00:00,0.0,1.097439150261098,0.1
2025-06-29 03:00:00,0.0,0.9992654611469411,0.1
2025-06-29 04:00:00,0.0,1.2384978308455163,0.1
2025-06-29 05:00:00,0.0,0.9803036175082304,0.1
2025-06-29 06:00:00,0.0,1.6892844019916478,0.1
2025-06-29 07:00:00,1.3311204364335636,2.577259765045445,0.2
2025-06-29 08:00:00,2.963449465825582,3.2731128839599863,0.2
2025-06-29 09:00:00,2.475887882130886,2.592186669567821,0.2
2025-06-29 10:00:00,4.14582410098389,1.912355711143583,0.2
2025-06-29 11:00:00,5.103913646937233,1.1537611551697073,0.2
2025-06-29 12:00:00,5.9275933767400195,1.1610618887171475,0.2
2025-06-29 13:00:00,5.584143921861399,1.376506748488564,0.2
2025-06-29 14:00:00,3.585025119472771,1.3315870644608503,0.2
2025-06-29 15:00:00,4.448676733143491,1.3897519810924892,0.2
2025-06-29 16:00:00,1.822288128198697,2.109056903200437,0.35
2025-06-29 17:00:00,1.5731697045701463,2.9350954005193017,0.35
2025-06-29 18:00:00,7.824046697490569e-16,3.748808242539968,0.35
2025-06-29 19:00:00,0.0,4.2223906721762825,0.35
2025-06-29 20:00:00,0.0,3.868386248521305,0.35
2025-06-29 21:00:00,0.0,2.794160259762924,0.35
2025-06-29 22:00:00,0.0,2.102333214370603,0.2
2025-06-29 23:00:00,0.0,1.3293868654778793,0.2
2025-06-30 00:00:00,0.0,0.8153868524091785,0.1
2025-06-30 01:00:00,0.0,0.9461385777974296,0.1
2025-06-30 02:00:00,0.0,0.9854152949078891,0.1
2025-06-30 03:00:00,0.0,0.6754156424433853,0.1
2025-06-30 04:00:00,0.0,1.2291975134542752,0.1
2025-06-30 05:00:00,0.0,0.7172054820214377,0.1
2025-06-30 06:00:00,0.0,2.365187970919115,0.1
2025-06-30 07:00:00,1.66221369988551,2.9018506782828197,0.2
2025-06-30 08:00:00,1.759241413751885,2.947799065039088,0.2
2025-06-30 09:00:00,4.156115858882866,2.6033712579058874,0.2
2025-06-30 10:00:00,3.591922324431823,1.8829391516240104,0.2
2025-06-30 11:00:00,3.542679763165922,1.1538448767591445,0.2
2025-06-30 12:00:00,4.66435635242772,1.1022173044410366,0.2
2025-06-30 13:00:00,5.144070259208484,1.0122588343533405,0.2
2025-06-30 14:00:00,3.874199111771711,1.113627182679834,0.2
2025-06-30 15:00:00,2.4156348953112503,1.442335391344193,0.2
2025-06-30 16:00:00,2.590696081417977,1.7112531740765444,0.35
2025-06-30 17:00:00,1.5950400293358624,2.827505954424589,0.35
2025-06-30 18:00:00,5.487486027549194e-16,3.6801802575240083,0.35
2025-06-30 19:00:00,0.0,4.025769924275384,0.35
2025-06-30 20:00:00,0.0,3.604324556666581,0.35
2025-06-30 21:00:00,0.0,3.0471635343317747,0.35
2025-06-30 22:00:00,0.0,1.903226891098739,0.2
2025-06-30 23:00:00,0.0,1.451471031074476,0.2
2025-07-01 00:00:00,0.0,1.259460838457403,0.1
2025-07-01 01:00:00,0.0,0.9841621009341645,0.1
2025-07-01 02:00:00,0.0,1.043563578749316,0.4115526245621397
2025-07-01 03:00:00,0.0,0.9884549130160042,0.1
2025-07-01 04:00:00,0.0,1.3046049602836511,0.1
2025-07-01 05:00:00,0.0,1.2191256542246582,0.1
2025-07-01 06:00:00,0.0,2.0788954984794916,0.1
2025-07-01 07:00:00,1.3393523214950491,2.580757272594143,0.2
2025-07-01 08:00:00,2.288925136842525,2.8281088651839474,0.2
2025-07-01 09:00:00,4.481821238494605,2.7373606199079568,0.2
2025-07-01 10:00:00,4.32050187035696,1.7614112101554225,0.2
2025-07-01 11:00:00,5.018938640944931,1.3957771341767653,0.2
2025-07-01 12:00:00,3.9509563788949684,0.5178125979389024,0.2
2025-07-01 13:00:00,5.083231476807581,1.042099882272662,0.2
2025-07-01 14:00:00,4.405991095169219,1.0405606663745313,0.2
2025-07-01 15:00:00,2.7121454197427224,1.1933914413418094,0.2
2025-07-01 16:00:00,1.7150449812378556,1.8633105333793833,0.35
2025-07-01 17:00:00,1.3442087602984336,2.704851380739329,0.35
2025-07-01 18:00:00,6.992017593641345e-16,3.6378935492303968,0.35
2025-07-01 19:00:00,0.0,3.7265347077472097,0.35
2025-07-01 20:00:00,0.0,3.7107454638057544,0.35
2025-07-01 21:00:00,0.0,3.092834936179058,0.35
2025-07-01 22:00:00,0.0,2.0301431014646143,0.2
2025-07-01 23:00:00,0.0,1.5678035715556398,0.2
2025-07-02 00:00:00,0.0,1.218913822595053,0.1
2025-07-02 01:00:00,0.0,1.2473352313750623,0.1
2025-07-02 02:00:00,0.0,1.374698663820067,0.1
2025-07-02 03:00:00,0.0,0.9078914406237976,0.1
2025-07-02 04:00:00,0.0,0.9134342045387079,0.1
2025-07-02 05:00:00,0.0,1.4273636962068643,0.1
2025-07-02 06:00:00,0.0,1.9638778269533306,0.1
2025-07-02 07:00:00,1.2418208325499618,2.7566099114466938,0.2
2025-07-02 08:00:00,2.236452964507992,3.3778573007236012,0.2
2025-07-02 09:00:00,4.206653490757928,2.6037599675528313,0.2
2025-07-02 10:00:00,3.208450927223069,1.9075760888357907,0.2
2025-07-02 11:00:00,4.704534703754011,1.0755993040602378,0.2
2025-07-02 12:00:00,3.4353962772502995,1.490757699718841,0.2
2025-07-02 13:00:00,3.3468154096878453,0.9737498456518505,0.2
2025-07-02 14:00:00,4.408935352802578,1.0708385404938614,0.2
2025-07-02 15:00:00,3.581931339642366,1.3366932004464167,0.2
2025-07-02 16:00:00,3.037447144512386,1.8449795620184757,0.35
2025-07-02 17:00:00,1.3042590432145997,2.6737045998283295,0.35
2025-07-02 18:00:00,7.763472203395422e-16,3.5427498516226077,0.35
2025-07-02 19:00:00,0.0,3.726840814394012,0.35
2025-07-02 20:00:00,0.0,3.4904271237011644,0.35
2025-07-02 21:00:00,0.0,3.2093846014274243,0.35
2025-07-02 22:00:00,0.0,2.121088430803323,0.2
2025-07-02 23:00:00,0.0,1.5911866850553815,0.2
2025-07-03 00:00:00,0.0,1.235443089155677,0.1
2025-07-03 01:00:00,0.0,1.366864241810705,0.1
2025-07-03 02:00:00,0.0,0.6463864149670369,0.1
2025-07-03 03:00:00,0.0,0.7617552172216755,0.1
2025-07-03 04:00:00,0.0,0.8963862693919942,0.1
2025-07-03 05:00:00,0.0,1.1767246072439979,0.1
2025-07-03 06:00:00,0.0,1.7621107049048008,0.1
2025-07-03 07:00:00,0.9426948642452531,2.5120793409623476,0.2
2025-07-03 08:00:00,1.8152310316049232,3.043862592499962,0.2
2025-07-03 09:00:00,3.470482482059814,2.608545063942176,0.2
2025-07-03 10:00:00,3.487128184896485,1.6777778178709037,0.2
2025-07-03 11:00:00,4.239949101319132,0.8365671989594188,0.2
2025-07-03 12:00:00,6.430096980402655,0.8651197338479096,0.2
2025-07-03 13:00:00,5.258226822436628,0.9312110992311576,0.2
2025-07-03 14:00:00,5.4551987539308655,1.0830658387644836,0.2
2025-07-03 15:00:00,2.6111698580312757,1.1801096867859577,0.2
2025-07-03 16:00:00,2.233542859746487,1.875797440448059,0.35
2025-07-03 17:00:00,1.3005412408492634,2.593394531900742,0.35
2025-07-03 18:00:00,4.261881785110611e-16,3.622326837890846,0.35
2025-07-03 19:00:00,0.0,3.7853817343316782,0.35
2025-07-03 20:00:00,0.0,3.477709776479719,0.35
2025-07-03 21:00:00,0.0,2.5578551529400726,0.35
2025-07-03 22:00:00,0.0,1.9432572629610925,0.2
2025-07-03 23:00:00,0.0,1.2327162957193583,0.2
2025-07-04 00:00:00,0.0,1.18135818500738,0.1
2025-07-04 01:00:00,0.0,1.0812073822768067,0.1
2025-07-04 02:00:00,0.0,0.9867005516190771,0.1
2025-07-04 03:00:00,0.0,0.848234740810226,0.1
2025-07-04 04:00:00,0.0,1.1332350626341918,0.1
2025-07-04 05:00:00,0.0,1.4088107444116449,0.1
2025-07-04 06:00:00,0.0,1.8507622654621767,0.1
2025-07-04 07:00:00,1.4447238677358587,2.9222152226169418,0.2
2025-07-04 08:00:00,2.123713065338313,3.0919282734885143,0.2
2025-07-04 09:00:00,3.1809874405095218,2.78420742930674,0.2
2025-07-04 10:00:00,3.4590243043305335,1.8490578600137493,0.2
2025-07-04 11:00:00,3.4215018772842187,1.4068098450083282,0.2
2025-07-04 12:00:00,3.8071976754727004,0.9043372283898142,0.2
2025-07-04 13:00:00,5.606554373769937,0.949379157251114,0.2
2025-07-04 14:00:00,4.691211214585677,1.2023544368225034,0.2
2025-07-04 15:00:00,3.5321189138569395,1.4744630749595415,0.2
2025-07-04 16:00:00,2.3815979812373476,2.0754810983359926,0.35
2025-07-04 17:00:00,1.6066737610468493,3.0396705880536055,0.35
2025-07-04 18:00:00,4.2421229236844066e-16,3.3624964738374303,0.35
2025-07-04 19:00:00,0.0,3.805109490482142,0.35
2025-07-04 20:00:00,0.0,3.6934052359686627,0.35
2025-07-04 21:00:00,0.0,2.6747192527772086,0.35
2025-07-04 22:00:00,0.0,2.649511050332922,0.2
2025-07-04 23:00:00,0.0,1.5091497735438653,0.2
2025-07-05 00:00:00,0.0,0.9843351618862626,0.1
2025-07-05 01:00:00,0.0,0.896943474321455,0.1
2025-07-05 02:00:00,0.0,0.9046384686171968,0.1
2025-07-05 03:00:00,0.0,1.0137599725420192,0.1
2025-07-05 04:00:00,0.0,1.0795273880951828,0.1
2025-07-05 05:00:00,0.0,1.1793307376032147,0.1
2025-07-05 06:00:00,0.0,1.7675941337178702,0.1
2025-07-05 07:00:00,1.502185650076237,2.870331766570475,0.2
2025-07-05 08:00:00,2.152021719422729,3.2769018024037577,0.2
2025-07-05 09:00:00,3.9482770614681906,2.6518927817801083,0.2
2025-07-05 10:00:00,3.967166452260189,1.5540928314592062,0.2
2025-07-05 11:00:00,4.918218965704909,1.3793775856847414,0.2
2025-07-05 12:00:00,5.911920066078149,1.3745499632458544,0.2
2025-07-05 13:00:00,5.621836989467327,1.3150150502861484,0.2
2025-07-05 14:00:00,5.214333844639472,1.2793668966879608,0.2
2025-07-05 15:00:00,2.417086172746548,1.6905277697052294,0.2
2025-07-05 16:00:00,2.7292380642024052,1.9846355882431475,0.35
2025-07-05 17:00:00,0.9518189653618545,2.9452126035646007,0.35
2025-07-05 18:00:00,5.59340848013646e-16,3.5113355949354768,0.35
2025-07-05 19:00:00,0.0,4.058453091235344,0.35
2025-07-05 20:00:00,0.0,3.913397556547917,0.35
2025-07-05 21:00:00,0.0,2.7017072968405222,0.35
2025-07-05 22:00:00,0.0,1.801668716182192,0.2
2025-07-05 23:00:00,0.0,1.4255036375145773,0.2
2025-07-06 00:00:00,0.0,0.9546688909274941,0.1
2025-07-06 01:00:00,0.0,1.129866873152311,0.1
2025-07-06 02:00:00,0.0,0.9100190200663972,0.1
2025-07-06 03:00:00,0.0,1.3514197633995266,0.1
2025-07-06 04:00:00,0.0,0.7991957819787201,0.1
2025-07-06 05:00:00,0.0,1.5214175237858643,0.1
2025-07-06 06:00:00,0.0,1.66925473736023,0.1
2025-07-06 07:00:00,1.6610797503552888,2.242278304606751,0.2
2025-07-06 08:00:00,1.9469603468794008,3.0475758411433245,0.2
2025-07-06 09:00:00,3.088672652464967,2.550564388590356,0.2
2025-07-06 10:00:00,4.658549924285195,1.6004229033259476,0.2
2025-07-06 11:00:00,4.618773690937087,0.9354015760138801,0.2
2025-07-06 12:00:00,4.570906239797085,1.062021317469358,0.2
2025-07-06 13:00:00,4.226588583868202,1.236226208218436,0.2
2025-07-06 14:00:00,4.448012219583655,1.2494724247433162,0.2
2025-07-06 15:00:00,3.590343145793642,1.4173845084159182,0.2
2025-07-06 16:00:00,1.8714586987753004,2.06972824839089,0.35
2025-07-06 17:00:00,1.2275355302035729,2.814149183122288,0.35
2025-07-06 18:00:00,6.130854567198511e-16,3.3615458595944387,0.35
2025-07-06 19:00:00,0.0,3.7158212029595123,0.35
2025-07-06 20:00:00,0.0,3.606857001956876,0.35
2025-07-06 21:00:00,0.0,2.7874613218646855,0.35
2025-07-06 22:00:00,0.0,2.144153937776402,0.2
2025-07-06 23:00:00,0.0,1.5574666944647875,0.2
2025-07-07 00:00:00,0.0,1.121027934824084,0.1
2025-07-07 01:00:00,0.0,0.9439807863227908,0.1
2025-07-07 02:00:00,0.0,0.7245404912337778,0.1
2025-07-07 03:00:00,0.0,1.0901460676921884,0.1
2025-07-07 04:00:00,0.0,1.1621648642233648,0.1
2025-07-07 05:00:00,0.0,0.7929642740463801,0.1
2025-07-07 06:00:00,0.0,1.655356945705318,0.1
2025-07-07 07:00:00,1.3414588957361337,2.4632639760447765,0.2
2025-07-07 08:00:00,2.395250513699722,3.023670850098238,0.2
2025-07-07 09:00:00,2.5793535230807016,2.440813899239994,0.2
2025-07-07 10:00:00,3.516305083275799,1.8147178631416256,0.2
2025-07-07 11:00:00,4.41248019640073,1.2295699662863344,0.2
2025-07-07 12:00:00,5.14820575837705,1.0318635806161036,0.2
2025-07-07 13:00:00,4.706650986589443,0.8977799711535235,0.2
2025-07-07 14:00:00,3.5911608850314938,1.0046847153126919,0.2
2025-07-07 15:00:00,2.2909180513157184,1.1899897666919266,0.2
2025-07-07 16:00:00,2.4082257275678365,2.0499722218621095,0.35
2025-07-07 17:00:00,1.0711172806139215,2.9338125353161333,0.35
2025-07-07 18:00:00,6.83814687122659e-16,3.493367118175445,0.35
2025-07-07 19:00:00,0.0,4.30412801920761,0.35
2025-07-07 20:00:00,0.0,3.584570418265402,0.35
2025-07-07 21:00:00,0.0,3.1256291038972126,0.35
2025-07-07 22:00:00,0.0,1.8455319673087285,0.2
2025-07-07 23:00:00,0.0,1.000690294389951,0.2
2025-07-08 00:00:00,0.0,1.0804408966547643,0.1
2025-07-08 01:00:00,0.0,1.0497463499620243,0.1
2025-07-08 02:00:00,0.0,1.0075496843173224,0.1
2025-07-08 03:00:00,0.0,0.8792853445901858,0.1
2025-07-08 04:00:00,0.0,1.0502165564737673,0.1
2025-07-08 05:00:00,0.0,1.1684186749680119,0.1
2025-07-08 06:00:00,0.0,1.7617546697555004,0.1
2025-07-08 07:00:00,0.8509482422879642,2.7698013026765707,0.2
2025-07-08 08:00:00,2.9928690143607795,3.0368442557795694,0.2
2025-07-08 09:00:00,3.5856272235585704,2.723476263259528,0.2
2025-07-08 10:00:00,5.264533718202437,1.7759710755813958,0.2
2025-07-08 11:00:00,4.959638200765661,1.2032734851959779,0.2
2025-07-08 12:00:00,5.820139899150074,0.8329969687459206,0.2
2025-07-08 13:00:00,4.440141417223033,0.9670515073800333,0.2
2025-07-08 14:00:00,4.872480581453394,0.5,0.2
2025-07-08 15:00:00,4.3493622890006485,1.2879987853869381,0.2
2025-07-08 16:00:00,2.527392627728334,1.9575838983091753,0.35
2025-07-08 17:00:00,0.9826148246775039,2.9323267404518907,0.35
2025-07-08 18:00:00,4.995965192679081e-16,3.5937551326955215,0.35
2025-07-08 19:00:00,0.0,4.069534708453201,0.35
2025-07-08 20:00:00,0.0,3.211532975475763,0.35
2025-07-08 21:00:00,0.0,2.8082246086965106,0.35
2025-07-08 22:00:00,0.0,1.6380568434923686,0.2
2025-07-08 23:00:00,0.0,1.1643451465779715,0.2
2025-07-09 00:00:00,0.0,0.9625682220995218,0.1
2025-07-09 01:00:00,0.0,1.255290126512938,0.1
2025-07-09 02:00:00,0.0,1.0749122779498175,0.1
2025-07-09 03:00:00,0.0,1.0113780397064072,0.1
2025-07-09 04:00:00,0.0,1.0532249236775109,0.1
2025-07-09 05:00:00,0.0,1.1279447879010238,0.1
2025-07-09 06:00:00,0.0,1.7134279003473138,0.1
2025-07-09 07:00:00,1.0665866143520204,2.6869500606177152,0.2
2025-07-09 08:00:00,2.248392130400372,2.722928706184652,0.2
2025-07-09 09:00:00,4.114225481875072,2.720096795849737,0.2
2025-07-09 10:00:00,2.819593612728914,1.7446433634827831,0.2
2025-07-09 11:00:00,5.116125318842148,1.4367883693308459,0.2
2025-07-09 12:00:00,5.3592151154689445,1.255912166370066,0.2
2025-07-09 13:00:00,5.5791600236774075,0.7064420273925246,0.2
2025-07-09 14:00:00,5.375067919910839,1.0161655734805837,0.2
2025-07-09 15:00:00,2.3164388789843877,1.2349376410599404,0.2
2025-07-09 16:00:00,1.852556183623824,1.6114131407327146,0.35
2025-07-09 17:00:00,1.5676689042116838,2.6130853543559773,0.35
2025-07-09 18:00:00,5.735876537301127e-16,4.135741877253581,0.35
2025-07-09 19:00:00,0.0,4.121901979246689,0.35
2025-07-09 20:00:00,0.0,4.030948301474963,0.35
2025-07-09 21:00:00,0.0,2.985411667141568,0.35
2025-07-09 22:00:00,0.0,1.8255887698733542,0.2
2025-07-09 23:00:00,0.0,1.3296516103750293,0.2
2025-07-10 00:00:00,0.0,1.1176885677203554,0.21723786716747187
2025-07-10 01:00:00,0.0,1.0875385696328341,0.1
2025-07-10 02:00:00,0.0,0.885202522114139,0.2955181515756357
2025-07-10 03:00:00,0.0,0.7057332061631423,0.1
2025-07-10 04:00:00,0.0,1.714683239048679,0.1
2025-07-10 05:00:00,0.0,1.2424406320733563,0.1
2025-07-10 06:00:00,0.0,1.7570768043853267,0.1
2025-07-10 07:00:00,1.0132026533500431,2.624141744304616,0.2
2025-07-10 08:00:00,1.82502422993123,2.951455092011345,0.2
2025-07-10 09:00:00,4.215984980981014,2.6260317673342297,0.2
2025-07-10 10:00:00,4.166269060912204,2.0797342341298375,0.2
2025-07-10 11:00:00,5.188471716681259,1.246767258419648,0.2
2025-07-10 12:00:00,3.973773690927981,0.831151387058097,0.2
2025-07-10 13:00:00,5.446044550521816,1.0087300709979505,0.2
2025-07-10 14:00:00,4.888247909093667,1.0396013698440452,0.2
2025-07-10 15:00:00,2.9766330809950903,1.6908229660974354,0.2
2025-07-10 16:00:00,2.2620795807845218,2.2081825466948573,0.35
2025-07-10 17:00:00,1.0041046449456525,2.8410970096840193,0.35
2025-07-10 18:00:00,7.763000858613476e-16,3.3917435372366613,0.35
2025-07-10 19:00:00,0.0,3.754821547316212,0.35
2025-07-10 20:00:00,0.0,3.6505153600707225,0.35
2025-07-10 21:00:00,0.0,2.8868565730021567,0.35
2025-07-10 22:00:00,0.0,1.8990328382098383,0.2
2025-07-10 23:00:00,0.0,1.3099719328683912,0.2
2025-07-11 00:00:00,0.0,0.8814414850365646,0.1
2025-07-11 01:00:00,0.0,0.9953585368894377,0.1
2025-07-11 02:00:00,0.0,0.5241184548411927,0.1
2025-07-11 03:00:00,0.0,0.7874665145250417,0.1
2025-07-11 04:00:00,0.0,0.9317208324814611,0.1
2025-07-11 05:00:00,0.0,1.5121712055323013,0.1
2025-07-11 06:00:00,0.0,1.6594618546360649,0.1
2025-07-11 07:00:00,1.00034301469645,2.637568479889797,0.2
2025-07-11 08:00:00,2.4091311926141987,3.04530936005975,0.2
2025-07-11 09:00:00,2.9716154748331265,2.861069286925285,0.2
2025-07-11 10:00:00,3.9592008841174917,2.074860258299384,0.2
2025-07-11 11:00:00,5.0895379272033745,1.2601763605979495,0.2
2025-07-11 12:00:00,5.589331210007204,0.9685965266857607,0.2
2025-07-11 13:00:00,3.8119277227094543,0.9082922093285346,0.2
2025-07-11 14:00:00,3.8977904564193278,1.0842690816328713,0.2
2025-07-11 15:00:00,2.8741728877434776,1.3192365077833452,0.2
2025-07-11 16:00:00,1.919405367367526,2.0846842156189895,0.35
2025-07-11 17:00:00,1.4782669018850592,2.9036539730949005,0.35
2025-07-11 18:00:00,7.488334510243784e-16,3.765850946429516,0.35
2025-07-11 19:00:00,0.0,4.251856742291435,0.35
2025-07-11 20:00:00,0.0,4.020064532033848,0.35
2025-07-11 21:00:00,0.0,2.8445246578194117,0.35
2025-07-11 22:00:00,0.0,2.1938501563541797,0.2
2025-07-11 23:00:00,0.0,1.335673812942995,0.2
2025-07-12 00:00:00,0.0,1.2370027283888971,0.1
2025-07-12 01:00:00,0.0,1.212339160373396,0.1
2025-07-12 02:00:00,0.0,1.202354119244404,0.1
2025-07-12 03:00:00,0.0,1.0265458085172885,0.1
2025-07-12 04:00:00,0.0,0.9234593687727535,0.1
2025-07-12 05:00:00,0.0,0.991764878968822,0.1
2025-07-12 06:00:00,0.0,1.8142171415176307,0.1
2025-07-12 07:00:00,1.0900524010758343,2.9080773599733925,0.2
2025-07-12 08:00:00,2.8923521342515377,2.938031829600736,0.2
2025-07-12 09:00:00,4.241150992011613,2.7585113028851436,0.2
2025-07-12 10:00:00,3.6072930456708834,1.9911350570103399,0.2
2025-07-12 11:00:00,5.741652838250488,1.2149397101714983,0.2
2025-07-12 12:00:00,5.939504302580099,1.3269624424275532,0.2
2025-07-12 13:00:00,5.451134329987051,0.5,0.2
2025-07-12 14:00:00,3.175871233548512,0.8879316703783924,0.2
2025-07-12 15:00:00,3.8224248477534832,1.2229167193763733,0.2
2025-07-12 16:00:00,3.1101352469819212,1.8100157291738652,0.35
2025-07-12 17:00:00,1.3926630199926235,2.8868445998350385,0.35
2025-07-12 18:00:00,5.215241515966015e-16,3.705498268811293,0.35
2025-07-12 19:00:00,0.0,4.078798114439203,0.35
2025-07-12 20:00:00,0.0,3.7667070065803094,0.35
2025-07-12 21:00:00,0.0,2.6295710653087707,0.35
2025-07-12 22:00:00,0.0,1.7303221887135853,0.2
2025-07-12 23:00:00,0.0,1.4852697861114106,0.2
2025-07-13 00:00:00,0.0,0.8739549169430062,0.1
2025-07-13 01:00:00,0.0,0.6859423198646328,0.1
2025-07-13 02:00:00,0.0,1.1949397821641021,0.1
2025-07-13 03:00:00,0.0,1.2867522215794431,0.1
2025-07-13 04:00:00,0.0,1.3685631795106632,0.1
2025-07-13 05:00:00,0.0,1.3080721108368614,0.1
2025-07-13 06:00:00,0.0,1.9474110022164313,0.1
2025-07-13 07:00:00,1.4975113123242432,2.875448496195938,0.2
2025-07-13 08:00:00,3.106601526836437,2.871717651868864,0.2
2025-07-13 09:00:00,2.964501613857213,2.823621522603951,0.2
2025-07-13 10:00:00,5.139528513182521,1.8774240237351956,0.2
2025-07-13 11:00:00,3.4905884110211285,1.4544192848254511,0.2
2025-07-13 12:00:00,5.444567383910728,1.1009120790988363,0.2
2025-07-13 13:00:00,5.372976621392152,1.300310171843273,0.2
2025-07-13 14:00:00,4.6395891788623285,1.1771864786343347,0.2
2025-07-13 15:00:00,2.8276592133186296,1.1092473667545817,0.2
2025-07-13 16:00:00,2.9905175849140684,2.264344060210288,0.35
2025-07-13 17:00:00,0.9660213630747785,2.6300858614034373,0.35
2025-07-13 18:00:00,4.1203065521548435e-16,3.8981023502492955,0.35
2025-07-13 19:00:00,0.0,3.981951423716137,0.35
2025-07-13 20:00:00,0.0,3.882692904793353,0.35
2025-07-13 21:00:00,0.0,3.0465457021112536,0.35
2025-07-13 22:00:00,0.0,2.0599859969381233,0.2
2025-07-13 23:00:00,0.0,1.507712913235264,0.2
2025-07-14 00:00:00,0.0,1.0845270551108073,0.1
2025-07-14 01:00:00,0.0,0.5972723776820114,0.1
2025-07-14 02:00:00,0.0,1.0243369690354462,0.1
2025-07-14 03:00:00,0.0,0.7845190050646047,0.1
2025-07-14 04:00:00,0.0,1.0913684303200637,0.1
2025-07-14 05:00:00,0.0,1.0420820572652743,0.1
2025-07-14 06:00:00,0.0,1.5852341947766355,0.1
2025-07-14 07:00:00,1.5089842734685701,2.9224617518743363,0.2
2025-07-14 08:00:00,2.916494691138633,3.213890287498389,0.2
2025-07-14 09:00:00,3.853627623625813,2.600657468804302,0.2
2025-07-14 10:00:00,3.0520701943463746,1.8592985069563586,0.2
2025-07-14 11:00:00,5.662847664704674,1.222093749208331,0.2
2025-07-14 12:00:00,5.32750306373455,1.1776687501195537,0.2
2025-07-14 13:00:00,5.2260756194372275,0.9058479565839117,0.2
2025-07-14 14:00:00,3.7632658938783154,1.3312297786996188,0.2
2025-07-14 15:00:00,4.236627452841686,1.355425810445243,0.2
2025-07-14 16:00:00,2.7504042737598455,1.8899893345810974,0.35
2025-07-14 17:00:00,0.9180692672589277,2.823934613294828,0.35
2025-07-14 18:00:00,5.496534027909049e-16,3.5292613422153907,0.35
2025-07-14 19:00:00,0.0,4.065736469903498,0.35
2025-07-14 20:00:00,0.0,3.540018189891132,0.35
2025-07-14 21:00:00,0.0,2.9132966997016676,0.35
2025-07-14 22:00:00,0.0,2.2171587098573444,0.2
2025-07-14 23:00:00,0.0,1.2621415123482032,0.2
2025-07-15 00:00:00,0.0,0.9738862402132598,0.1
2025-07-15 01:00:00,0.0,1.0923034715453113,0.1
2025-07-15 02:00:00,0.0,0.9134994542595243,0.1
2025-07-15 03:00:00,0.0,1.1005959524443167,0.1
2025-07-15 04:00:00,0.0,1.1682107737012792,0.1
2025-07-15 05:00:00,0.0,1.4873229218007782,0.1
2025-07-15 06:00:00,0.0,1.7010265738048682,0.1
2025-07-15 07:00:00,0.8326363368239048,2.412919803477461,0.2
2025-07-15 08:00:00,2.4576496266977075,2.938485331960802,0.2
2025-07-15 09:00:00,4.446861647245879,2.4079355178837125,0.2
2025-07-15 10:00:00,3.7740493380421993,1.935244417716053,0.2
2025-07-15 11:00:00,4.172683709112574,1.0393266943216506,0.951236953897319
2025-07-15 12:00:00,4.278181082487,1.530296758574187,0.2
2025-07-15 13:00:00,4.674907409951534,1.3002444022084227,0.2
2025-07-15 14:00:00,3.9712194989900254,1.1349968800460901,0.2
2025-07-15 15:00:00,4.2311012625535325,1.5795220772476604,0.2
2025-07-15 16:00:00,2.3960013160218074,1.6465983608851849,0.35
2025-07-15 17:00:00,1.242104444317273,3.3242666758777712,0.35
2025-07-15 18:00:00,4.4373653978473437e-16,3.5294477857604147,0.35
2025-07-15 19:00:00,0.0,3.9759005172243294,0.35
2025-07-15 20:00:00,0.0,3.2763040503161247,0.35
2025-07-15 21:00:00,0.0,2.9168494400860796,0.35
2025-07-15 22:00:00,0.0,1.7526885706596274,0.2
2025-07-15 23:00:00,0.0,1.426337002023044,0.2
2025-07-16 00:00:00,0.0,0.8911464450873864,0.1
2025-07-16 01:00:00,0.0,0.7844885419521582,0.1
2025-07-16 02:00:00,0.0,0.8397986249032823,0.1
2025-07-16 03:00:00,0.0,1.052889447096088,0.1
2025-07-16 04:00:00,0.0,0.8008328069971662,0.1
2025-07-16 05:00:00,0.0,1.120908232337202,0.1
2025-07-16 06:00:00,0.0,1.9548792592747462,0.1
2025-07-16 07:00:00,1.1990854715310855,3.1219708264984183,0.2
2025-07-16 08:00:00,1.9965088387651204,3.095518573784152,0.2
2025-07-16 09:00:00,3.936727073231959,2.4180336573576753,0.2
2025-07-16 10:00:00,4.163144320517528,1.7489219428920915,0.2
2025-07-16 11:00:00,4.054026981116394,1.2779947555874485,0.2
2025-07-16 12:00:00,5.071476139057604,0.9938084847965079,0.2
2025-07-16 13:00:00,6.125399166902752,1.2216704632410593,0.2
2025-07-16 14:00:00,3.9495695452621593,1.1759764227288723,0.2
2025-07-16 15:00:00,4.315493398841291,1.5876136556300393,0.2
2025-07-16 16:00:00,2.1369068373695574,1.9110699756878173,0.35
2025-07-16 17:00:00,0.867414158293825,3.0846920535421107,0.35
2025-07-16 18:00:00,4.686110470625238e-16,3.6141935913442036,0.35
2025-07-16 19:00:00,0.0,3.8057620261766028,0.35
2025-07-16 20:00:00,0.0,4.082954783962256,0.9279987727074975
2025-07-16 21:00:00,0.0,2.4545964297456773,0.35
2025-07-16 22:00:00,0.0,1.8262096570140638,0.2
2025-07-16 23:00:00,0.0,1.280600279343759,0.2
2025-07-17 00:00:00,0.0,1.5016625862836066,0.1
2025-07-17 01:00:00,0.0,1.3614091057675293,0.1
2025-07-17 02:00:00,0.0,1.2994565539842453,0.1
2025-07-17 03:00:00,0.0,0.9416001078037173,0.1
2025-07-17 04:00:00,0.0,1.5423666023392864,0.1
2025-07-17 05:00:00,0.0,1.3443409673101117,0.1
2025-07-17 06:00:00,0.0,2.0176772570824753,0.1
2025-07-17 07:00:00,0.9187504937627945,2.637413927744797,0.2
2025-07-17 08:00:00,2.3985638678540897,2.9901074956089007,0.2
2025-07-17 09:00:00,3.025237734208378,2.551130251007857,0.2
2025-07-17 10:00:00,3.7765453507379556,1.7804167782227214,0.2
2025-07-17 11:00:00,4.967433246310212,1.3933752840925486,0.2
2025-07-17 12:00:00,5.451566694824045,1.137133434678727,0.9517727805015979
2025-07-17 13:00:00,3.4026676350402973,1.034764555852936,0.2
2025-07-17 14:00:00,2.8446920056172984,1.4343865246657983,0.2
2025-07-17 15:00:00,4.472998638894587,0.812692564899919,0.5487100683255609
2025-07-17 16:00:00,1.955032869804936,2.0759361833315824,0.35
2025-07-17 17:00:00,0.8651345977580301,2.9631397509296553,0.35
2025-07-17 18:00:00,4.621989849363813e-16,3.876883281851547,0.35
2025-07-17 19:00:00,0.0,3.987025711793529,0.35
2025-07-17 20:00:00,0.0,3.6890747212306034,0.35
2025-07-17 21:00:00,0.0,3.0167816558008447,0.35
2025-07-17 22:00:00,0.0,2.272190682931085,0.2
2025-07-17 23:00:00,0.0,1.3458986526740844,0.2
2025-07-18 00:00:00,0.0,1.053396488297806,0.1
2025-07-18 01:00:00,0.0,1.3357521218079784,0.1
2025-07-18 02:00:00,0.0,0.5758655100800354,0.1
2025-07-18 03:00:00,0.0,0.8697293203160666,0.1
2025-07-18 04:00:00,0.0,1.3502981972915238,0.1
2025-07-18 05:00:00,0.0,1.4891781332635778,0.1
2025-07-18 06:00:00,0.0,1.9267136252071895,0.1
2025-07-18 07:00:00,1.6297200278140451,2.511755476901732,0.2
2025-07-18 08:00:00,2.3479882596468404,2.823637110076467,0.2
2025-07-18 09:00:00,4.448124491974619,2.483242861944658,0.2
2025-07-18 10:00:00,4.810807517048126,2.131946421070292,0.2
2025-07-18 11:00:00,3.818436876531092,1.1459884165258636,0.2
2025-07-18 12:00:00,4.8706246430565665,1.083978067771581,0.2
2025-07-18 13:00:00,6.092274892223181,0.8903173009213236,0.2
2025-07-18 14:00:00,5.093114247007582,1.3010365321458328,0.2
2025-07-18 15:00:00,2.4567087009686897,1.298297922578777,0.2
2025-07-18 16:00:00,2.70122355109888,1.9544399557164605,0.35
2025-07-18 17:00:00,1.1026112725326693,2.4829155829892944,0.35
2025-07-18 18:00:00,3.9043566312592403e-16,3.324817060959525,0.35
2025-07-18 19:00:00,0.0,4.0015346386685025,0.35
2025-07-18 20:00:00,0.0,3.3824592767142594,0.35
2025-07-18 21:00:00,0.0,3.240609307004801,0.35
2025-07-18 22:00:00,0.0,1.5616527796525994,0.2
2025-07-18 23:00:00,0.0,1.2459707899770172,0.2
2025-07-19 00:00:00,0.0,1.0033415051258041,0.1
2025-07-19 01:00:00,0.0,0.92701074137907,0.1
2025-07-19 02:00:00,0.0,0.7798418339230219,0.1
2025-07-19 03:00:00,0.0,0.81614627237993,0.1
2025-07-19 04:00:00,0.0,0.8590001860710835,0.1
2025-07-19 05:00:00,0.0,1.2133262275779049,0.1
2025-07-19 06:00:00,0.0,2.2126104009253353,0.1
2025-07-19 07:00:00,1.0561661928139408,2.617062310835198,0.2
2025-07-19 08:00:00,2.239490242773208,3.2365809077510557,0.2
2025-07-19 09:00:00,3.0765593401829463,2.702881254958761,0.2
2025-07-19 10:00:00,5.1336918413848105,2.045117256502998,0.2
2025-07-19 11:00:00,5.815609776371235,0.7116840938382157,0.2
2025-07-19 12:00:00,4.717757695438047,1.0028018706940034,0.2
2025-07-19 13:00:00,4.060080833911731,1.3024859145238155,0.2
2025-07-19 14:00:00,3.0289241573243477,1.0181345615761606,0.2
2025-07-19 15:00:00,4.364808217471128,1.7585378116219876,0.2
2025-07-19 16:00:00,1.675163425060561,2.2707367645008953,0.35
2025-07-19 17:00:00,1.0613099481553359,2.725765866372367,0.35
2025-07-19 18:00:00,5.023380024209626e-16,3.5468580043912414,0.35
2025-07-19 19:00:00,0.0,3.7972788315333075,0.35
2025-07-19 20:00:00,0.0,3.5215718613810525,0.35
2025-07-19 21:00:00,0.0,2.5730741663041172,0.35
2025-07-19 22:00:00,0.0,2.0597196381616505,0.2
2025-07-19 23:00:00,0.0,1.1147965510405513,0.2
2025-07-20 00:00:00,0.0,1.1207479349103384,0.3703745857984713
2025-07-20 01:00:00,0.0,1.1256530683182766,0.1
2025-07-20 02:00:00,0.0,0.6684300442190212,0.1
2025-07-20 03:00:00,0.0,1.3176955615446515,0.1
2025-07-20 04:00:00,0.0,1.1598528604539755,0.1
2025-07-20 05:00:00,0.0,1.4206101708308911,0.1
2025-07-20 06:00:00,0.0,1.6704915427132963,0.1
2025-07-20 07:00:00,1.5961507392800938,2.7259506752181792,0.2
2025-07-20 08:00:00,1.9663204319093586,3.225279499817964,0.2
2025-07-20 09:00:00,4.147118913296725,2.581764305992197,0.2
2025-07-20 10:00:00,3.1923162694590617,2.222729268756226,0.2
2025-07-20 11:00:00,5.647698275744666,1.2804898813395205,0.2
2025-07-20 12:00:00,3.1955005011441524,1.291850635014144,0.2
2025-07-20 13:00:00,4.605362959191025,1.0996605913454036,0.2
2025-07-20 14:00:00,4.832796011503517,1.2495860326974009,0.2
2025-07-20 15:00:00,4.314708234023327,1.0717767251211108,0.2
2025-07-20 16:00:00,3.0106015074423067,2.0481694813904157,0.35
2025-07-20 17:00:00,1.4852838308157794,2.672596989346406,0.35
2025-07-20 18:00:00,7.292697747170239e-16,3.4782110470449754,0.35
2025-07-20 19:00:00,0.0,4.348820636897397,0.35
2025-07-20 20:00:00,0.0,3.6047366581413423,0.35
2025-07-20 21:00:00,0.0,2.6189316129428013,0.35
2025-07-20 22:00:00,0.0,1.9021310764532742,0.2
2025-07-20 23:00:00,0.0,1.1459158039254551,0.2
2025-07-21 00:00:00,0.0,1.286778225311548,0.1
2025-07-21 01:00:00,0.0,0.8609011801049239,0.1
2025-07-21 02:00:00,0.0,1.1065309120445395,0.1
2025-07-21 03:00:00,0.0,1.2789531831210488,0.1
2025-07-21 04:00:00,0.0,0.9571004653279853,0.1
2025-07-21 05:00:00,0.0,1.3770750529964746,0.1
2025-07-21 06:00:00,0.0,1.6162073720409647,0.1
2025-07-21 07:00:00,1.41696438169355,3.0906287653462927,0.2
2025-07-21 08:00:00,2.5895417053274343,3.187276836796875,0.2
2025-07-21 09:00:00,2.572193261325136,2.5629646980409717,0.2
2025-07-21 10:00:00,4.216767214577138,1.667778030728761,0.2
2025-07-21 11:00:00,3.3059602693862655,1.2488776437890077,0.2
2025-07-21 12:00:00,4.335053079630012,0.9956967304533455,0.2
2025-07-21 13:00:00,4.297250008643895,1.4316477406935741,0.2
2025-07-21 14:00:00,2.8342044398526953,0.887374781683047,0.2
2025-07-21 15:00:00,2.835282417608565,1.433003463306106,0.2
2025-07-21 16:00:00,3.077563125169138,1.9702911204206013,0.35
2025-07-21 17:00:00,1.5914209733135538,2.7961099495288857,0.35
2025-07-21 18:00:00,5.212409642834391e-16,3.6257673772128443,0.35
2025-07-21 19:00:00,0.0,3.9767858379801044,0.35
2025-07-21 20:00:00,0.0,3.822103921020232,0.35
2025-07-21 21:00:00,0.0,2.9413888684363876,0.35
2025-07-21 22:00:00,0.0,2.0577397243496067,0.2
2025-07-21 23:00:00,0.0,0.7992079772807842,0.2
2025-07-22 00:00:00,0.0,1.0599603065049268,0.1
2025-07-22 01:00:00,0.0,0.6689094569042104,0.1
2025-07-22 02:00:00,0.0,1.1299349578829707,0.1
2025-07-22 03:00:00,0.0,1.3026313137930865,0.1
2025-07-22 04:00:00,0.0,0.871883179053221,0.1
2025-07-22 05:00:00,0.0,1.218314422073376,0.1
2025-07-22 06:00:00,0.0,1.7023534420112512,0.1
2025-07-22 07:00:00,0.9689705037062929,2.848561206674916,0.2
2025-07-22 08:00:00,1.799677960540461,3.0190063869279653,0.2
2025-07-22 09:00:00,4.304129787391411,2.9471518619063994,0.2
2025-07-22 10:00:00,5.215927794292375,1.9050956174960312,0.2
2025-07-22 11:00:00,5.726058787943526,1.3201669904840967,0.2
2025-07-22 12:00:00,5.105066499364187,1.0773348314442166,0.2
2025-07-22 13:00:00,5.485785679008875,1.20465724974514,0.2
2025-07-22 14:00:00,2.9077398834547856,0.7849444864769587,0.2
2025-07-22 15:00:00,2.964352498862874,1.4231119697521672,0.2
2025-07-22 16:00:00,2.0630010449275678,1.9599494450017503,0.35
2025-07-22 17:00:00,1.3295895011709604,2.964675775029413,0.35
2025-07-22 18:00:00,5.215419273349611e-16,3.6099503870257053,0.35
2025-07-22 19:00:00,0.0,3.7922531131716672,0.35
2025-07-22 20:00:00,0.0,3.648960842737752,0.35
2025-07-22 21:00:00,0.0,2.603023873364232,0.35
2025-07-22 22:00:00,0.0,1.5889049595575522,0.2
2025-07-22 23:00:00,0.0,1.5514303460069365,0.2
2025-07-23 00:00:00,0.0,1.115813646211228,0.1
2025-07-23 01:00:00,0.0,1.0934555177369418,0.1
2025-07-23 02:00:00,0.0,1.261256609644968,0.1
2025-07-23 03:00:00,0.0,0.8747254622181986,0.1
2025-07-23 04:00:00,0.0,0.7709081730166802,0.1
2025-07-23 05:00:00,0.0,1.2566646111803084,0.3013594830930674
2025-07-23 06:00:00,0.0,1.7527245230806685,0.1
2025-07-23 07:00:00,1.4794855867868086,2.433015708169542,0.2
2025-07-23 08:00:00,1.8867673116555856,2.9840309791759916,0.2
2025-07-23 09:00:00,3.2554353681629573,2.4791649565522156,0.2
2025-07-23 10:00:00,4.887871732809383,1.4551437202351876,0.2
2025-07-23 11:00:00,3.57251782443098,1.1834416161981807,0.2
2025-07-23 12:00:00,3.4782408473622066,0.8364184415828778,0.2
2025-07-23 13:00:00,5.702194838879723,1.0873884442158572,0.2
2025-07-23 14:00:00,3.6448036011651195,1.0012747744778965,0.2
2025-07-23 15:00:00,3.7315032746932695,1.6283694734762755,0.2
2025-07-23 16:00:00,1.606688858284563,2.2947319472009164,0.35
2025-07-23 17:00:00,1.3708351048689875,2.955468284200241,0.35
2025-07-23 18:00:00,5.051151641819599e-16,3.337285471803849,0.35
2025-07-23 19:00:00,0.0,4.301039199780009,0.35
2025-07-23 20:00:00,0.0,3.962634797828565,0.35
2025-07-23 21:00:00,0.0,2.8233500813994885,0.35
2025-07-23 22:00:00,0.0,2.2385426341421555,0.2
2025-07-23 23:00:00,0.0,1.2956708221005024,0.2
2025-07-24 00:00:00,0.0,0.6267521447023761,0.1
2025-07-24 01:00:00,0.0,0.8479804412139083,0.1
2025-07-24 02:00:00,0.0,1.346531098464757,0.1
2025-07-24 03:00:00,0.0,0.709515855556689,0.1
2025-07-24 04:00:00,0.0,1.0570352579572302,0.44402766819569506
2025-07-24 05:00:00,0.0,1.27749934520996,0.1
2025-07-24 06:00:00,0.0,1.7196297342282882,0.1
2025-07-24 07:00:00,1.0583212796350234,2.5127705315561326,0.2
2025-07-24 08:00:00,3.011340297621556,3.0144506367207913,0.2
2025-07-24 09:00:00,2.568603524334125,2.4890535174061874,0.2
2025-07-24 10:00:00,5.323499546611265,1.5379330774729674,0.2
2025-07-24 11:00:00,3.6419766008514998,1.314683342945624,0.2
2025-07-24 12:00:00,5.445779884286612,1.2783667914126438,0.2
2025-07-24 13:00:00,4.671577936769913,1.2149733336243569,0.2
2025-07-24 14:00:00,5.1031929586941205,0.970534632648065,0.2
2025-07-24 15:00:00,3.436008666501323,1.15579759557253,0.2
2025-07-24 16:00:00,2.3992404555589575,1.9171211573163875,0.35
2025-07-24 17:00:00,0.9674993282984261,3.1331503115569923,0.35
2025-07-24 18:00:00,4.46596116216308e-16,3.776610323992422,0.35
2025-07-24 19:00:00,0.0,4.140792935363048,0.35
2025-07-24 20:00:00,0.0,3.825462098110911,0.35
2025-07-24 21:00:00,0.0,2.9037452916416178,0.35
2025-07-24 22:00:00,0.0,1.998079111597765,0.2
2025-07-24 23:00:00,0.0,1.5384672290394317,0.2
2025-07-25 00:00:00,0.0,0.89076811082869,0.1
2025-07-25 01:00:00,0.0,0.7171447266649628,0.1
2025-07-25 02:00:00,0.0,1.1452703121806704,0.1
2025-07-25 03:00:00,0.0,1.2552794614288287,0.1
2025-07-25 04:00:00,0.0,0.8334846136997249,0.1
2025-07-25 05:00:00,0.0,1.4350548630250974,0.1
2025-07-25 06:00:00,0.0,2.1583777256994887,0.1
2025-07-25 07:00:00,0.9907296697569002,2.6010256111721315,0.2
2025-07-25 08:00:00,2.7202877492665163,2.8364003729252016,0.2
2025-07-25 09:00:00,4.233787207217524,2.626089720498484,0.2
2025-07-25 10:00:00,3.8467368505160855,1.7122379832664134,0.2
2025-07-25 11:00:00,4.044465874440574,1.1483309323656525,0.2
2025-07-25 12:00:00,6.119578592977793,1.1503302883779578,0.2
2025-07-25 13:00:00,4.354008208791173,0.7203129348876938,0.2
2025-07-25 14:00:00,4.023105467677741,0.843695941627582,0.2
2025-07-25 15:00:00,2.981749682975438,1.4099013547228538,0.2
2025-07-25 16:00:00,2.978671865642826,1.969497025964857,0.35
2025-07-25 17:00:00,1.2668605829769577,2.8883029250058465,0.35
2025-07-25 18:00:00,6.732583640236771e-16,4.02253578589719,0.35
2025-07-25 19:00:00,0.0,4.0209028072193655,0.35
2025-07-25 20:00:00,0.0,3.767125137820771,0.35
2025-07-25 21:00:00,0.0,2.624485392014974,0.35
2025-07-25 22:00:00,0.0,2.1275449347783564,0.2
2025-07-25 23:00:00,0.0,1.3007276766877025,0.2
2025-07-26 00:00:00,0.0,1.0142854981885125,0.1
2025-07-26 01:00:00,0.0,0.9782676039243947,0.1
2025-07-26 02:00:00,0.0,1.207265772238612,0.1
2025-07-26 03:00:00,0.0,0.7457365294039837,0.1
2025-07-26 04:00:00,0.0,0.6004832746479233,0.1
2025-07-26 05:00:00,0.0,1.2279840271243325,0.1
2025-07-26 06:00:00,0.0,1.9159308344028754,0.1
2025-07-26 07:00:00,0.846844556091388,2.631928726685056,0.2
2025-07-26 08:00:00,2.1816023336273918,3.2464416573563333,0.2
2025-07-26 09:00:00,3.6836054687286417,2.6889605206290663,0.2
2025-07-26 10:00:00,3.9093042073293236,1.7095751105345818,0.2
2025-07-26 11:00:00,5.257997047160378,0.8065929235289968,0.2
2025-07-26 12:00:00,4.223476915275175,1.0162310280846056,0.2
2025-07-26 13:00:00,4.9146146175573735,1.2466506303452323,0.2
2025-07-26 14:00:00,3.197900300676364,1.0540721695926045,0.2
2025-07-26 15:00:00,3.85001513899271,1.411707231383618,0.9061872493922571
2025-07-26 16:00:00,2.4054148014546803,2.0582307846086847,0.35
2025-07-26 17:00:00,0.969933239592882,2.616533534747896,0.35
2025-07-26 18:00:00,4.924242209633172e-16,3.7721378875282765,0.35
2025-07-26 19:00:00,0.0,4.327424358004542,0.35
2025-07-26 20:00:00,0.0,3.6129280373751307,0.35
2025-07-26 21:00:00,0.0,2.59377909477144,0.35
2025-07-26 22:00:00,0.0,1.9606371966706544,0.2
2025-07-26 23:00:00,0.0,0.9611290279880642,0.2
2025-07-27 00:00:00,0.0,1.0673819844676171,0.1
2025-07-27 01:00:00,0.0,1.0904922044679428,0.1
2025-07-27 02:00:00,0.0,1.3357981840249182,0.1
2025-07-27 03:00:00,0.0,0.9689328817656586,0.1
2025-07-27 04:00:00,0.0,1.1388280692002253,0.1
2025-07-27 05:00:00,0.0,1.0984129460647372,0.1
2025-07-27 06:00:00,0.0,1.7509391589168348,0.1
2025-07-27 07:00:00,1.1625848908681193,2.2964377641911162,0.2
2025-07-27 08:00:00,1.7440772525653214,2.9610428856169038,0.2
2025-07-27 09:00:00,2.6476900132097594,2.5404241550894198,0.2
2025-07-27 10:00:00,2.6914243379436766,1.8821847301243328,0.2
2025-07-27 11:00:00,3.1168228415567607,1.146957578290405,0.2
2025-07-27 12:00:00,6.139189371625075,1.0803625451186676,0.2
2025-07-27 13:00:00,3.7258987667794314,0.9743828187721396,0.2
2025-07-27 14:00:00,4.472455542279048,1.0661818484661245,0.2
2025-07-27 15:00:00,4.037683677133109,1.4221156438406712,0.2
2025-07-27 16:00:00,2.4072917855183733,1.982063322210745,0.35
2025-07-27 17:00:00,0.9266633339386504,2.9718268174081874,0.35
2025-07-27 18:00:00,6.570915306565513e-16,3.623362101374546,0.35
2025-07-27 19:00:00,0.0,3.9300229301796006,0.35
2025-07-27 20:00:00,0.0,3.611329218736367,0.35
2025-07-27 21:00:00,0.0,2.676659155769702,0.35
2025-07-27 22:00:00,0.0,1.901975183361715,0.2
2025-07-27 23:00:00,0.0,1.8122375923244842,0.2
2025-07-28 00:00:00,0.0,0.8174655795331206,0.1
2025-07-28 01:00:00,0.0,0.9443060621623651,0.1
2025-07-28 02:00:00,0.0,0.9231731926018676,0.1
2025-07-28 03:00:00,0.0,0.9582975178301038,0.1
2025-07-28 04:00:00,0.0,0.9908831397952522,0.1
2025-07-28 05:00:00,0.0,1.3265185867861173,0.1
2025-07-28 06:00:00,0.0,1.4801895627434918,0.1
2025-07-28 07:00:00,1.2804025342799352,2.8089091460299564,0.2
2025-07-28 08:00:00,2.1581401701981786,3.1265173698019906,0.2
2025-07-28 09:00:00,3.226833935845194,2.352911668580506,0.2
2025-07-28 10:00:00,4.974265996249302,1.3685293223160735,0.2
2025-07-28 11:00:00,4.008763497955326,1.0762625251286526,0.2
2025-07-28 12:00:00,5.790561492273443,1.0151601826382248,0.2
2025-07-28 13:00:00,3.255268141766205,1.5571172096318278,0.2
2025-07-28 14:00:00,4.765727789320646,1.241133119120882,0.2
2025-07-28 15:00:00,4.046141657084802,1.0445252488117736,0.2
2025-07-28 16:00:00,1.8301256772860037,1.8360276327671543,0.35
2025-07-28 17:00:00,1.146563032875153,2.808949522343263,0.35
2025-07-28 18:00:00,4.420623040100309e-16,3.698227419060132,0.35
2025-07-28 19:00:00,0.0,3.7370502279421167,0.35
2025-07-28 20:00:00,0.0,3.6204926621583997,0.35
2025-07-28 21:00:00,0.0,2.676064151615792,0.35
2025-07-28 22:00:00,0.0,1.7532056895545858,0.2
2025-07-28 23:00:00,0.0,1.4579249790496287,0.2
2025-07-29 00:00:00,0.0,1.1547767663608584,0.1
2025-07-29 01:00:00,0.0,1.1682455843305508,0.1
2025-07-29 02:00:00,0.0,1.115548195482581,0.1
2025-07-29 03:00:00,0.0,0.9082579336509311,0.1
2025-07-29 04:00:00,0.0,1.2000409538636323,0.1
2025-07-29 05:00:00,0.0,1.332481454162775,0.1
2025-07-29 06:00:00,0.0,1.8490129596122533,0.1
2025-07-29 07:00:00,1.374628468847363,2.4791362271831963,0.2
2025-07-29 08:00:00,2.98136925804329,2.9006255844052453,0.2
2025-07-29 09:00:00,3.3368948022444314,2.6162633730180436,0.844746110483381
2025-07-29 10:00:00,3.3680196973220995,2.310319670303654,0.2
2025-07-29 11:00:00,3.141607647920162,1.331925450375211,0.2
2025-07-29 12:00:00,5.332285863776015,0.9414557744735921,0.2
2025-07-29 13:00:00,3.3459391937845075,0.8745809408997841,0.2
2025-07-29 14:00:00,3.485389938740418,1.0341284035947869,0.2
2025-07-29 15:00:00,3.347561185726547,1.8415018681578783,0.2
2025-07-29 16:00:00,2.416427109276645,1.8941074045581507,0.35
2025-07-29 17:00:00,1.27975185191753,3.0009661165199164,0.35
2025-07-29 18:00:00,4.4122059525443613e-16,3.5723050591062417,0.35
2025-07-29 19:00:00,0.0,4.052236908260126,0.35
2025-07-29 20:00:00,0.0,3.8058397625555562,0.35
2025-07-29 21:00:00,0.0,2.7052114091759156,0.35
2025-07-29 22:00:00,0.0,1.8457350712444953,0.2
2025-07-29 23:00:00,0.0,1.7377797886009039,0.2
2025-07-30 00:00:00,0.0,1.1969199106514534,0.1
2025-07-30 01:00:00,0.0,1.1581717926763726,0.1
2025-07-30 02:00:00,0.0,1.1581261838803885,0.1
2025-07-30 03:00:00,0.0,1.0996469379411968,0.1
2025-07-30 04:00:00,0.0,1.4606861642059443,0.1
2025-07-30 05:00:00,0.0,1.2794522269173487,0.1
2025-07-30 06:00:00,0.0,1.9376770564620345,0.1
2025-07-30 07:00:00,1.2190481109299107,2.311292265804753,0.2
2025-07-30 08:00:00,2.055817490792126,2.8350086725553028,0.2
2025-07-30 09:00:00,3.310143690944141,2.3613221858261246,0.2
2025-07-30 10:00:00,3.1955168128194114,2.0771574936097834,0.2
2025-07-30 11:00:00,5.372514815802055,0.7611689239527829,0.2
2025-07-30 12:00:00,3.653572115859397,0.9832314703731048,0.2
2025-07-30 13:00:00,3.22904948995533,0.5,0.2
2025-07-30 14:00:00,3.8324292860208047,0.9662241470296493,0.2
2025-07-30 15:00:00,3.6129731128489113,1.3078533887016919,0.2
2025-07-30 16:00:00,2.2149199650341362,2.250932952506152,0.35
2025-07-30 17:00:00,1.018165040216005,2.898917597442151,0.35
2025-07-30 18:00:00,5.879504113535341e-16,3.4808624035347195,0.35
2025-07-30 19:00:00,0.0,4.213192743950566,0.35
2025-07-30 20:00:00,0.0,3.6510571586597633,0.35
2025-07-30 21:00:00,0.0,2.827105350879351,0.35
2025-07-30 22:00:00,0.0,1.7334231005206509,0.2
2025-07-30 23:00:00,0.0,1.20800310692921,0.2
2025-07-31 00:00:00,0.0,0.8349818716831892,0.1
2025-07-31 01:00:00,0.0,1.0093295835690648,0.1
2025-07-31 02:00:00,0.0,1.0162480706519406,0.1
2025-07-31 03:00:00,0.0,1.3165503729837928,0.1
2025-07-31 04:00:00,0.0,1.134142035158498,0.1
2025-07-31 05:00:00,0.0,0.7291574278074957,0.1
2025-07-31 06:00:00,0.0,1.8747529805961887,0.1
2025-07-31 07:00:00,1.384400753995582,2.311471580290049,0.2
2025-07-31 08:00:00,2.28166810832708,2.8068066249512436,0.2
2025-07-31 09:00:00,2.3584506084655392,2.439052091447867,0.2
2025-07-31 10:00:00,5.249161033418946,1.6896771122040934,0.2
2025-07-31 11:00:00,4.505772786698907,0.9966470759488721,0.2
2025-07-31 12:00:00,4.960259479016347,1.1043898756141068,0.2
2025-07-31 13:00:00,3.670516744498353,0.7588983728754808,0.2
2025-07-31 14:00:00,3.947920289270708,1.2038152475759967,0.2
2025-07-31 15:00:00,3.105370443264756,1.853437394060391,0.2
2025-07-31 16:00:00,1.6515325626179362,1.7080869219605304,0.35
2025-07-31 17:00:00,0.8797617438245926,2.762689948730015,0.35
2025-07-31 18:00:00,6.914845135107778e-16,3.1427992356980186,0.35
2025-07-31 19:00:00,0.0,3.9398129414101746,0.35
2025-07-31 20:00:00,0.0,3.776034138280109,0.35
2025-07-31 21:00:00,0.0,2.963719825409354,0.35
2025-07-31 22:00:00,0.0,1.9894301481318686,0.2
2025-07-31 23:00:00,0.0,1.5838585346616332,0.2
2025-08-01 00:00:00,0.0,1.5092122388608522,0.1
2025-08-01 01:00:00,0.0,1.3424982664257468,0.1
2025-08-01 02:00:00,0.0,0.8961667393738784,0.1
2025-08-01 03:00:00,0.0,0.717511042985636,0.1
2025-08-01 04:00:00,0.0,0.9759007182561705,0.1
2025-08-01 05:00:00,0.0,1.0812740134184478,0.1
2025-08-01 06:00:00,0.0,1.912494092594777,0.1
2025-08-01 07:00:00,1.1404717261157353,2.3652361436376563,0.2
2025-08-01 08:00:00,2.825459108621157,2.9854363233554824,0.2
2025-08-01 09:00:00,2.735549088900027,2.769088796700395,0.2
2025-08-01 10:00:00,3.7731328107386912,1.8022056023431183,0.2
2025-08-01 11:00:00,3.078253693854809,1.0824141898073736,0.2
2025-08-01 12:00:00,4.440701281396209,1.2986562864407878,0.2
2025-08-01 13:00:00,4.669860629880344,0.6652626409429072,0.2
2025-08-01 14:00:00,4.169085140038873,1.0669227149505347,0.2
2025-08-01 15:00:00,2.8872737948238343,1.3977111739717982,0.2
2025-08-01 16:00:00,2.015725795429974,1.9771404654272695,0.35
2025-08-01 17:00:00,0.8777196243869154,2.8556912208134757,0.35
2025-08-01 18:00:00,5.129498781981683e-16,3.7695786721624116,0.35
2025-08-01 19:00:00,0.0,3.9929185121951307,0.35
2025-08-01 20:00:00,0.0,3.5738790513250756,0.35
2025-08-01 21:00:00,0.0,2.7380741102059614,0.35
2025-08-01 22:00:00,0.0,1.8516542416673782,0.2
2025-08-01 23:00:00,0.0,1.563514514575211,0.2
2025-08-02 00:00:00,0.0,0.870695635776991,0.1
2025-08-02 01:00:00,0.0,1.1693915507398758,0.1
2025-08-02 02:00:00,0.0,1.0044707417077798,0.1
2025-08-02 03:00:00,0.0,0.9034808789077577,0.1
2025-08-02 04:00:00,0.0,1.180812444719758,0.1
2025-08-02 05:00:00,0.0,1.1251797815972937,0.1
2025-08-02 06:00:00,0.0,1.9498613911674931,0.1
2025-08-02 07:00:00,1.0139069062898252,2.6440200757619126,0.2
2025-08-02 08:00:00,2.0139095038775174,2.880735872055167,0.2
2025-08-02 09:00:00,4.158880085897269,2.7072129488600445,0.2
2025-08-02 10:00:00,2.7952989988731978,1.9316627220442815,0.2
2025-08-02 11:00:00,4.385278501990364,1.5031808755189244,0.2
2025-08-02 12:00:00,5.845359542742993,1.2569228774055086,0.2
2025-08-02 13:00:00,4.753451294257014,1.1393136340389294,0.2
2025-08-02 14:00:00,4.092568375361513,0.9069635358842747,0.2
2025-08-02 15:00:00,2.700521314366288,1.8957605762828766,0.2
2025-08-02 16:00:00,2.052468871003553,1.693235491532981,0.35
2025-08-02 17:00:00,1.4648395284835687,3.0094446444543212,0.35
2025-08-02 18:00:00,5.835246579402577e-16,3.7337474715777725,0.35
2025-08-02 19:00:00,0.0,3.765171525507978,0.35
2025-08-02 20:00:00,0.0,3.622630519978112,0.35
2025-08-02 21:00:00,0.0,2.8038414018889726,0.35
2025-08-02 22:00:00,0.0,2.2350739452371537,0.2
2025-08-02 23:00:00,0.0,1.2633436696537956,0.2
2025-08-03 00:00:00,0.0,0.9476123303874232,0.1
2025-08-03 01:00:00,0.0,0.5328234079339743,0.1
2025-08-03 02:00:00,0.0,1.3476234838805212,0.1
2025-08-03 03:00:00,0.0,0.7936381916749694,0.1
2025-08-03 04:00:00,0.0,1.1225131744187662,0.1
2025-08-03 05:00:00,0.0,1.2503890005975447,0.1
2025-08-03 06:00:00,0.0,1.8026243896651826,0.1
2025-08-03 07:00:00,1.3930564983920313,2.763447248497731,0.2
2025-08-03 08:00:00,2.142793848886172,3.334253301934278,0.2
2025-08-03 09:00:00,4.050436153604919,2.651784719781531,0.2
2025-08-03 10:00:00,4.350750730255567,1.953360380432659,0.2
2025-08-03 11:00:00,5.5901323258513935,1.337455261702341,0.2
2025-08-03 12:00:00,4.947093701058365,1.2671997597097746,0.2
2025-08-03 13:00:00,3.329763361322635,0.9484755539964073,0.2
2025-08-03 14:00:00,3.4561782524025717,1.3475598370093103,0.2
2025-08-03 15:00:00,2.5894754549705286,1.628143151777542,0.2
2025-08-03 16:00:00,2.9082576687147492,2.190466135483925,0.35
2025-08-03 17:00:00,1.388366191715051,2.6875624361305643,0.35
2025-08-03 18:00:00,6.255823740098393e-16,3.613823181353075,0.35
2025-08-03 19:00:00,0.0,4.047893397760288,0.35
2025-08-03 20:00:00,0.0,3.3733222987880107,0.35
2025-08-03 21:00:00,0.0,3.1385760207551034,0.35
2025-08-03 22:00:00,0.0,1.971502095374614,0.2
2025-08-03 23:00:00,0.0,1.4627914272307823,0.2
2025-08-04 00:00:00,0.0,0.8846004437268534,0.1
2025-08-04 01:00:00,0.0,0.7346618170648224,0.1
2025-08-04 02:00:00,0.0,0.8798649481608515,0.1
2025-08-04 03:00:00,0.0,1.0515726778057013,0.1
2025-08-04 04:00:00,0.0,1.19181676412167,0.3795168392503428
2025-08-04 05:00:00,0.0,1.3030288746624614,0.1
2025-08-04 06:00:00,0.0,1.8915693862702407,0.1
2025-08-04 07:00:00,0.8888633037182233,2.5340695765872803,0.2
2025-08-04 08:00:00,1.8283245400308212,3.0992505231226364,0.2
2025-08-04 09:00:00,3.8006024878539195,2.8980525590703143,0.2
2025-08-04 10:00:00,3.7508023775056767,1.963302665394351,0.2
2025-08-04 11:00:00,4.594075570919598,1.433585332007521,0.2
2025-08-04 12:00:00,3.102088917931552,1.1224967547849756,0.2
2025-08-04 13:00:00,3.0357782132091335,0.7404278159737523,0.2
2025-08-04 14:00:00,3.80426824297543,0.9235484199997788,0.2
2025-08-04 15:00:00,3.9028523703717464,1.4970183387808338,0.2
2025-08-04 16:00:00,2.863920755889247,1.971770923355326,0.35
2025-08-04 17:00:00,0.8545414385753772,2.907560586892425,0.35
2025-08-04 18:00:00,5.723929968315214e-16,3.9827753917693274,0.35
2025-08-04 19:00:00,0.0,4.145207199850068,0.35
2025-08-04 20:00:00,0.0,3.8992679489023763,0.35
2025-08-04 21:00:00,0.0,2.8385282570320465,0.35
2025-08-04 22:00:00,0.0,1.8125142665781613,0.2
2025-08-04 23:00:00,0.0,1.3944326178669697,0.2
2025-08-05 00:00:00,0.0,0.8390509689284664,0.1
2025-08-05 01:00:00,0.0,1.3116963202927165,0.1
2025-08-05 02:00:00,0.0,1.1587491405628996,0.1
2025-08-05 03:00:00,0.0,1.1118343396046395,0.1
2025-08-05 04:00:00,0.0,1.304319642016552,0.1
2025-08-05 05:00:00,0.0,0.8666592836372722,0.1
2025-08-05 06:00:00,0.0,1.9398521732903826,0.1
2025-08-05 07:00:00,1.3334533078366706,2.339345694662681,0.2
2025-08-05 08:00:00,2.673737217256795,2.998549670180419,0.2
2025-08-05 09:00:00,4.132703483928782,2.53914446729969,0.2
2025-08-05 10:00:00,3.1606226257579104,1.9546920993259433,0.2
2025-08-05 11:00:00,5.260889460802964,1.3173144121491238,0.2
2025-08-05 12:00:00,5.26638233401247,1.332716909646007,0.2
2025-08-05 13:00:00,3.112631637982717,0.92067939770715,0.2
2025-08-05 14:00:00,3.6391766933123595,1.2743046040526842,0.2
2025-08-05 15:00:00,2.7476312330895714,1.4384878220278317,0.2
2025-08-05 16:00:00,1.9757731790547735,1.6469006797330326,0.35
2025-08-05 17:00:00,1.5546530977975892,2.6358687178932527,0.35
2025-08-05 18:00:00,6.094186778580813e-16,3.617515101496079,0.35
2025-08-05 19:00:00,0.0,4.222458489982547,0.35
2025-08-05 20:00:00,0.0,3.740235319265235,0.35
2025-08-05 21:00:00,0.0,2.5860918143617577,0.35
2025-08-05 22:00:00,0.0,1.9458941564656174,0.2
2025-08-05 23:00:00,0.0,1.809567139468444,0.2
2025-08-06 00:00:00,0.0,1.0222459986404655,0.1
2025-08-06 01:00:00,0.0,0.9345722139237479,0.1
2025-08-06 02:00:00,0.0,1.0990188534070497,0.1
2025-08-06 03:00:00,0.0,1.1604104561953776,0.1
2025-08-06 04:00:00,0.0,0.9658973320749193,0.21650204931318037
2025-08-06 05:00:00,0.0,1.3711855214162048,0.1
2025-08-06 06:00:00,0.0,1.7564466836876889,0.1
2025-08-06 07:00:00,1.2570156468065958,2.7453403718894434,0.2
2025-08-06 08:00:00,2.1812777597679713,3.033939441467808,0.2
2025-08-06 09:00:00,3.720717477530254,2.697879551203711,0.2
2025-08-06 10:00:00,3.2125319560147854,1.6705080676730528,0.2
2025-08-06 11:00:00,3.087583600953664,1.107419677542361,0.2
2025-08-06 12:00:00,3.9257359793425977,1.2527929358555283,0.2
2025-08-06 13:00:00,4.30064424973056,1.025179553616574,0.2
2025-08-06 14:00:00,3.0547962821099066,1.1894886745458997,0.2
2025-08-06 15:00:00,2.893081341012255,1.3447640932307612,0.2
2025-08-06 16:00:00,2.1139470020707725,2.153704088550072,0.35
2025-08-06 17:00:00,0.8264822096920552,2.698030013591928,0.35
2025-08-06 18:00:00,5.855680528244908e-16,3.6203704602203364,0.35
2025-08-06 19:00:00,0.0,4.157198562544828,0.35
2025-08-06 20:00:00,0.0,3.8820842475866653,0.35
2025-08-06 21:00:00,0.0,2.7148401209325637,0.35
2025-08-06 22:00:00,0.0,2.3658941984662256,0.2
2025-08-06 23:00:00,0.0,1.4686541884485613,0.2
2025-08-07 00:00:00,0.0,0.7914156793105465,0.1
2025-08-07 01:00:00,0.0,1.0738477386562206,0.1
2025-08-07 02:00:00,0.0,0.9240710823591141,0.1
2025-08-07 03:00:00,0.0,1.094545537715619,0.1
2025-08-07 04:00:00,0.0,1.0485597520388636,0.1
2025-08-07 05:00:00,0.0,1.2855253045799464,0.1
2025-08-07 06:00:00,0.0,1.6399059077046214,0.1
2025-08-07 07:00:00,1.0661342657864183,2.7994870976668276,0.2
2025-08-07 08:00:00,2.979016896134328,2.7687753364433445,0.46991532441959016
2025-08-07 09:00:00,3.0244662301891423,2.379733006712134,0.2
2025-08-07 10:00:00,3.9159303501332903,1.895816846736051,0.2
2025-08-07 11:00:00,5.554071226043946,1.592245803792527,0.2
2025-08-07 12:00:00,5.169954356312912,0.9931748555107679,0.2
2025-08-07 13:00:00,4.600655241407949,1.1812532944344658,0.2
2025-08-07 14:00:00,4.687306137240876,1.3471497614987364,0.2
2025-08-07 15:00:00,3.9688658419583493,1.568980066106879,0.2
2025-08-07 16:00:00,2.193039087105199,1.911717075912607,0.35
2025-08-07 17:00:00,1.1493977344507842,2.6013826661590445,0.35
2025-08-07 18:00:00,5.110227356005921e-16,3.205981195066242,0.35
2025-08-07 19:00:00,0.0,3.9474319001117224,0.35
2025-08-07 20:00:00,0.0,3.883108181466247,0.35
2025-08-07 21:00:00,0.0,2.594758782185514,0.35
2025-08-07 22:00:00,0.0,2.113999371578802,0.2
2025-08-07 23:00:00,0.0,1.2159753436994636,0.2
2025-08-08 00:00:00,0.0,1.0212158469496617,0.1
2025-08-08 01:00:00,0.0,1.1415956517692305,0.1
2025-08-08 02:00:00,0.0,0.8687718378881202,0.1
2025-08-08 03:00:00,0.0,1.0418287764183665,0.1
2025-08-08 04:00:00,0.0,0.9741127342258654,0.1
2025-08-08 05:00:00,0.0,1.4117002983295528,0.1
2025-08-08 06:00:00,0.0,1.869288016718778,0.1
2025-08-08 07:00:00,0.819145722088205,2.612776386409409,0.2
2025-08-08 08:00:00,2.9588010985199062,3.3116708019019465,0.2
2025-08-08 09:00:00,3.2098623007288953,2.7339472142667933,0.2
2025-08-08 10:00:00,3.354967925807704,1.684274403681296,0.2
2025-08-08 11:00:00,4.259501375707551,1.2545041741973804,0.2
2025-08-08 12:00:00,5.575520196305636,1.0485137179077173,0.2
2025-08-08 13:00:00,3.7826396983143296,1.057122744418715,0.2
2025-08-08 14:00:00,3.099746535050156,1.6373835814475264,0.2
2025-08-08 15:00:00,2.3959584200204844,1.4802135571902646,0.2
2025-08-08 16:00:00,1.94746910982317,1.566778219726388,0.35
2025-08-08 17:00:00,1.3826138158968855,2.7110322152544666,0.35
2025-08-08 18:00:00,5.408556098692148e-16,3.261016290701351,0.35
2025-08-08 19:00:00,0.0,3.9340403485950333,0.35
2025-08-08 20:00:00,0.0,3.250028661808526,0.35
2025-08-08 21:00:00,0.0,2.645273884924215,0.35
2025-08-08 22:00:00,0.0,1.6698130961482252,0.2
2025-08-08 23:00:00,0.0,1.4828378853033335,0.2
2025-08-09 00:00:00,0.0,1.0001092041980697,0.1
2025-08-09 01:00:00,0.0,1.0606297904379731,0.1
2025-08-09 02:00:00,0.0,0.9797606475421005,0.1
2025-08-09 03:00:00,0.0,0.7288722902381001,0.1
2025-08-09 04:00:00,0.0,1.1598352754218784,0.1
2025-08-09 05:00:00,0.0,1.655115478595808,0.1
2025-08-09 06:00:00,0.0,1.90406709874316,0.1
2025-08-09 07:00:00,0.8130697210412952,2.5162899316600424,0.2
2025-08-09 08:00:00,1.64030810452,2.714387374652462,0.2
2025-08-09 09:00:00,3.6391377647554752,2.4198725916411394,0.2
2025-08-09 10:00:00,3.3206959125736883,1.9129527082209654,0.2
2025-08-09 11:00:00,3.4219665256565164,1.4863005597168077,0.2
2025-08-09 12:00:00,3.109113106802834,1.1158667098680444,0.2
2025-08-09 13:00:00,2.9525636394367045,1.2010362878348693,0.2
2025-08-09 14:00:00,4.596982485168819,1.274017374931476,0.2
2025-08-09 15:00:00,2.3995718274389914,1.5073500569252487,0.2
2025-08-09 16:00:00,2.1952457045240634,1.842264014695092,0.35
2025-08-09 17:00:00,1.2433219606052048,2.85437671199289,0.35
2025-08-09 18:00:00,5.232578778464118e-16,3.477815147424085,0.35
2025-08-09 19:00:00,0.0,4.003485790595821,0.35
2025-08-09 20:00:00,0.0,3.7136634139671942,0.35
2025-08-09 21:00:00,0.0,3.1553487406152714,0.35
2025-08-09 22:00:00,0.0,1.7120110072015229,0.2
2025-08-09 23:00:00,0.0,1.5023073759080992,0.2
2025-08-10 00:00:00,0.0,1.296248649997013,0.1
2025-08-10 01:00:00,0.0,1.1518068821059861,0.1
2025-08-10 02:00:00,0.0,1.167260013820814,0.1
2025-08-10 03:00:00,0.0,1.1252708206525461,0.1
2025-08-10 04:00:00,0.0,1.3167978995260146,0.1
2025-08-10 05:00:00,0.0,1.0531749329194438,0.1
2025-08-10 06:00:00,0.0,1.5450392498278014,0.1
2025-08-10 07:00:00,1.2463163875545549,2.6002080234305045,0.2
2025-08-10 08:00:00,2.8725769835249277,2.567768389159209,0.2
2025-08-10 09:00:00,4.136544920206626,2.847615146628735,0.2
2025-08-10 10:00:00,3.8962684691893474,2.066487816005642,0.2
2025-08-10 11:00:00,4.184059148158757,1.1850068433400276,0.2
2025-08-10 12:00:00,3.8124795740693496,0.9895393555915474,0.2
2025-08-10 13:00:00,5.641448130071816,1.0265893348635384,0.2
2025-08-10 14:00:00,2.9508497059077166,1.1428858562139512,0.2
2025-08-10 15:00:00,3.330703957664081,1.4314779624869223,0.2
2025-08-10 16:00:00,1.9119881259819824,2.085605155123004,0.35
2025-08-10 17:00:00,0.9869846104888967,2.785066738996164,0.35
2025-08-10 18:00:00,5.130010534352381e-16,3.8361293688960716,0.35
2025-08-10 19:00:00,0.0,4.089189555429262,0.35
2025-08-10 20:00:00,0.0,3.526098018579285,0.35
2025-08-10 21:00:00,0.0,3.08661451269872,0.35
2025-08-10 22:00:00,0.0,1.7023060048505518,0.2
2025-08-10 23:00:00,0.0,1.3875726875455427,0.2
2025-08-11 00:00:00,0.0,1.1933848118873875,0.1
2025-08-11 01:00:00,0.0,0.855422707955798,0.1
2025-08-11 02:00:00,0.0,1.062582054609236,0.1
2025-08-11 03:00:00,0.0,1.1163997596787933,0.1
2025-08-11 04:00:00,0.0,0.8850262279746834,0.1
2025-08-11 05:00:00,0.0,1.2561750226231103,0.1
2025-08-11 06:00:00,0.0,1.7909238169800086,0.1
2025-08-11 07:00:00,1.495673389729063,2.4911272811570973,0.2
2025-08-11 08:00:00,1.9833435492397578,3.460335780283706,0.2
2025-08-11 09:00:00,3.3007078079382826,2.4488647151040377,0.2
2025-08-11 10:00:00,4.914261506609112,2.0233308357201305,0.2
2025-08-11 11:00:00,2.8880677856040875,1.1931167509807044,0.2
2025-08-11 12:00:00,5.380576799364904,0.846366237146593,0.2
2025-08-11 13:00:00,5.592440678575473,1.0616216785246866,0.2
2025-08-11 14:00:00,2.8084797818281584,1.2623004030035276,0.2
2025-08-11 15:00:00,2.4404557020000417,1.590145093661201,0.2
2025-08-11 16:00:00,2.9132495149787787,2.286411755878357,0.35
2025-08-11 17:00:00,1.1825212883726108,3.4086412675848794,0.35
2025-08-11 18:00:00,3.690789619616572e-16,3.697593548951632,0.35
2025-08-11 19:00:00,0.0,3.8673815652391235,0.35
2025-08-11 20:00:00,0.0,3.7380655731127903,0.35
2025-08-11 21:00:00,0.0,2.766349389056602,0.35
2025-08-11 22:00:00,0.0,2.159150628045495,0.2
2025-08-11 23:00:00,0.0,1.1465729904366937,0.2
2025-08-12 00:00:00,0.0,1.4736682401523815,0.1
2025-08-12 01:00:00,0.0,1.1712469478933296,0.1
2025-08-12 02:00:00,0.0,0.6638701216965728,0.1
2025-08-12 03:00:00,0.0,0.8659260598159892,0.1
2025-08-12 04:00:00,0.0,1.220347210393719,0.1
2025-08-12 05:00:00,0.0,1.5059393777762082,0.1
2025-08-12 06:00:00,0.0,1.567777057575458,0.1
2025-08-12 07:00:00,1.148447007630809,2.7440800216101455,0.2
2025-08-12 08:00:00,2.373976360307229,2.610532835341166,0.2
2025-08-12 09:00:00,2.569971643881629,2.5836188126989237,0.2
2025-08-12 10:00:00,3.9593546824897063,2.044754145327195,0.2
2025-08-12 11:00:00,4.848553644927826,1.1613738083363367,0.2
2025-08-12 12:00:00,4.487111775170322,0.7623090150960465,0.2
2025-08-12 13:00:00,5.6933182654456935,1.0703017891691846,0.2
2025-08-12 14:00:00,4.132612103129103,1.0115379527989319,0.2
2025-08-12 15:00:00,2.870916139357233,1.5319548518612323,0.2
2025-08-12 16:00:00,2.624081728789476,1.7968934473037312,0.35
2025-08-12 17:00:00,0.8971397837370554,2.6650646316672395,0.35
2025-08-12 18:00:00,5.021288206639129e-16,3.243290244025264,0.35
2025-08-12 19:00:00,0.0,4.033988942214497,0.35
2025-08-12 20:00:00,0.0,3.6153097200984923,0.35
2025-08-12 21:00:00,0.0,2.5819150449898864,0.35
2025-08-12 22:00:00,0.0,2.0127171448284678,0.2
2025-08-12 23:00:00,0.0,1.611419909838666,0.2
2025-08-13 00:00:00,0.0,0.956887742988504,0.1
2025-08-13 01:00:00,0.0,1.0536707189026218,0.1
2025-08-13 02:00:00,0.0,1.0553331751728385,0.1
2025-08-13 03:00:00,0.0,0.7668658748431916,0.1
2025-08-13 04:00:00,0.0,1.4684481657124504,0.1
2025-08-13 05:00:00,0.0,1.1765006005174605,0.1
2025-08-13 06:00:00,0.0,1.9534478233939048,0.1
2025-08-13 07:00:00,0.7707723998863817,2.7553179069693656,0.2
2025-08-13 08:00:00,2.432242705039913,2.9720817844504004,0.2
2025-08-13 09:00:00,3.153390319485357,2.7228449908050596,0.2
2025-08-13 10:00:00,3.6944975084061995,1.8715086212698315,0.2
2025-08-13 11:00:00,5.6071540028541085,0.9881490029114517,0.2
2025-08-13 12:00:00,4.636951387800873,0.9972389346736317,0.7231861626831473
2025-08-13 13:00:00,5.312005633437405,0.9185486494228603,0.2
2025-08-13 14:00:00,2.9122408706452765,1.0401327178568018,0.2
2025-08-13 15:00:00,3.27466130811427,1.1452425430807376,0.2
2025-08-13 16:00:00,2.7564075933093357,2.1992454770965493,0.35
2025-08-13 17:00:00,1.2092259453829635,3.139990540520542,0.35
2025-08-13 18:00:00,6.209246387926531e-16,3.8430913034001946,0.35
2025-08-13 19:00:00,0.0,4.25410584483363,0.35
2025-08-13 20:00:00,0.0,3.578563740352181,0.35
2025-08-13 21:00:00,0.0,2.6923406121406934,0.35
2025-08-13 22:00:00,0.0,1.8182399927127069,0.2
2025-08-13 23:00:00,0.0,1.5348188343012825,0.2
2025-08-14 00:00:00,0.0,1.045413942301124,0.1
2025-08-14 01:00:00,0.0,0.9845929866185418,0.1
2025-08-14 02:00:00,0.0,1.2597006340948744,0.1
2025-08-14 03:00:00,0.0,1.0887201110420524,0.1
2025-08-14 04:00:00,0.0,0.8893994740668142,0.1
2025-08-14 05:00:00,0.0,1.1344888007147784,0.1
2025-08-14 06:00:00,0.0,1.9586232428726797,0.1
2025-08-14 07:00:00,1.0986666378722878,2.8098214220544753,0.2
2025-08-14 08:00:00,1.9424197752072399,3.1103368563247447,0.2
2025-08-14 09:00:00,3.173492899862078,2.980863735367549,0.2
2025-08-14 10:00:00,4.2984802011631995,2.1493462100528378,0.2
2025-08-14 11:00:00,3.6174728191223076,1.3598841213270854,0.2
2025-08-14 12:00:00,5.106687928829619,0.8959773430273488,0.2
2025-08-14 13:00:00,2.987371838589178,0.7790613275473192,0.2
2025-08-14 14:00:00,2.672386476377057,1.0550053771230843,0.2
2025-08-14 15:00:00,2.882767477786013,1.5566858679312965,0.2
2025-08-14 16:00:00,1.9901733332008416,2.3392881496097306,0.35
2025-08-14 17:00:00,1.0013878095449666,2.9030814164800196,0.35
2025-08-14 18:00:00,5.369891264675381e-16,3.88123526704676,0.35
2025-08-14 19:00:00,0.0,3.9509385027666406,0.35
2025-08-14 20:00:00,0.0,3.7720445327993217,0.35
2025-08-14 21:00:00,0.0,2.984263345033335,0.35
2025-08-14 22:00:00,0.0,1.5780385469045435,0.2
2025-08-14 23:00:00,0.0,1.323318089234536,0.2
2025-08-15 00:00:00,0.0,1.189941408527868,0.1
2025-08-15 01:00:00,0.0,1.05493099606554,0.1
2025-08-15 02:00:00,0.0,0.7613679156256191,0.1
2025-08-15 03:00:00,0.0,0.5217073651335125,0.1
2025-08-15 04:00:00,0.0,0.98397485251053,0.1
2025-08-15 05:00:00,0.0,1.2563534279631416,0.1
2025-08-15 06:00:00,0.0,1.6454399930561816,0.1
2025-08-15 07:00:00,0.8256050333570376,2.6300918389291548,0.2
2025-08-15 08:00:00,2.456893898042273,3.1012781593201297,0.2
2025-08-15 09:00:00,2.204863457164316,2.735623419938379,0.2
2025-08-15 10:00:00,4.050594296412153,1.3511609919200893,0.2
2025-08-15 11:00:00,4.9238508694161345,1.0088199347953088,0.2
2025-08-15 12:00:00,3.5485404319285214,1.0027689452527022,0.2
2025-08-15 13:00:00,5.212675465629911,1.1554934561011654,0.2
2025-08-15 14:00:00,2.6147695816257146,1.2303285288360346,0.2
2025-08-15 15:00:00,3.8204828599993705,1.5004171682234002,0.2
2025-08-15 16:00:00,2.1396224300311566,1.8972751453535568,0.35
2025-08-15 17:00:00,0.9234491401858442,2.7540653221358675,0.35
2025-08-15 18:00:00,4.068696972468327e-16,3.5018248545161645,0.35
2025-08-15 19:00:00,0.0,4.153638825625371,0.35
2025-08-15 20:00:00,0.0,3.4633929502058964,0.35
2025-08-15 21:00:00,0.0,2.9895992581758146,0.35
2025-08-15 22:00:00,0.0,2.0155280497025783,0.2
2025-08-15 23:00:00,0.0,1.3969969540188072,0.2
2025-08-16 00:00:00,0.0,0.8686592517170006,0.1
2025-08-16 01:00:00,0.0,0.7289289567054016,0.1
2025-08-16 02:00:00,0.0,0.8711403739801966,0.1
2025-08-16 03:00:00,0.0,0.9417304665540064,0.1
2025-08-16 04:00:00,0.0,0.5833261392546809,0.1
2025-08-16 05:00:00,0.0,1.2311995354749845,0.1
2025-08-16 06:00:00,0.0,2.0070960566270517,0.1
2025-08-16 07:00:00,0.919994948128718,2.71491843261033,0.2
2025-08-16 08:00:00,1.9951406594704355,2.9007596347252496,0.2
2025-08-16 09:00:00,2.8715962835259226,2.6108732454761783,0.2
2025-08-16 10:00:00,4.997524483973705,1.7111118630221538,0.2
2025-08-16 11:00:00,5.5125615066455245,1.3014291010240722,0.2
2025-08-16 12:00:00,5.255847203506993,1.3717150396724556,0.2
2025-08-16 13:00:00,3.501733759934116,1.234758590418648,0.2
2025-08-16 14:00:00,2.700561609870238,1.2366405872645778,0.2
2025-08-16 15:00:00,2.7187933335673873,1.3074661961713216,0.2
2025-08-16 16:00:00,1.8493249221208792,2.123946412336311,0.35
2025-08-16 17:00:00,1.1379857830464115,2.482216619323249,0.35
2025-08-16 18:00:00,6.356428621719443e-16,3.5970200118023348,0.35
2025-08-16 19:00:00,0.0,4.116742283968991,0.35
2025-08-16 20:00:00,0.0,3.795574950563362,0.35
2025-08-16 21:00:00,0.0,2.9535688771810484,0.35
2025-08-16 22:00:00,0.0,2.0329235399169883,0.2
2025-08-16 23:00:00,0.0,1.3668608538930613,0.2
2025-08-17 00:00:00,0.0,1.1075965256375917,0.1
2025-08-17 01:00:00,0.0,0.8094651208209669,0.1
2025-08-17 02:00:00,0.0,0.8317354725971557,0.1
2025-08-17 03:00:00,0.0,1.020078775571043,0.1
2025-08-17 04:00:00,0.0,1.0917705301126808,0.1
2025-08-17 05:00:00,0.0,0.905547530828988,0.1
2025-08-17 06:00:00,0.0,1.9132538592117543,0.1
2025-08-17 07:00:00,0.9818353374280105,2.7560205271074345,0.2
2025-08-17 08:00:00,2.634948383491567,2.9845437623802917,0.2
2025-08-17 09:00:00,2.661488906524114,3.0763792424499314,0.2
2025-08-17 10:00:00,3.643596304168817,1.6857577556435164,0.2
2025-08-17 11:00:00,4.852595536220227,1.199459521679559,0.2
2025-08-17 12:00:00,4.924586999209618,0.9846800936982074,0.2
2025-08-17 13:00:00,5.584129658551178,1.0258213076354692,0.2
2025-08-17 14:00:00,3.0864349176947385,1.0667367635327691,0.2
2025-08-17 15:00:00,3.4192622130309287,1.1246810697270908,0.2
2025-08-17 16:00:00,2.341226261436935,1.8646490745000481,0.35
2025-08-17 17:00:00,1.4418519066077091,2.800067870443044,0.35
2025-08-17 18:00:00,4.1194386197894094e-16,3.893205124612912,0.35
2025-08-17 19:00:00,0.0,4.440448654678784,0.35
2025-08-17 20:00:00,0.0,3.9145854873239427,0.35
2025-08-17 21:00:00,0.0,2.664516173203379,0.35
2025-08-17 22:00:00,0.0,1.834795479949816,0.2
2025-08-17 23:00:00,0.0,1.3741401342079678,0.2
2025-08-18 00:00:00,0.0,1.3569131094430111,0.1
2025-08-18 01:00:00,0.0,0.9669525185018483,0.1
2025-08-18 02:00:00,0.0,0.7351694271483196,0.1
2025-08-18 03:00:00,0.0,0.9074964128883767,0.1
2025-08-18 04:00:00,0.0,1.2085422019348147,0.1
2025-08-18 05:00:00,0.0,1.4086586219211348,0.1
2025-08-18 06:00:00,0.0,1.7821812497235194,0.1
2025-08-18 07:00:00,1.1191055819682572,2.7381577862355617,0.2
2025-08-18 08:00:00,1.8985620678978645,2.5453663693641846,0.2
2025-08-18 09:00:00,2.4217043124822775,2.6222518327996722,0.2
2025-08-18 10:00:00,3.7750467169951136,1.9944818611802797,0.2
2025-08-18 11:00:00,3.7029400803371657,1.1051042993260258,0.2
2025-08-18 12:00:00,3.6460557554742787,0.8964257676243916,0.2
2025-08-18 13:00:00,4.098132857891363,0.6677691993409776,0.2
2025-08-18 14:00:00,2.8442973244562246,1.4504608450881662,0.2
2025-08-18 15:00:00,3.9503925861332894,1.2620123832437518,0.2
2025-08-18 16:00:00,2.706344731541856,2.0221673893197654,0.35
2025-08-18 17:00:00,1.2808347950866974,2.9403754178945345,0.35
2025-08-18 18:00:00,3.926046502819696e-16,3.9499042980288035,0.35
2025-08-18 19:00:00,0.0,3.969220445207074,0.35
2025-08-18 20:00:00,0.0,3.539604748998128,0.35
2025-08-18 21:00:00,0.0,2.854205508852011,0.35
2025-08-18 22:00:00,0.0,2.2307734573835067,0.2
2025-08-18 23:00:00,0.0,1.3719713434296812,0.2
2025-08-19 00:00:00,0.0,0.8090275153554787,0.1
2025-08-19 01:00:00,0.0,0.6918857672751544,0.1
2025-08-19 02:00:00,0.0,0.7564114483347606,0.1
2025-08-19 03:00:00,0.0,1.1806101397603166,0.1
2025-08-19 04:00:00,0.0,0.9930061063095689,0.1
2025-08-19 05:00:00,0.0,1.149166384557775,0.1
2025-08-19 06:00:00,0.0,1.6790311383850622,0.1
2025-08-19 07:00:00,0.8080819000498145,2.618484023563592,0.2
2025-08-19 08:00:00,2.0714771414369766,2.952109791120434,0.2
2025-08-19 09:00:00,2.6388912211052373,2.5468595570492822,0.2
2025-08-19 10:00:00,3.8639652962650706,2.0922095624687014,0.2
2025-08-19 11:00:00,3.16072759986302,1.5792802107292596,0.9134537157474164
2025-08-19 12:00:00,4.883853659009702,0.74168914034185,0.2
2025-08-19 13:00:00,5.0057003141950815,1.1065773761222641,0.2
2025-08-19 14:00:00,2.9086837859036385,0.9771093064017489,0.2
2025-08-19 15:00:00,2.254400355379482,1.3563929558758465,0.2
2025-08-19 16:00:00,1.6535784006065448,2.035814410772682,0.35
2025-08-19 17:00:00,1.4026323141557555,2.7770480262116757,0.35
2025-08-19 18:00:00,5.403085230990385e-16,3.6935826843260395,0.35
2025-08-19 19:00:00,0.0,4.134594041210584,1.7111058329908133
2025-08-19 20:00:00,0.0,3.706406067861876,0.35
2025-08-19 21:00:00,0.0,2.6902247183043757,0.35
2025-08-19 22:00:00,0.0,1.8481174806809844,0.2
2025-08-19 23:00:00,0.0,1.1180647903862309,0.2
2025-08-20 00:00:00,0.0,0.8292172721681503,0.1
2025-08-20 01:00:00,0.0,1.3924510013179325,0.1
2025-08-20 02:00:00,0.0,0.8422702104367568,0.1
2025-08-20 03:00:00,0.0,0.7690560777902197,0.1
2025-08-20 04:00:00,0.0,1.1211165739398858,0.1
2025-08-20 05:00:00,0.0,1.2485976146835454,0.1
2025-08-20 06:00:00,0.0,1.7831059356520056,0.1
2025-08-20 07:00:00,1.03096215816149,2.883284044805974,0.2
2025-08-20 08:00:00,2.793942560407071,3.109826144985224,0.2
2025-08-20 09:00:00,3.274845564402373,2.4954873994524376,0.2
2025-08-20 10:00:00,4.570240057725708,1.7374495933881977,0.2
2025-08-20 11:00:00,4.75124764844632,1.1711596515757958,0.2
2025-08-20 12:00:00,3.1994826412735327,1.2386413992397007,0.2
2025-08-20 13:00:00,4.822276441561365,0.9794293040030452,0.2
2025-08-20 14:00:00,3.1757990394908058,0.7738510256351973,0.2
2025-08-20 15:00:00,3.333274255850163,1.3963792429011963,0.2
2025-08-20 16:00:00,1.9282572963402245,1.6665535335217574,0.35
2025-08-20 17:00:00,1.4869589757128387,3.25643812994884,0.35
2025-08-20 18:00:00,4.450228480981429e-16,3.4543571254310668,0.35
2025-08-20 19:00:00,0.0,3.967627046932655,0.35
2025-08-20 20:00:00,0.0,3.699131254694039,0.35
2025-08-20 21:00:00,0.0,2.7618603470020546,0.35
2025-08-20 22:00:00,0.0,1.9159513217818107,0.2
2025-08-20 23:00:00,0.0,1.4903713069420135,0.2
2025-08-21 00:00:00,0.0,1.3052445234315497,0.1
2025-08-21 01:00:00,0.0,1.1535391453016866,0.1
2025-08-21 02:00:00,0.0,1.2963737009705143,0.1
2025-08-21 03:00:00,0.0,0.7984080186602833,0.1
2025-08-21 04:00:00,0.0,1.1206035282220035,0.1
2025-08-21 05:00:00,0.0,1.301719776953573,0.1
2025-08-21 06:00:00,0.0,1.8924428413571976,0.1
2025-08-21 07:00:00,0.8366038723156081,2.8767212456506703,0.2
2025-08-21 08:00:00,2.363649325805896,2.9558429799151402,0.2
2025-08-21 09:00:00,4.015819803355435,2.5203853124823152,0.2
2025-08-21 10:00:00,4.743043876136801,1.9291409363902865,0.2
2025-08-21 11:00:00,3.9822070687588025,0.9160364088437634,0.2
2025-08-21 12:00:00,2.9791436703817546,1.0163230650992137,0.2
2025-08-21 13:00:00,3.7695915411662186,1.014219292036582,0.2
2025-08-21 14:00:00,4.531104321765956,0.9484100028646423,0.2
2025-08-21 15:00:00,3.446645057018865,1.6174549809193806,0.2
2025-08-21 16:00:00,2.0902941907452823,1.7615106702786862,0.35
2025-08-21 17:00:00,0.7822945782859467,2.7924173999251,0.35
2025-08-21 18:00:00,5.005905189065504e-16,3.7061221532651065,0.35
2025-08-21 19:00:00,0.0,4.270690312299425,0.35
2025-08-21 20:00:00,0.0,3.6453794207776413,0.35
2025-08-21 21:00:00,0.0,3.0068226979635426,0.35
2025-08-21 22:00:00,0.0,2.114076481530475,0.2
2025-08-21 23:00:00,0.0,1.4306973609436664,0.2
2025-08-22 00:00:00,0.0,0.7820986500176029,0.1
2025-08-22 01:00:00,0.0,0.7131211567573572,0.1
2025-08-22 02:00:00,0.0,1.021972005539643,0.1
2025-08-22 03:00:00,0.0,0.8991924654984609,0.1
2025-08-22 04:00:00,0.0,1.2409832199071895,0.1
2025-08-22 05:00:00,0.0,1.4198418701616329,0.1
2025-08-22 06:00:00,0.0,1.7853023841344406,0.1
2025-08-22 07:00:00,1.2667765098032164,2.3699322667353018,0.2
2025-08-22 08:00:00,1.809240689411362,3.1021479197950055,0.2
2025-08-22 09:00:00,2.654541427248192,2.3978960965661025,0.2
2025-08-22 10:00:00,2.780597724745754,1.6706519923203806,0.2
2025-08-22 11:00:00,4.5628229128263005,1.075793806713902,0.2
2025-08-22 12:00:00,2.9669255452862546,1.0359932705356587,0.2
2025-08-22 13:00:00,4.403441653580031,1.2750972967077852,0.2
2025-08-22 14:00:00,4.620187900901264,1.1314735520813217,0.2
2025-08-22 15:00:00,3.815012931803765,1.317399440162526,0.2
2025-08-22 16:00:00,2.067320169628733,1.6688357477382945,0.35
2025-08-22 17:00:00,1.0777051178954633,2.930016926543828,0.35
2025-08-22 18:00:00,3.7633287879688907e-16,3.491409787014787,0.35
2025-08-22 19:00:00,0.0,4.023503523835821,0.35
2025-08-22 20:00:00,0.0,3.5766469845704836,0.35
2025-08-22 21:00:00,0.0,2.987227423057788,0.35
2025-08-22 22:00:00,0.0,1.9425101236693387,0.2
2025-08-22 23:00:00,0.0,1.3942205788052278,0.2
2025-08-23 00:00:00,0.0,1.097150761163386,0.1
2025-08-23 01:00:00,0.0,1.4214253653908642,0.1
2025-08-23 02:00:00,0.0,1.1783603113275165,0.1
2025-08-23 03:00:00,0.0,0.9900106190092618,0.1
2025-08-23 04:00:00,0.0,1.0577705996939888,0.1
2025-08-23 05:00:00,0.0,1.1656986744770306,0.1
2025-08-23 06:00:00,0.0,1.6322254423179117,0.1
2025-08-23 07:00:00,1.2945859526113517,2.490924694110291,0.2
2025-08-23 08:00:00,1.4902602427688518,2.8455710171311623,0.2
2025-08-23 09:00:00,3.7050614874540857,2.7321596625523097,0.2
2025-08-23 10:00:00,3.5392904859331296,1.6081058053327566,0.2
2025-08-23 11:00:00,3.685000265592186,1.5383190666329418,0.2
2025-08-23 12:00:00,4.394977595821496,1.2141027516474152,0.2
2025-08-23 13:00:00,2.9958668051603468,1.0451591757672063,0.2
2025-08-23 14:00:00,4.323429666337483,1.1325454484190411,0.2
2025-08-23 15:00:00,3.179979226313816,1.2945869167251545,0.2
2025-08-23 16:00:00,1.686103008947207,2.027975616016896,0.35
2025-08-23 17:00:00,0.8739989830233031,3.0372105022395774,0.35
2025-08-23 18:00:00,4.1216122321371076e-16,3.50685941574935,0.35
2025-08-23 19:00:00,0.0,3.693321582220455,0.35
2025-08-23 20:00:00,0.0,3.7881343587251606,0.35
2025-08-23 21:00:00,0.0,2.8844651739866607,0.35
2025-08-23 22:00:00,0.0,1.7499176417868134,0.2
2025-08-23 23:00:00,0.0,1.2593275755270144,0.2
2025-08-24 00:00:00,0.0,0.8281804768622658,0.1
2025-08-24 01:00:00,0.0,0.8551308751313771,0.1
2025-08-24 02:00:00,0.0,0.9359343744475681,0.1
2025-08-24 03:00:00,0.0,0.9544223794228341,0.1
2025-08-24 04:00:00,0.0,0.9269722705572392,0.1
2025-08-24 05:00:00,0.0,1.1190378026419316,0.1
2025-08-24 06:00:00,0.0,1.7764677142379743,0.1
2025-08-24 07:00:00,1.2711565757968213,2.635013158495468,0.2
2025-08-24 08:00:00,2.3006108874624873,2.936741502600582,0.2
2025-08-24 09:00:00,3.16370500889939,2.833219390461393,0.9430402309828498
2025-08-24 10:00:00,4.269196722483886,1.923962319790711,0.2
2025-08-24 11:00:00,4.579990511400431,0.9535077829851937,0.2
2025-08-24 12:00:00,3.4131152210726565,1.16843902800642,0.2
2025-08-24 13:00:00,3.697610038544959,1.1621676264107892,0.2
2025-08-24 14:00:00,2.760308626566592,1.045534732501189,0.5889021853100956
2025-08-24 15:00:00,2.2612814974769515,1.1070036611874339,0.2
2025-08-24 16:00:00,2.372143075140093,1.9755720856295704,0.35
2025-08-24 17:00:00,1.3615334943620112,2.818050279301411,0.35
2025-08-24 18:00:00,6.803276552861996e-16,3.4231614608938736,0.35
2025-08-24 19:00:00,0.0,3.709756156752214,0.35
2025-08-24 20:00:00,0.0,3.629979998463124,0.35
2025-08-24 21:00:00,0.0,2.7729765407277362,0.35
2025-08-24 22:00:00,0.0,1.8905043290105705,0.2
2025-08-24 23:00:00,0.0,1.3893237027605256,0.2
2025-08-25 00:00:00,0.0,0.7794460569082302,0.1
2025-08-25 01:00:00,0.0,0.9130732063650041,0.1
2025-08-25 02:00:00,0.0,1.1073359313786753,0.1
2025-08-25 03:00:00,0.0,0.9377378242087259,0.1
2025-08-25 04:00:00,0.0,0.7227365072124208,0.1
2025-08-25 05:00:00,0.0,1.176132110997203,0.1
2025-08-25 06:00:00,0.0,1.6081928903204785,0.1
2025-08-25 07:00:00,0.9382949964160903,2.654902110815902,0.2
2025-08-25 08:00:00,2.3120055859225386,3.063768290549636,0.2
2025-08-25 09:00:00,2.619331868311219,2.2697310607759267,0.2
2025-08-25 10:00:00,4.779621433823781,1.9741473710229915,0.2
2025-08-25 11:00:00,2.813706152447299,1.0492396941012212,0.2
2025-08-25 12:00:00,4.453041481365244,1.3755299330201196,0.2
2025-08-25 13:00:00,3.1760434876181036,1.0313035769935492,0.2
2025-08-25 14:00:00,4.179716713992739,0.8832030264181949,0.2
2025-08-25 15:00:00,2.343734443226256,1.1776459645095287,0.2
2025-08-25 16:00:00,1.7411184422352588,2.0435777921048124,0.35
2025-08-25 17:00:00,1.0902126203749223,2.741332031618184,0.35
2025-08-25 18:00:00,6.609959460898876e-16,3.6281599262768847,0.35
2025-08-25 19:00:00,0.0,4.322556046543609,0.8762066545225655
2025-08-25 20:00:00,0.0,3.507641894907997,0.35
2025-08-25 21:00:00,0.0,2.8315845506770416,0.35
2025-08-25 22:00:00,0.0,2.25792629954966,0.2
2025-08-25 23:00:00,0.0,1.4601085448031181,0.2
2025-08-26 00:00:00,0.0,0.6786807846006928,0.1
2025-08-26 01:00:00,0.0,1.1011151312846543,0.1
2025-08-26 02:00:00,0.0,0.7680703536991169,0.1
2025-08-26 03:00:00,0.0,1.2890933460255767,0.1
2025-08-26 04:00:00,0.0,0.8925574805713357,0.1
2025-08-26 05:00:00,0.0,1.8645724680910503,0.1
2025-08-26 06:00:00,0.0,2.115699780687386,0.1
2025-08-26 07:00:00,0.9513369382156822,2.44215233759796,0.2
2025-08-26 08:00:00,2.032240505128802,3.004003570873873,0.2
2025-08-26 09:00:00,2.7896655427665618,2.7522148421198254,0.2
2025-08-26 10:00:00,4.823218322394649,1.9790768717518952,0.2
2025-08-26 11:00:00,3.503765293283903,1.3601442063521723,0.2
2025-08-26 12:00:00,3.6345739599377436,1.3141252823168714,0.2
2025-08-26 13:00:00,3.6726816279648937,1.0164650405667988,0.2
2025-08-26 14:00:00,3.8034468591468045,1.0591381924108207,0.2
2025-08-26 15:00:00,2.48568624108944,1.336670381063143,0.2
2025-08-26 16:00:00,2.688125681706794,2.145633380141769,0.35
2025-08-26 17:00:00,0.9195325255430435,2.892628217658389,0.35
2025-08-26 18:00:00,6.517064398737364e-16,3.705747441338564,0.35
2025-08-26 19:00:00,0.0,4.159046849855637,0.35
2025-08-26 20:00:00,0.0,3.237280226183041,0.35
2025-08-26 21:00:00,0.0,2.881605743912931,0.35
2025-08-26 22:00:00,0.0,2.0176711798497924,0.2
2025-08-26 23:00:00,0.0,1.739767465969979,0.598965372933969
2025-08-27 00:00:00,0.0,0.6942837352195605,0.1
2025-08-27 01:00:00,0.0,1.3114746554135785,0.1
2025-08-27 02:00:00,0.0,1.015752751040739,0.1
2025-08-27 03:00:00,0.0,1.1055297464109928,0.1
2025-08-27 04:00:00,0.0,1.3923147590928067,0.1
2025-08-27 05:00:00,0.0,1.382822820143032,0.1
2025-08-27 06:00:00,0.0,1.9022982409143627,0.1
2025-08-27 07:00:00,0.8275302592696514,2.6499330886840196,0.2
2025-08-27 08:00:00,1.5438694035558855,2.9033051828746754,0.2
2025-08-27 09:00:00,2.8124475132069287,2.595788160891054,0.2
2025-08-27 10:00:00,4.346570748196634,1.679242223682004,0.2
2025-08-27 11:00:00,3.0816771867903596,1.2627635744718364,0.2
2025-08-27 12:00:00,3.159463431932908,0.59650733551263,0.2
2025-08-27 13:00:00,4.437174062242064,1.1268667434071824,0.2
2025-08-27 14:00:00,2.898030294008577,1.1081342753693022,0.2
2025-08-27 15:00:00,2.1694259310060633,1.3388024313147122,0.2
2025-08-27 16:00:00,1.6307833182740232,2.017910350535372,0.35
2025-08-27 17:00:00,1.391721761283469,2.5328792250047716,0.35
2025-08-27 18:00:00,6.235121600456842e-16,4.033344707524769,0.35
2025-08-27 19:00:00,0.0,3.979446507706681,0.35
2025-08-27 20:00:00,0.0,3.618321821159374,0.35
2025-08-27 21:00:00,0.0,2.626512737111316,0.35
2025-08-27 22:00:00,0.0,1.9787466785649015,0.2
2025-08-27 23:00:00,0.0,1.683397827764494,0.2
2025-08-28 00:00:00,0.0,1.2071845735587008,0.1
2025-08-28 01:00:00,0.0,1.1709248791663383,0.1
2025-08-28 02:00:00,0.0,1.10995071558926,0.1
2025-08-28 03:00:00,0.0,0.9360233347664617,0.1
2025-08-28 04:00:00,0.0,0.7670983681635908,0.1
2025-08-28 05:00:00,0.0,1.2304628121685903,0.1
2025-08-28 06:00:00,0.0,1.7750502901151153,0.1
2025-08-28 07:00:00,1.43469870823888,2.811233739457804,0.2
2025-08-28 08:00:00,1.619335420951631,3.061878898365515,0.2
2025-08-28 09:00:00,3.329548407948397,2.9239482913738426,0.2
2025-08-28 10:00:00,4.035703884704302,2.0618424849141888,0.2
2025-08-28 11:00:00,5.322997312296875,1.1803778324561136,0.2
2025-08-28 12:00:00,5.5264847445786085,0.7046676355996756,0.2
2025-08-28 13:00:00,4.534539263949174,1.318173876681969,0.2
2025-08-28 14:00:00,2.997599182075987,1.4043587707721763,0.2
2025-08-28 15:00:00,3.5396961095260444,1.1328008604676199,0.2
2025-08-28 16:00:00,1.5405865634029314,2.2758067377128435,0.35
2025-08-28 17:00:00,1.2827554556088518,2.896015443716363,0.35
2025-08-28 18:00:00,6.510972515646693e-16,3.6796278078256432,0.35
2025-08-28 19:00:00,0.0,4.3229566508536665,0.35
2025-08-28 20:00:00,0.0,3.916427742399935,0.35
2025-08-28 21:00:00,0.0,2.9498581695369412,0.35
2025-08-28 22:00:00,0.0,2.068600815237446,0.2
2025-08-28 23:00:00,0.0,1.5292847078159097,0.2
2025-08-29 00:00:00,0.0,0.9199898448957888,0.1
2025-08-29 01:00:00,0.0,0.9890170389917627,0.1
2025-08-29 02:00:00,0.0,0.8202074943368971,0.1
2025-08-29 03:00:00,0.0,0.9411238851311999,0.1
2025-08-29 04:00:00,0.0,0.9838042258371446,0.1
2025-08-29 05:00:00,0.0,1.1436094926175844,0.1
2025-08-29 06:00:00,0.0,1.8495738835515432,0.1
2025-08-29 07:00:00,0.765522071188614,2.53667868138344,0.2
2025-08-29 08:00:00,1.7569910918404337,3.1004477539439455,0.2
2025-08-29 09:00:00,3.7471529862189206,2.2770218631343795,0.2
2025-08-29 10:00:00,3.9196344856440506,1.7996738180850937,0.2
2025-08-29 11:00:00,4.6070155666025645,1.2979872823924319,0.2
2025-08-29 12:00:00,3.483927828034267,1.0015676269562732,0.2
2025-08-29 13:00:00,4.60255457176053,1.0065802899318264,0.2
2025-08-29 14:00:00,2.467495181870678,0.815432523980056,0.2
2025-08-29 15:00:00,2.695072319371448,1.4773385995819637,0.2
2025-08-29 16:00:00,2.2540988191823095,2.1034799302607574,0.35
2025-08-29 17:00:00,0.8220508438079286,2.918299468438613,0.35
2025-08-29 18:00:00,6.186992787126138e-16,3.8552361200889496,0.35
2025-08-29 19:00:00,0.0,4.0403059211607015,0.35
2025-08-29 20:00:00,0.0,3.7432269438839993,0.35
2025-08-29 21:00:00,0.0,2.850810126829271,0.35
2025-08-29 22:00:00,0.0,2.111467545993548,0.2
2025-08-29 23:00:00,0.0,1.0905599224834135,0.2
2025-08-30 00:00:00,0.0,0.8212851380766918,0.1
2025-08-30 01:00:00,0.0,1.317417260344845,0.1
2025-08-30 02:00:00,0.0,0.5085837608365646,0.1
2025-08-30 03:00:00,0.0,0.9796962543139148,0.1
2025-08-30 04:00:00,0.0,1.2915859934925449,0.1
2025-08-30 05:00:00,0.0,1.2520184334335644,0.1
2025-08-30 06:00:00,0.0,1.7412223687317112,0.1
2025-08-30 07:00:00,1.1875078698724704,2.6273591868866157,0.2
2025-08-30 08:00:00,2.7115420112657223,2.9293767738730616,0.2
2025-08-30 09:00:00,3.737860236788455,2.6076558843445206,0.2
2025-08-30 10:00:00,3.591189122587532,1.6856685696025278,0.2
2025-08-30 11:00:00,4.784312594284891,1.4934118383480777,0.2
2025-08-30 12:00:00,3.133760445921791,1.3483464591367815,0.2
2025-08-30 13:00:00,5.270251360707839,1.0143807654713481,0.2
2025-08-30 14:00:00,4.693911021108273,0.8551838419877786,0.2
2025-08-30 15:00:00,2.270499854103158,1.3012745445853862,0.2
2025-08-30 16:00:00,1.79269014274177,1.9371610017267504,0.35
2025-08-30 17:00:00,0.7856601785272372,2.9206997849785012,0.35
2025-08-30 18:00:00,4.297205945822287e-16,3.445888063566377,0.35
2025-08-30 19:00:00,0.0,3.846167536275771,0.35
2025-08-30 20:00:00,0.0,3.7496259353255734,0.35
2025-08-30 21:00:00,0.0,3.007373745545812,0.35
2025-08-30 22:00:00,0.0,1.8496385930409125,0.2
2025-08-30 23:00:00,0.0,1.1393624389196388,0.2
2025-08-31 00:00:00,0.0,1.6568249719298709,0.1
2025-08-31 01:00:00,0.0,1.1566981763559696,0.1
2025-08-31 02:00:00,0.0,0.9472701729023993,0.1
2025-08-31 03:00:00,0.0,1.1815380953851518,0.4895728226600833
2025-08-31 04:00:00,0.0,1.0322396756280467,0.1
2025-08-31 05:00:00,0.0,1.4441019443619547,0.1
2025-08-31 06:00:00,0.0,1.854103222577095,0.1
2025-08-31 07:00:00,0.7512507379699117,2.6197292311570703,0.2
2025-08-31 08:00:00,1.538870961536722,2.9772844362273934,0.2
2025-08-31 09:00:00,3.070583191591483,2.312009719100515,0.2
2025-08-31 10:00:00,4.588567901607429,2.2099637567851818,0.2
2025-08-31 11:00:00,3.9715378693060868,1.0833701703033842,0.2
2025-08-31 12:00:00,5.062675111789331,0.7916887596615303,0.2
2025-08-31 13:00:00,3.836591735128862,0.9984868533423993,0.2
2025-08-31 14:00:00,4.064755443373569,0.9401873634239261,0.2
2025-08-31 15:00:00,3.364097295587819,1.395700620536011,0.2
2025-08-31 16:00:00,1.612472233334787,2.1115115034596967,0.35
2025-08-31 17:00:00,0.9678116923275115,3.018652589703704,0.35
2025-08-31 18:00:00,5.508168985608719e-16,3.810436852524849,0.35
2025-08-31 19:00:00,0.0,3.938873589047065,0.35
2025-08-31 20:00:00,0.0,3.657409073286129,0.35
2025-08-31 21:00:00,0.0,2.9011677893173986,0.35
2025-08-31 22:00:00,0.0,1.6223999172866348,0.2
2025-08-31 23:00:00,0.0,1.5201227897338099,0.2
2025-09-01 00:00:00,0.0,0.7085414741555276,0.1
2025-09-01 01:00:00,0.0,1.4081066487195248,0.1
2025-09-01 02:00:00,0.0,0.9197679083274666,0.1
2025-09-01 03:00:00,0.0,0.9707568048400654,0.1
2025-09-01 04:00:00,0.0,0.9031895817233602,0.1
2025-09-01 05:00:00,0.0,1.1446765601707793,0.1
2025-09-01 06:00:00,0.0,2.2770432968504988,0.1
2025-09-01 07:00:00,1.1537698663137324,2.789548789248215,0.2
2025-09-01 08:00:00,1.9381508942931152,2.690160320843983,0.2
2025-09-01 09:00:00,2.2128901255882223,2.9023285659301785,0.2
2025-09-01 10:00:00,2.5900216379633867,2.06099323193484,0.2
2025-09-01 11:00:00,2.685683486899744,1.2154344618992752,0.2
2025-09-01 12:00:00,5.123798237790313,1.1250328633296167,0.2
2025-09-01 13:00:00,3.266325542213388,1.0380700140094579,0.2
2025-09-01 14:00:00,2.869371956698833,1.526997707015414,0.2
2025-09-01 15:00:00,3.357174833968291,1.246785140849647,0.2
2025-09-01 16:00:00,1.8050100185428914,2.0031608557024887,0.35
2025-09-01 17:00:00,1.066017834082019,2.7339629433992987,0.35
2025-09-01 18:00:00,3.8934833961690933e-16,3.360882627276942,0.35
2025-09-01 19:00:00,0.0,4.438327651015198,0.35
2025-09-01 20:00:00,0.0,3.4111773919333293,0.35
2025-09-01 21:00:00,0.0,2.863617816635456,0.35
2025-09-01 22:00:00,0.0,1.6258172807989821,0.2
2025-09-01 23:00:00,0.0,1.3261917418612192,0.2
2025-09-02 00:00:00,0.0,1.0843950959589854,0.1
2025-09-02 01:00:00,0.0,0.8350905330377544,0.1
2025-09-02 02:00:00,0.0,1.1180312954029368,0.1
2025-09-02 03:00:00,0.0,0.9539236219013671,0.1
2025-09-02 04:00:00,0.0,1.289147504050654,0.1
2025-09-02 05:00:00,0.0,1.543022749209962,0.1
2025-09-02 06:00:00,0.0,1.7048756308758484,0.1
2025-09-02 07:00:00,1.0024873189332073,2.616821423402147,0.2
2025-09-02 08:00:00,2.3387500194312993,3.0366916551679974,0.2
2025-09-02 09:00:00,2.7773623773426377,2.7253558448800725,0.2
2025-09-02 10:00:00,4.084198969568729,1.825221176155407,0.2
2025-09-02 11:00:00,3.2425519628204627,1.3097191462255013,0.2
2025-09-02 12:00:00,4.9363418681240345,1.0150121799646254,0.2
2025-09-02 13:00:00,4.177203259040891,1.0641068032880763,0.2
2025-09-02 14:00:00,2.854718031680892,1.392069764833054,0.2
2025-09-02 15:00:00,2.3808386466521427,1.535259826890436,0.2
2025-09-02 16:00:00,2.216184646589005,2.114209861636017,0.35
2025-09-02 17:00:00,1.2894556055155724,2.964206074424975,0.35
2025-09-02 18:00:00,4.719905886388969e-16,3.616728952624306,0.35
2025-09-02 19:00:00,0.0,4.063765408720107,0.35
2025-09-02 20:00:00,0.0,3.430455972086663,0.35
2025-09-02 21:00:00,0.0,3.073353510401292,0.35
2025-09-02 22:00:00,0.0,1.4173653156064052,0.2
2025-09-02 23:00:00,0.0,1.388576171242753,0.2
2025-09-03 00:00:00,0.0,1.228180527102349,0.1
2025-09-03 01:00:00,0.0,0.7272637422123587,0.1
2025-09-03 02:00:00,0.0,1.080626908779176,0.1
2025-09-03 03:00:00,0.0,0.8715785509631783,0.1
2025-09-03 04:00:00,0.0,0.9833703485331574,0.1
2025-09-03 05:00:00,0.0,1.4598587586698049,0.1
2025-09-03 06:00:00,0.0,1.8618359681988808,0.1
2025-09-03 07:00:00,1.3444977445793664,2.194603677946683,0.2
2025-09-03 08:00:00,2.4402643018376873,2.8047157019272313,0.2
2025-09-03 09:00:00,2.780919126062699,2.796553132770885,0.2
2025-09-03 10:00:00,4.033922391078061,1.9121333205451532,0.2
2025-09-03 11:00:00,4.152488690394926,1.6213040688617897,0.2
2025-09-03 12:00:00,4.044572891030081,1.4002229937263087,0.2
2025-09-03 13:00:00,3.121275350143204,0.9726098038643144,0.2
2025-09-03 14:00:00,3.435973581404502,1.633129287139925,0.2
2025-09-03 15:00:00,2.387463955411062,1.4109391126184474,0.2
2025-09-03 16:00:00,2.5947767530218857,1.781425026865538,0.35
2025-09-03 17:00:00,0.9367136171324816,2.692864036415744,0.35
2025-09-03 18:00:00,6.479573434845363e-16,3.196145687142629,0.35
2025-09-03 19:00:00,0.0,4.321403801654057,0.35
2025-09-03 20:00:00,0.0,3.9664431055625844,0.35
2025-09-03 21:00:00,0.0,2.6164904913752363,0.35
2025-09-03 22:00:00,0.0,1.9283805443986681,0.2
2025-09-03 23:00:00,0.0,1.4251273585323536,0.2
2025-09-04 00:00:00,0.0,0.8079307212438712,0.1
2025-09-04 01:00:00,0.0,0.6490169226839946,0.1
2025-09-04 02:00:00,0.0,0.9585994045004234,0.1
2025-09-04 03:00:00,0.0,0.9435159543871343,0.1
2025-09-04 04:00:00,0.0,0.9794487533731762,0.1
2025-09-04 05:00:00,0.0,1.3152137790621103,0.1
2025-09-04 06:00:00,0.0,2.108128514727049,0.1
2025-09-04 07:00:00,1.3451974985686361,2.5408563075852104,0.2
2025-09-04 08:00:00,2.3071444727510064,3.0340894096178235,0.2
2025-09-04 09:00:00,2.7067340190577616,2.74686009054212,0.2
2025-09-04 10:00:00,3.5448322088873616,1.9331733622091034,0.2
2025-09-04 11:00:00,2.825269963368369,1.1487922494673646,0.2
2025-09-04 12:00:00,5.353887877120883,1.0829688995464564,0.2
2025-09-04 13:00:00,4.342366726978127,1.1505667939274833,0.2
2025-09-04 14:00:00,3.0031142956123884,0.9068114586238718,0.2
2025-09-04 15:00:00,3.02508285388243,1.6587509808073668,0.2
2025-09-04 16:00:00,1.4965525381072233,2.2602765147901653,0.35
2025-09-04 17:00:00,1.3726038786077064,2.675035958508961,0.35
2025-09-04 18:00:00,3.8812426885386567e-16,3.6862247118701466,0.35
2025-09-04 19:00:00,0.0,4.128455651338408,0.35
2025-09-04 20:00:00,0.0,3.5383678764880613,0.35
2025-09-04 21:00:00,0.0,2.915914748275519,0.35
2025-09-04 22:00:00,0.0,2.006608527333482,0.2
2025-09-04 23:00:00,0.0,1.1124222141820779,0.2
2025-09-05 00:00:00,0.0,1.0918335948680056,0.1
2025-09-05 01:00:00,0.0,0.7800088456840197,0.1
2025-09-05 02:00:00,0.0,1.1885114955882152,0.1
2025-09-05 03:00:00,0.0,0.8734896252522059,0.1
2025-09-05 04:00:00,0.0,1.0248739148387023,0.1
2025-09-05 05:00:00,0.0,1.5451263492312324,0.1
2025-09-05 06:00:00,0.0,1.9215009123276197,0.1
2025-09-05 07:00:00,1.204162614418011,2.3855800676086467,0.2
2025-09-05 08:00:00,2.2619681361611255,2.7970174957137344,0.2
2025-09-05 09:00:00,2.301463790859933,2.4816254280683876,0.2
2025-09-05 10:00:00,2.8813004076634887,1.901273593577887,0.2
2025-09-05 11:00:00,3.3233554041094715,1.3433369173434864,0.2
2025-09-05 12:00:00,3.789252998557268,0.8950730139910754,0.2
2025-09-05 13:00:00,3.2015533426721605,0.8076169327708009,0.2
2025-09-05 14:00:00,2.3712088245488414,1.1887984071431943,0.2
2025-09-05 15:00:00,3.5685356189799564,1.3696711654900329,0.2
2025-09-05 16:00:00,2.639093249172031,2.4054019112368907,0.35
2025-09-05 17:00:00,0.9323889322651056,2.8269127409104753,0.35
2025-09-05 18:00:00,4.401684142629067e-16,4.0103412737405675,0.35
2025-09-05 19:00:00,0.0,3.765923280383333,0.35
2025-09-05 20:00:00,0.0,3.3328481198414703,0.35
2025-09-05 21:00:00,0.0,2.5955749526327936,0.35
2025-09-05 22:00:00,0.0,2.2117833583657425,0.2
2025-09-05 23:00:00,0.0,1.7572261676485448,0.2
2025-09-06 00:00:00,0.0,0.8435654408817672,0.1
2025-09-06 01:00:00,0.0,0.9079241229863154,0.1
2025-09-06 02:00:00,0.0,0.7668747432133057,0.1
2025-09-06 03:00:00,0.0,0.6454038708553063,0.1
2025-09-06 04:00:00,0.0,1.2008133411262571,0.1
2025-09-06 05:00:00,0.0,1.31527462713435,0.1
2025-09-06 06:00:00,0.0,1.8243221795566258,0.1
2025-09-06 07:00:00,1.2527202742745953,2.3214635440908795,0.2
2025-09-06 08:00:00,1.8713870603646228,3.327992146239283,0.2
2025-09-06 09:00:00,3.6799340283227013,2.500814638183238,0.2
2025-09-06 10:00:00,3.2554709417046954,1.9290700618698489,0.2
2025-09-06 11:00:00,4.574275050377145,0.980764673307988,0.2
2025-09-06 12:00:00,3.9660021723772267,1.0255884369996418,0.2
2025-09-06 13:00:00,4.898779912988286,1.0993337211413894,0.2
2025-09-06 14:00:00,4.415802291195328,1.197896769736689,0.2
2025-09-06 15:00:00,2.0551144392706253,1.4369728872953902,0.2
2025-09-06 16:00:00,2.587861187099474,2.072863232157098,0.35
2025-09-06 17:00:00,1.2628196285656488,2.593487918391267,0.35
2025-09-06 18:00:00,5.863227454116274e-16,3.686965229288445,0.35
2025-09-06 19:00:00,0.0,4.022751536700256,0.35
2025-09-06 20:00:00,0.0,3.693825244592824,0.35
2025-09-06 21:00:00,0.0,2.8340610226017366,0.35
2025-09-06 22:00:00,0.0,1.7193148472923696,0.2
2025-09-06 23:00:00,0.0,1.1424458992880433,0.2
2025-09-07 00:00:00,0.0,0.5571476944953837,0.1
2025-09-07 01:00:00,0.0,1.1635442309072865,0.47780030141181407
2025-09-07 02:00:00,0.0,1.1662024272028455,0.1
2025-09-07 03:00:00,0.0,1.1764418985234077,0.1
2025-09-07 04:00:00,0.0,1.1184889940632217,0.1
2025-09-07 05:00:00,0.0,0.8440467229982951,0.1
2025-09-07 06:00:00,0.0,1.6168824846647973,0.1
2025-09-07 07:00:00,0.7191937544714107,2.6355579350421783,0.2
2025-09-07 08:00:00,1.5203528038604657,3.02710441043191,0.2
2025-09-07 09:00:00,1.9073648751659116,2.5569363431627283,0.2
2025-09-07 10:00:00,3.609649194731224,1.896128217488203,0.2
2025-09-07 11:00:00,4.964957035148816,1.2740072958939819,0.2
2025-09-07 12:00:00,4.431653838183037,1.0878475680339217,0.2
2025-09-07 13:00:00,4.683315796643618,0.9132457633272695,0.2
2025-09-07 14:00:00,2.3343459768799875,1.3288839233503453,0.2
2025-09-07 15:00:00,2.900536201852879,1.3198888569119884,0.2
2025-09-07 16:00:00,1.941321430544032,1.707828917143218,0.35
2025-09-07 17:00:00,1.032032043190078,2.6653922070341136,0.35
2025-09-07 18:00:00,3.4929840379070105e-16,3.5777974699281168,0.35
2025-09-07 19:00:00,0.0,4.198800557677971,0.35
2025-09-07 20:00:00,0.0,3.6390371080668533,0.35
2025-09-07 21:00:00,0.0,2.7823623353447706,0.35
2025-09-07 22:00:00,0.0,1.7242247171225238,0.2
2025-09-07 23:00:00,0.0,1.5631023676757532,0.2
2025-09-08 00:00:00,0.0,0.8696109008676168,0.1
2025-09-08 01:00:00,0.0,0.9800317571499597,0.1
2025-09-08 02:00:00,0.0,1.2967075406321786,0.1
2025-09-08 03:00:00,0.0,1.1094845064888446,0.1
2025-09-08 04:00:00,0.0,0.7314801920278964,0.25036662710922675
2025-09-08 05:00:00,0.0,0.9167685192714229,0.1
2025-09-08 06:00:00,0.0,1.8093624929980014,0.1
2025-09-08 07:00:00,0.7351764446112766,2.3589267285485946,0.2
2025-09-08 08:00:00,2.153523853714804,3.1297101594001506,0.2
2025-09-08 09:00:00,2.3460742024428325,2.6099385987861288,0.2
2025-09-08 10:00:00,4.135519707133538,1.8554217307113263,0.2
2025-09-08 11:00:00,4.648703906491147,1.1303283180284622,0.2
2025-09-08 12:00:00,5.239272361055625,1.4119702059809904,0.2
2025-09-08 13:00:00,3.840720638966,1.6095775754957646,0.2
2025-09-08 14:00:00,3.3359342979712108,1.0767647813746843,0.2
2025-09-08 15:00:00,3.2826264526168822,1.4766510283310654,0.2
2025-09-08 16:00:00,1.4991106741483562,1.9934422023602059,0.35
2025-09-08 17:00:00,1.0599846104358999,2.7676546369096457,0.35
2025-09-08 18:00:00,5.013333831785084e-16,3.4810766146539533,0.35
2025-09-08 19:00:00,0.0,3.783006402508106,0.35
2025-09-08 20:00:00,0.0,3.420371254648707,0.35
2025-09-08 21:00:00,0.0,2.9006399842477295,0.35
2025-09-08 22:00:00,0.0,1.870022506434322,0.2
2025-09-08 23:00:00,0.0,0.8903472796817319,0.2
2025-09-09 00:00:00,0.0,1.0889729757919584,0.1
2025-09-09 01:00:00,0.0,0.9923850724453958,0.1
2025-09-09 02:00:00,0.0,1.270005525536035,0.1
2025-09-09 03:00:00,0.0,1.0823563196971855,0.1
2025-09-09 04:00:00,0.0,0.7613962823088718,0.1
2025-09-09 05:00:00,0.0,0.8247352383959211,0.1
2025-09-09 06:00:00,0.0,1.6783301061542633,0.1
2025-09-09 07:00:00,0.9247604323841572,2.476453367384825,0.2
2025-09-09 08:00:00,2.356737561937018,3.1886326500735844,0.2
2025-09-09 09:00:00,2.2984918603662297,2.599711799335218,0.2
2025-09-09 10:00:00,3.7403722584866017,2.0490824765262556,0.2
2025-09-09 11:00:00,3.1448682204405762,1.006710343216406,0.2
2025-09-09 12:00:00,4.515194851421813,1.2567463517997388,0.2
2025-09-09 13:00:00,4.768595769017721,1.1852566605798567,0.2
2025-09-09 14:00:00,2.5711648893382706,0.7288349038397881,0.2
2025-09-09 15:00:00,3.477659246625803,1.6705667469002197,0.2
2025-09-09 16:00:00,2.099395911486423,1.9926504321006138,0.35
2025-09-09 17:00:00,0.768624968359577,2.8980009103715605,0.35
2025-09-09 18:00:00,4.606292028476214e-16,3.474511485714828,0.35
2025-09-09 19:00:00,0.0,4.255049402588596,0.35
2025-09-09 20:00:00,0.0,3.410320241906038,0.35
2025-09-09 21:00:00,0.0,2.98601038281269,0.35
2025-09-09 22:00:00,0.0,2.1380788972567837,0.2
2025-09-09 23:00:00,0.0,1.2111723640753935,0.2
2025-09-10 00:00:00,0.0,1.3966760515568089,0.1
2025-09-10 01:00:00,0.0,1.0463430249817307,0.1
2025-09-10 02:00:00,0.0,1.1314494473100105,0.1
2025-09-10 03:00:00,0.0,0.7023076812118325,0.1
2025-09-10 04:00:00,0.0,1.4806770021726443,0.1
2025-09-10 05:00:00,0.0,1.0257591784968993,0.1
2025-09-10 06:00:00,0.0,2.0272018695750367,0.1
2025-09-10 07:00:00,1.0132138801948676,2.4025205079372167,0.2
2025-09-10 08:00:00,1.9297416573612967,2.8762030493040145,0.2
2025-09-10 09:00:00,2.7632009203239196,2.759236794570222,0.2
2025-09-10 10:00:00,4.193697418502846,2.027855319641585,0.2
2025-09-10 11:00:00,4.639866774513793,1.0174201045341125,0.2
2025-09-10 12:00:00,3.6801771542770387,1.281787908735048,0.2
2025-09-10 13:00:00,3.3769274725746516,1.2500549289203116,0.2
2025-09-10 14:00:00,3.3878847276052535,0.9448910443570488,0.2
2025-09-10 15:00:00,2.916090737511524,1.7257726973662872,0.2
2025-09-10 16:00:00,1.6235252566373557,1.6825872080977355,0.35
2025-09-10 17:00:00,1.2174690165851207,2.6946374930423365,0.35
2025-09-10 18:00:00,4.773323315139022e-16,3.7432912330189105,0.35
2025-09-10 19:00:00,0.0,3.8292867430636797,0.35
2025-09-10 20:00:00,0.0,3.7002545248896803,0.35
2025-09-10 21:00:00,0.0,2.8678071948985595,0.35
2025-09-10 22:00:00,0.0,1.9365425480905052,0.2
2025-09-10 23:00:00,0.0,1.57248595742795,0.2
2025-09-11 00:00:00,0.0,0.9543291731407662,0.1
2025-09-11 01:00:00,0.0,1.046345542700988,0.1
2025-09-11 02:00:00,0.0,1.2299653007533862,0.1
2025-09-11 03:00:00,0.0,1.1658690822841518,0.1
2025-09-11 04:00:00,0.0,1.2143344597337729,0.1
2025-09-11 05:00:00,0.0,1.0408346460985614,0.1
2025-09-11 06:00:00,0.0,1.927183098122115,0.1
2025-09-11 07:00:00,0.9161511442091989,2.425775093329655,0.2
2025-09-11 08:00:00,1.888259287651332,2.7437178139179457,0.2
2025-09-11 09:00:00,3.626554809365883,2.587144716536139,0.2
2025-09-11 10:00:00,3.112480942041104,1.6414857395762357,0.2
2025-09-11 11:00:00,3.171282638838206,1.4298004981249284,0.2
2025-09-11 12:00:00,3.2446399824828487,1.226600566862714,0.2
2025-09-11 13:00:00,3.6742052856141854,0.6605335826073844,0.2
2025-09-11 14:00:00,3.976098293607854,0.9668212182106494,0.2
2025-09-11 15:00:00,2.2251551150116478,1.1140858442644654,0.2
2025-09-11 16:00:00,2.230075409914226,1.881432878428765,0.35
2025-09-11 17:00:00,0.6896328382544334,2.910627143571624,0.35
2025-09-11 18:00:00,4.534244868244278e-16,3.599033088564835,0.35
2025-09-11 19:00:00,0.0,3.882048151870774,0.35
2025-09-11 20:00:00,0.0,3.9075260131164398,0.35
2025-09-11 21:00:00,0.0,2.358620544618643,0.35
2025-09-11 22:00:00,0.0,2.2213317807786943,0.2
2025-09-11 23:00:00,0.0,1.2971481910787408,0.2
2025-09-12 00:00:00,0.0,0.9843795296497361,0.1
2025-09-12 01:00:00,0.0,0.8945646613942052,0.1
2025-09-12 02:00:00,0.0,1.3092485463636294,0.1
2025-09-12 03:00:00,0.0,0.7615361409179318,0.1
2025-09-12 04:00:00,0.0,1.0594782755153185,0.1
2025-09-12 05:00:00,0.0,1.3761582969139168,0.1
2025-09-12 06:00:00,0.0,1.500024029444817,0.1
2025-09-12 07:00:00,1.280847875152581,2.417495217434325,0.2
2025-09-12 08:00:00,1.4626910856083077,2.970365103173905,0.45965595418776695
2025-09-12 09:00:00,2.16381652730514,2.4241529788562577,0.2
2025-09-12 10:00:00,3.3573587823561906,1.6592264226627238,0.2
2025-09-12 11:00:00,2.7135940653914257,1.2017044217416453,0.2
2025-09-12 12:00:00,3.10543566354172,1.1936097412528839,0.2
2025-09-12 13:00:00,4.8751321969548,0.9725152745180439,0.2
2025-09-12 14:00:00,4.444508392880066,1.3481669650206167,0.2
2025-09-12 15:00:00,2.5268754158987083,1.2064916221161943,0.2
2025-09-12 16:00:00,2.4969648649895086,1.7235742816526527,0.35
2025-09-12 17:00:00,1.0381831609425014,3.2048610907420865,0.35
2025-09-12 18:00:00,4.0376163310298677e-16,3.515899082667411,0.35
2025-09-12 19:00:00,0.0,3.737817598589769,0.35
2025-09-12 20:00:00,0.0,3.299079919399446,0.35
2025-09-12 21:00:00,0.0,3.0346126698996883,0.35
2025-09-12 22:00:00,0.0,1.9056964991430374,0.2
2025-09-12 23:00:00,0.0,1.3552639026965583,0.2
2025-09-13 00:00:00,0.0,0.9681609893549661,0.1
2025-09-13 01:00:00,0.0,1.2026259058721833,0.1
2025-09-13 02:00:00,0.0,0.9647649584606216,0.1
2025-09-13 03:00:00,0.0,1.476542596045509,0.1
2025-09-13 04:00:00,0.0,1.083883116381777,0.1
2025-09-13 05:00:00,0.0,1.4830275199335816,0.1
2025-09-13 06:00:00,0.0,1.983272554602732,0.1
2025-09-13 07:00:00,0.8693837470730309,2.5941853874719483,0.2
2025-09-13 08:00:00,1.487286240680009,2.8826066126694583,0.2
2025-09-13 09:00:00,2.347079016062296,2.6678787715064436,0.2
2025-09-13 10:00:00,3.0788569174518403,1.9243645231480082,0.2
2025-09-13 11:00:00,4.3832324258375355,1.1571597447316273,0.5704063430888561
2025-09-13 12:00:00,3.9780923022469854,1.0969612481137805,0.2
2025-09-13 13:00:00,2.6890816025867235,1.288299825545592,0.2
2025-09-13 14:00:00,2.2779296590268405,1.546471273939963,0.2
2025-09-13 15:00:00,2.013942244741086,1.5769170427179495,0.2
2025-09-13 16:00:00,1.8221839743409283,2.3465106710234,0.35
2025-09-13 17:00:00,1.292769061026495,2.6937171673565685,0.35
2025-09-13 18:00:00,5.181026574909768e-16,3.7878671586123716,0.35
2025-09-13 19:00:00,0.0,4.267703901720456,0.35
2025-09-13 20:00:00,0.0,3.4682240411594125,0.35
2025-09-13 21:00:00,0.0,2.7224739567288987,0.35
2025-09-13 22:00:00,0.0,2.321538354442099,0.2
2025-09-13 23:00:00,0.0,1.21098607855245,0.2
2025-09-14 00:00:00,0.0,0.7317753251411518,0.1
2025-09-14 01:00:00,0.0,1.305633643666129,0.1
2025-09-14 02:00:00,0.0,1.2400235702518934,0.1
2025-09-14 03:00:00,0.0,1.0941558890757375,0.1
2025-09-14 04:00:00,0.0,1.0479888506417656,0.1
2025-09-14 05:00:00,0.0,1.1829656654209209,0.1
2025-09-14 06:00:00,0.0,1.878614357783661,0.1
2025-09-14 07:00:00,1.0248583302119192,2.917436243003866,0.2
2025-09-14 08:00:00,1.3501389597951214,3.0477140351019663,0.2
2025-09-14 09:00:00,1.9322623020698355,3.034877839242526,0.2
2025-09-14 10:00:00,2.6435883649279313,1.6427563797785076,0.2
2025-09-14 11:00:00,2.563935887577061,1.267740803491279,0.2
2025-09-14 12:00:00,4.481990426323725,0.9890817413908661,0.2
2025-09-14 13:00:00,4.279548180641753,0.8240305212612061,0.2
2025-09-14 14:00:00,2.5293916361970057,1.1018649795240962,0.2
2025-09-14 15:00:00,3.3378126729559128,1.489509038980153,0.2
2025-09-14 16:00:00,1.4844211879833806,2.0788047697377494,0.35
2025-09-14 17:00:00,0.8658003439941313,3.2536824453867705,0.35
2025-09-14 18:00:00,3.932338313023082e-16,3.7403842021452247,0.35
2025-09-14 19:00:00,0.0,4.230027360740125,0.35
2025-09-14 20:00:00,0.0,3.660709557013607,0.35
2025-09-14 21:00:00,0.0,3.1552030992284195,0.35
2025-09-14 22:00:00,0.0,2.453647259192663,0.2
2025-09-14 23:00:00,0.0,1.512222875905028,0.2
2025-09-15 00:00:00,0.0,0.8014695285819777,0.1
2025-09-15 01:00:00,0.0,0.8902763243827932,0.1
2025-09-15 02:00:00,0.0,1.0570577858968382,0.1
2025-09-15 03:00:00,0.0,1.099031447329113,0.1
2025-09-15 04:00:00,0.0,1.1968160284478055,0.1
2025-09-15 05:00:00,0.0,1.3627101027879256,0.1
2025-09-15 06:00:00,0.0,1.8236215662730384,0.1
2025-09-15 07:00:00,1.0109850733395298,2.47423516328313,0.2
2025-09-15 08:00:00,1.9973104974935523,3.0802284621263967,0.2
2025-09-15 09:00:00,2.1177764153716865,2.972483457289264,0.2
2025-09-15 10:00:00,2.6532762675542516,2.0263304979921046,0.2
2025-09-15 11:00:00,3.258635080228672,1.3786177442841725,0.2
2025-09-15 12:00:00,4.076227347523325,1.2696068596881995,0.2
2025-09-15 13:00:00,2.990051895357767,0.9668460241135022,0.2
2025-09-15 14:00:00,2.4730403766468494,1.0308286969093632,0.2
2025-09-15 15:00:00,3.563561867366161,1.2564861577748687,0.2
2025-09-15 16:00:00,1.3071351089453065,1.9489014091934556,0.35
2025-09-15 17:00:00,1.1935108503744791,2.7351908302560433,0.35
2025-09-15 18:00:00,5.601369355683468e-16,3.889145656330941,0.35
2025-09-15 19:00:00,0.0,3.904935316467763,0.35
2025-09-15 20:00:00,0.0,3.4869463645088286,0.35
2025-09-15 21:00:00,0.0,3.2081074149040267,0.35
2025-09-15 22:00:00,0.0,1.8836823558587805,0.2
2025-09-15 23:00:00,0.0,1.4367115411599083,0.2
2025-09-16 00:00:00,0.0,1.0902658966209764,0.1
2025-09-16 01:00:00,0.0,0.7726987051540639,0.1
2025-09-16 02:00:00,0.0,1.2477676791564196,0.1
2025-09-16 03:00:00,0.0,1.1351556483612293,0.1
2025-09-16 04:00:00,0.0,1.3688078039470875,0.1
2025-09-16 05:00:00,0.0,1.1348261790982972,0.1
2025-09-16 06:00:00,0.0,1.8420497415170827,0.1
2025-09-16 07:00:00,0.706508921520213,2.6093460025223947,0.2
2025-09-16 08:00:00,2.167560095424939,3.0527785087435553,0.2
2025-09-16 09:00:00,2.5241264933687493,2.3105630360777005,0.2
2025-09-16 10:00:00,4.232100789007999,1.8445120526449983,0.2
2025-09-16 11:00:00,4.0570460394544,0.9863841720721838,0.2
2025-09-16 12:00:00,2.7752907197451724,1.1353602891630337,0.2
2025-09-16 13:00:00,4.7886801925501805,0.6153290049899687,0.2
2025-09-16 14:00:00,2.774078166442986,0.76216435926791,0.2
2025-09-16 15:00:00,2.4065811391605147,1.5697529219360649,0.2
2025-09-16 16:00:00,1.7844885278150022,1.8645910427083867,0.35
2025-09-16 17:00:00,0.6924791514244804,2.622020394871411,0.35
2025-09-16 18:00:00,4.664521836772893e-16,3.901659832415622,0.35
2025-09-16 19:00:00,0.0,4.065525243469884,0.35
2025-09-16 20:00:00,0.0,3.8219087468605686,0.35
2025-09-16 21:00:00,0.0,2.7863435646737345,0.35
2025-09-16 22:00:00,0.0,2.5098831408550497,0.2
2025-09-16 23:00:00,0.0,1.285103077597879,0.2
2025-09-17 00:00:00,0.0,1.3489004415442716,0.1
2025-09-17 01:00:00,0.0,0.9877641209182444,0.1
2025-09-17 02:00:00,0.0,0.6697688462732565,0.1
2025-09-17 03:00:00,0.0,1.1043015894286055,0.1
2025-09-17 04:00:00,0.0,1.120083513861964,0.1
2025-09-17 05:00:00,0.0,1.0604062036940713,0.1
2025-09-17 06:00:00,0.0,1.6377807275949077,0.1
2025-09-17 07:00:00,0.8957479571914114,2.5965353229065573,0.2
2025-09-17 08:00:00,1.4000966066095017,3.069950372923147,0.2
2025-09-17 09:00:00,2.9154389514648225,2.1073533292172524,0.2
2025-09-17 10:00:00,2.4591767823406907,2.0329690674113143,0.2
2025-09-17 11:00:00,4.8575587931241415,1.1727773595939373,0.2
2025-09-17 12:00:00,4.509161876062815,0.797343978044014,0.2
2025-09-17 13:00:00,3.400498162407797,1.229272140184059,0.2
2025-09-17 14:00:00,3.461802178848379,1.127758130242336,0.2
2025-09-17 15:00:00,3.4224160438298497,1.649276334004516,0.2
2025-09-17 16:00:00,1.967696908502293,2.0615491863432944,0.35
2025-09-17 17:00:00,0.7697649487435365,2.8192891090082504,0.35
2025-09-17 18:00:00,4.275541477537352e-16,3.6169447192044815,0.35
2025-09-17 19:00:00,0.0,4.096542552115428,0.35
2025-09-17 20:00:00,0.0,3.564784455991946,0.35
2025-09-17 21:00:00,0.0,2.6490774613886003,0.35
2025-09-17 22:00:00,0.0,2.095939226605978,0.2
2025-09-17 23:00:00,0.0,1.377108281420952,0.2
2025-09-18 00:00:00,0.0,1.0067148612860952,0.1
2025-09-18 01:00:00,0.0,1.2179132961691486,0.1
2025-09-18 02:00:00,0.0,0.9778956037086575,0.1
2025-09-18 03:00:00,0.0,1.0107386253873418,0.1
2025-09-18 04:00:00,0.0,0.9372010992807448,0.1
2025-09-18 05:00:00,0.0,1.3568185533382875,0.1
2025-09-18 06:00:00,0.0,1.8921901655578683,0.1
2025-09-18 07:00:00,1.1720248615265314,2.7816298778816675,0.2
2025-09-18 08:00:00,2.16679313876182,2.8841750424721755,0.2
2025-09-18 09:00:00,1.9349066154499963,2.5099225918750956,0.2
2025-09-18 10:00:00,3.1937886958197423,1.9807722567356476,0.2
2025-09-18 11:00:00,2.856895825248402,1.3221195550295055,0.2
2025-09-18 12:00:00,3.369591292652357,0.8824498496851103,0.2
2025-09-18 13:00:00,2.4775192633789174,1.302369643440573,0.2
2025-09-18 14:00:00,3.0552860274345415,0.7927916124459772,0.2
2025-09-18 15:00:00,2.7610425753692556,1.5629001293008156,0.5998454607256848
2025-09-18 16:00:00,2.0401589021710373,1.7209163265477039,0.35
2025-09-18 17:00:00,1.084694417856021,3.196749712894965,0.35
2025-09-18 18:00:00,5.665566238830706e-16,3.338570762819388,0.35
2025-09-18 19:00:00,0.0,4.230450130378751,0.35
2025-09-18 20:00:00,0.0,3.631163835751563,0.35
2025-09-18 21:00:00,0.0,2.746271465170152,0.35
2025-09-18 22:00:00,0.0,2.0110367333686017,0.2
2025-09-18 23:00:00,0.0,1.5323859175414005,0.2
2025-09-19 00:00:00,0.0,0.8191212312061201,0.1
2025-09-19 01:00:00,0.0,0.8368797839045126,0.1
2025-09-19 02:00:00,0.0,1.130591898278383,0.1
2025-09-19 03:00:00,0.0,0.6662632495490637,0.1
2025-09-19 04:00:00,0.0,0.9402851829325141,0.1
2025-09-19 05:00:00,0.0,1.8788079573738057,0.1
2025-09-19 06:00:00,0.0,1.6286219901039944,0.1
2025-09-19 07:00:00,1.2509706674210674,2.8310354098755064,0.2
2025-09-19 08:00:00,1.335472050381816,2.8828106561307885,0.2
2025-09-19 09:00:00,2.746071400099648,2.7032950147525616,0.2
2025-09-19 10:00:00,3.4532200962207305,1.9532159150257973,0.2
2025-09-19 11:00:00,4.001337186340536,1.4974683013935224,0.2
2025-09-19 12:00:00,3.147271194787623,1.023642709561094,0.2
2025-09-19 13:00:00,3.3036833530661647,1.4388357576446433,0.2
2025-09-19 14:00:00,4.001992365124892,1.0146144132089914,0.2
2025-09-19 15:00:00,2.1178347129697945,1.452887261367977,0.2
2025-09-19 16:00:00,2.2894812511704523,2.0230141201908647,0.35
2025-09-19 17:00:00,1.013723253491563,2.5951983856079766,0.35
2025-09-19 18:00:00,5.409074032021466e-16,3.5903162572046887,0.35
2025-09-19 19:00:00,0.0,4.032302699851883,0.35
2025-09-19 20:00:00,0.0,3.561066499127928,0.35
2025-09-19 21:00:00,0.0,3.3077767722292073,0.35
2025-09-19 22:00:00,0.0,1.806232667355143,0.2
2025-09-19 23:00:00,0.0,1.6418907433379235,0.2
2025-09-20 00:00:00,0.0,1.1712932943020513,0.1
2025-09-20 01:00:00,0.0,0.9972649020373727,0.1
2025-09-20 02:00:00,0.0,0.8276291144853564,0.1
2025-09-20 03:00:00,0.0,0.8540807762006297,0.1
2025-09-20 04:00:00,0.0,0.9535375417276293,0.1
2025-09-20 05:00:00,0.0,0.9135223101526647,0.1
2025-09-20 06:00:00,0.0,1.6215314978619926,0.1
2025-09-20 07:00:00,1.21411567986376,2.3049795484508273,0.2
2025-09-20 08:00:00,1.6833752612096733,3.2691758105090942,0.2
2025-09-20 09:00:00,1.9100025063573818,2.7251784642707766,0.2
2025-09-20 10:00:00,3.724136415935221,1.9795395966796459,0.2
2025-09-20 11:00:00,3.1588813426884257,1.3894433446653225,0.2
2025-09-20 12:00:00,4.445799822143418,1.097086999590482,0.2
2025-09-20 13:00:00,3.474748568911656,1.3331948963195002,0.2
2025-09-20 14:00:00,3.2073935778901355,1.01032919497968,0.2
2025-09-20 15:00:00,3.1348141393036424,1.4273771097214742,0.2
2025-09-20 16:00:00,1.723492414993478,2.123370499312168,0.35
2025-09-20 17:00:00,0.9313610116171592,2.5553501632266338,0.35
2025-09-20 18:00:00,4.202488797569945e-16,4.266808487429023,0.35
2025-09-20 19:00:00,0.0,4.005713152559719,0.35
2025-09-20 20:00:00,0.0,3.6758885978689304,0.35
2025-09-20 21:00:00,0.0,3.070967585472885,0.35
2025-09-20 22:00:00,0.0,2.156948468677094,0.2
2025-09-20 23:00:00,0.0,1.4136214535891298,0.2
2025-09-21 00:00:00,0.0,1.0260272192919024,0.1
2025-09-21 01:00:00,0.0,0.6992076227486311,0.1
2025-09-21 02:00:00,0.0,0.8893777696858105,0.1
2025-09-21 03:00:00,0.0,1.1111738835107756,0.1
2025-09-21 04:00:00,0.0,1.1459095693795085,0.1
2025-09-21 05:00:00,0.0,1.5149037165427348,0.1
2025-09-21 06:00:00,0.0,1.7981243713771857,0.1
2025-09-21 07:00:00,0.6608471785968522,2.3240175488373827,0.2
2025-09-21 08:00:00,2.0069623714404825,3.2113468960286866,0.2
2025-09-21 09:00:00,2.6477912595572164,2.888703855029536,0.2
2025-09-21 10:00:00,3.3207246707839304,2.0019936914777996,0.2
2025-09-21 11:00:00,3.2573297626040123,1.2389502201854345,0.2
2025-09-21 12:00:00,2.6827432673933753,1.272570685298965,0.2
2025-09-21 13:00:00,2.85937271791791,1.7268409254953154,0.2
2025-09-21 14:00:00,4.190773047089344,1.1555121890141224,0.2
2025-09-21 15:00:00,2.470964201989862,1.1436958401990402,0.2
2025-09-21 16:00:00,1.8191536430169692,1.8567017238369128,0.35
2025-09-21 17:00:00,0.6758774612841532,2.9446872096586696,0.35
2025-09-21 18:00:00,3.1520257121171614e-16,3.3265298460209003,0.35
2025-09-21 19:00:00,0.0,4.033880614986615,0.35
2025-09-21 20:00:00,0.0,3.7235580378169884,0.35
2025-09-21 21:00:00,0.0,3.126616327100431,0.35
2025-09-21 22:00:00,0.0,2.2359963732859094,0.2
2025-09-21 23:00:00,0.0,1.5789228080601923,0.2
2025-09-22 00:00:00,0.0,0.567465529569388,0.1
2025-09-22 01:00:00,0.0,1.184247954547812,0.1
2025-09-22 02:00:00,0.0,1.1417736024678549,0.1
2025-09-22 03:00:00,0.0,1.058920715694653,0.1
2025-09-22 04:00:00,0.0,0.7110865763418341,0.1
2025-09-22 05:00:00,0.0,1.1153157847045052,0.1
2025-09-22 06:00:00,0.0,1.5888600291150374,0.1
2025-09-22 07:00:00,1.1653124528526546,2.1984731636221375,0.2
2025-09-22 08:00:00,1.7492633381034082,2.999417779590592,0.2
2025-09-22 09:00:00,1.8724808688066454,2.441921561504577,0.2
2025-09-22 10:00:00,2.721977585399491,2.347405892960336,0.2
2025-09-22 11:00:00,4.7196347778094125,1.237922566469351,0.2
2025-09-22 12:00:00,3.9391404818123994,1.3224441060968415,0.2
2025-09-22 13:00:00,4.075410273519668,0.7272390249550278,0.2
2025-09-22 14:00:00,2.152844312434411,1.0264638089250535,0.2
2025-09-22 15:00:00,2.6491945626659343,1.425422753854928,0.2
2025-09-22 16:00:00,1.2801720220447996,1.792327944025809,0.35
2025-09-22 17:00:00,1.0022616602558299,2.7351518726369104,0.35
2025-09-22 18:00:00,5.804764884401447e-16,3.603900526951805,0.35
2025-09-22 19:00:00,0.0,3.953218402915222,0.35
2025-09-22 20:00:00,0.0,4.018514422360881,0.35
2025-09-22 21:00:00,0.0,2.8952372362242027,0.35
2025-09-22 22:00:00,0.0,2.06985951466331,0.2
2025-09-22 23:00:00,0.0,1.5139368045788522,0.2
2025-09-23 00:00:00,0.0,1.1225266071397164,0.1
2025-09-23 01:00:00,0.0,0.9834599321632539,0.1
2025-09-23 02:00:00,0.0,0.9365216509600365,0.1
2025-09-23 03:00:00,0.0,1.0410950521826392,0.1
2025-09-23 04:00:00,0.0,1.2884917913536258,0.1
2025-09-23 05:00:00,0.0,1.495918204229194,0.1
2025-09-23 06:00:00,0.0,1.7741448878841684,0.1
2025-09-23 07:00:00,0.7397301224447425,2.755043590457178,0.2
2025-09-23 08:00:00,1.8456953399642084,2.9610838772656174,0.2
2025-09-23 09:00:00,3.1769284675025764,2.6082600956801816,0.2
2025-09-23 10:00:00,3.537613183701341,1.7276401005957143,0.2
2025-09-23 11:00:00,3.1735290450373492,1.2353479265756862,0.2
2025-09-23 12:00:00,4.751399418434201,1.3319594888335853,0.2
2025-09-23 13:00:00,4.534213964637054,1.05954305936152,0.2
2025-09-23 14:00:00,2.5710188718489975,1.159538227836491,0.2
2025-09-23 15:00:00,1.8042564264519108,1.1165996227964734,0.2
2025-09-23 16:00:00,2.1373171713501793,1.9121099522207974,0.35
2025-09-23 17:00:00,1.1611892778356168,2.7713290288489136,0.35
2025-09-23 18:00:00,5.91601485864848e-16,3.481662011111832,0.35
2025-09-23 19:00:00,0.0,4.004333082344914,0.35
2025-09-23 20:00:00,0.0,3.561654249708281,0.35
2025-09-23 21:00:00,0.0,2.835591150186617,0.35
2025-09-23 22:00:00,0.0,1.998258004038836,0.2
2025-09-23 23:00:00,0.0,1.214854978145309,0.2
2025-09-24 00:00:00,0.0,0.9202609751756561,0.1
2025-09-24 01:00:00,0.0,1.0155121854903937,0.1
2025-09-24 02:00:00,0.0,1.2375308114871508,0.1
2025-09-24 03:00:00,0.0,1.0590756748381318,0.1
2025-09-24 04:00:00,0.0,0.9247439655874456,0.1
2025-09-24 05:00:00,0.0,1.350471518390688,0.1
2025-09-24 06:00:00,0.0,2.1637343608862025,0.1
2025-09-24 07:00:00,0.8934730718293379,2.7848161460413596,0.2
2025-09-24 08:00:00,2.136911496835253,3.109506115960675,0.2
2025-09-24 09:00:00,2.9240402553842166,2.746604020889597,0.2
2025-09-24 10:00:00,4.209810298627232,2.11033558519228,0.2
2025-09-24 11:00:00,3.0142287176165854,1.4868023131604649,0.2
2025-09-24 12:00:00,3.6585185516187053,1.177045551147181,0.2
2025-09-24 13:00:00,3.1360330098893257,1.2547872738116896,0.2
2025-09-24 14:00:00,3.0465867694652125,0.9161515068732152,0.2
2025-09-24 15:00:00,3.20644513730107,1.105590128180009,0.2
2025-09-24 16:00:00,2.0563857150024014,2.0053784638761094,0.35
2025-09-24 17:00:00,1.1897513844068848,2.8333281515279674,0.35
2025-09-24 18:00:00,3.599146509000935e-16,3.5387086974978614,0.35
2025-09-24 19:00:00,0.0,4.165170533969743,0.35
2025-09-24 20:00:00,0.0,3.274917990463565,0.35
2025-09-24 21:00:00,0.0,2.71263752792634,0.35
2025-09-24 22:00:00,0.0,1.8769662930995263,0.2
2025-09-24 23:00:00,0.0,1.078745492689946,0.2
2025-09-25 00:00:00,0.0,1.2989475331261549,0.1
2025-09-25 01:00:00,0.0,0.7281970752055622,0.1
2025-09-25 02:00:00,0.0,0.8830029137942685,0.1
2025-09-25 03:00:00,0.0,1.1893277918400105,0.1
2025-09-25 04:00:00,0.0,1.1863400702566775,0.1
2025-09-25 05:00:00,0.0,1.049035627244968,0.1
2025-09-25 06:00:00,0.0,1.9587224248739779,0.1
2025-09-25 07:00:00,0.8957633704465822,2.6594317472552,0.2
2025-09-25 08:00:00,1.6828210155425438,3.4666079222958444,0.2
2025-09-25 09:00:00,3.289978763309217,2.6822740690067937,0.2
2025-09-25 10:00:00,3.7065110261484797,1.7940964126928474,0.2
2025-09-25 11:00:00,3.5314946957992412,1.1003765629330484,0.2
2025-09-25 12:00:00,4.829945848696398,0.914844801532535,0.2
2025-09-25 13:00:00,3.4380216255334757,0.875905010800041,0.2
2025-09-25 14:00:00,2.226172689643187,1.4067014889084117,0.2
2025-09-25 15:00:00,2.1681218468664167,1.4096371616513592,0.2
2025-09-25 16:00:00,1.744177561883506,2.087008158542289,0.35
2025-09-25 17:00:00,0.7273408380396633,3.122441529594037,0.35
2025-09-25 18:00:00,5.793590254446274e-16,3.1757978797590196,0.35
2025-09-25 19:00:00,0.0,4.255774752944276,0.35
2025-09-25 20:00:00,0.0,3.6585700901104787,0.35
2025-09-25 21:00:00,0.0,2.9066016534659895,0.35
2025-09-25 22:00:00,0.0,1.808276757725399,0.2
2025-09-25 23:00:00,0.0,1.2549809700201342,0.2
2025-09-26 00:00:00,0.0,1.0977705096348915,0.1
2025-09-26 01:00:00,0.0,1.4769568890045208,0.1
2025-09-26 02:00:00,0.0,1.201333587818786,0.1
2025-09-26 03:00:00,0.0,1.2608364245626917,0.1
2025-09-26 04:00:00,0.0,1.0187307475186471,0.1
2025-09-26 05:00:00,0.0,1.1506297216247918,0.1
2025-09-26 06:00:00,0.0,1.6660635927060519,0.1
2025-09-26 07:00:00,0.9565290323960746,2.503820106584218,0.2
2025-09-26 08:00:00,1.5329469986160371,2.5894443232394457,0.2
2025-09-26 09:00:00,1.7444934391230222,2.4565021172148125,0.2
2025-09-26 10:00:00,3.605107978376915,1.7102741456945851,0.2
2025-09-26 11:00:00,2.409745068748279,1.2366053194779647,0.2
2025-09-26 12:00:00,3.8545968316387023,1.0900434968731076,0.2
2025-09-26 13:00:00,3.5923610699997197,1.113549003618795,0.2
2025-09-26 14:00:00,4.119821242098243,1.1294966516374354,0.2
2025-09-26 15:00:00,2.5358535794472825,1.2897545613795138,0.2
2025-09-26 16:00:00,1.2849665403375639,1.5812870050942391,0.35
2025-09-26 17:00:00,0.9703837665606031,2.7045302879175006,0.35
2025-09-26 18:00:00,5.447913783530383e-16,3.4530005806631117,0.35
2025-09-26 19:00:00,0.0,4.093213349659922,0.35
2025-09-26 20:00:00,0.0,3.8293481870925508,0.35
2025-09-26 21:00:00,0.0,3.0073061925498883,0.35
2025-09-26 22:00:00,0.0,2.1253479493006133,0.2
2025-09-26 23:00:00,0.0,1.3793007026193405,0.2
2025-09-27 00:00:00,0.0,0.8956102185771146,0.1
2025-09-27 01:00:00,0.0,0.8506167782048137,0.1
2025-09-27 02:00:00,0.0,0.6991711419354556,0.1
2025-09-27 03:00:00,0.0,1.2061025803805552,0.1
2025-09-27 04:00:00,0.0,1.0221887939849363,0.1
2025-09-27 05:00:00,0.0,1.0214025078177427,0.1
2025-09-27 06:00:00,0.0,1.6569263078798038,0.1
2025-09-27 07:00:00,0.788796047345352,2.4280801602370454,0.2
2025-09-27 08:00:00,2.1768738221208994,3.008605706876576,0.2
2025-09-27 09:00:00,1.7935712611531431,2.8149795560072697,0.2
2025-09-27 10:00:00,3.201505234188473,1.752746866987437,0.2
2025-09-27 11:00:00,2.485328727523462,0.821170251400203,0.2
2025-09-27 12:00:00,4.648330060770673,1.0258574078918652,0.2
2025-09-27 13:00:00,4.100661640478647,1.0098200498742336,0.2
2025-09-27 14:00:00,3.450921796202774,1.087497679938923,0.2
2025-09-27 15:00:00,3.099689869653352,1.2805509453529247,0.2
2025-09-27 16:00:00,1.9798565553389385,2.0174465498925116,0.35
2025-09-27 17:00:00,1.2247931886071892,2.8328202326276597,0.35
2025-09-27 18:00:00,5.044801633309553e-16,3.6425246453751834,0.35
2025-09-27 19:00:00,0.0,4.0825282722927945,0.35
2025-09-27 20:00:00,0.0,3.5615241431242413,0.35
2025-09-27 21:00:00,0.0,2.7222748451977696,0.35
2025-09-27 22:00:00,0.0,2.249982059992129,0.2
2025-09-27 23:00:00,0.0,1.5178769316529253,0.2
2025-09-28 00:00:00,0.0,1.165390543860854,0.1
2025-09-28 01:00:00,0.0,1.2452582460050405,0.1
2025-09-28 02:00:00,0.0,1.1058597613807657,0.1
2025-09-28 03:00:00,0.0,1.1934095761062178,0.1
2025-09-28 04:00:00,0.0,0.7412619691568791,0.2395332689296942
2025-09-28 05:00:00,0.0,1.3115013409411227,0.1
2025-09-28 06:00:00,0.0,1.7856808906589852,0.1
2025-09-28 07:00:00,0.8561024293124301,2.9370116697035176,0.2
2025-09-28 08:00:00,1.7025879209993853,3.185529916234211,0.2
2025-09-28 09:00:00,2.8985998628692196,2.4753969476344966,0.2
2025-09-28 10:00:00,3.320435033803842,1.896903608612395,0.2
2025-09-28 11:00:00,2.9994687812279044,1.3052132210467808,0.2
2025-09-28 12:00:00,3.372769065812227,1.154559761554095,0.2
2025-09-28 13:00:00,2.811901609112469,0.8372903360187424,0.2
2025-09-28 14:00:00,4.070380353352278,1.2044850191736725,0.2
2025-09-28 15:00:00,1.9112755224373357,1.3604129087904182,0.2
2025-09-28 16:00:00,1.6397912176474265,2.0304486865584632,0.35
2025-09-28 17:00:00,0.63473366434169,2.6747149765734255,0.35
2025-09-28 18:00:00,3.577007004933231e-16,3.530478073921193,0.35
2025-09-28 19:00:00,0.0,4.234768404077542,0.35
2025-09-28 20:00:00,0.0,3.43718119608578,0.35
2025-09-28 21:00:00,0.0,2.624041098929491,0.35
2025-09-28 22:00:00,0.0,1.9636411506319336,0.2
2025-09-28 23:00:00,0.0,1.251627774672647,0.2
2025-09-29 00:00:00,0.0,0.8229956052197342,0.1
2025-09-29 01:00:00,0.0,1.021052523179886,0.1
2025-09-29 02:00:00,0.0,0.6996577538750648,0.1
2025-09-29 03:00:00,0.0,0.8061393932962561,0.1
2025-09-29 04:00:00,0.0,1.46795011815566,0.1
2025-09-29 05:00:00,0.0,1.3625655783357191,0.1
2025-09-29 06:00:00,0.0,1.6729119125678684,0.1
2025-09-29 07:00:00,1.09724428006596,2.6851178671767952,0.2
2025-09-29 08:00:00,2.194215225128691,3.1134669052708768,0.2
2025-09-29 09:00:00,3.0250225889596956,2.8003688698111806,0.2
2025-09-29 10:00:00,3.1064369026281584,1.7969135710152075,0.2
2025-09-29 11:00:00,2.8318151744443014,1.4669764949115107,0.2
2025-09-29 12:00:00,4.388000443300977,0.6560041699472148,0.2
2025-09-29 13:00:00,3.9670683423715043,0.8297972037985221,0.2
2025-09-29 14:00:00,4.079015659742447,1.1652560064733186,0.2
2025-09-29 15:00:00,1.9432109991871096,1.4719698852096235,0.2
2025-09-29 16:00:00,1.457250682703355,1.7916022762136148,0.35
2025-09-29 17:00:00,0.7457944410633882,2.8714760078504913,0.35
2025-09-29 18:00:00,5.220021326016997e-16,3.522722658463061,0.35
2025-09-29 19:00:00,0.0,3.944608181158768,0.35
2025-09-29 20:00:00,0.0,3.852445467886814,0.35
2025-09-29 21:00:00,0.0,3.0013794785156205,0.35
2025-09-29 22:00:00,0.0,1.7745453366023969,0.2
2025-09-29 23:00:00,0.0,1.1945555573058173,0.2
2025-09-30 00:00:00,0.0,0.9177666525616307,0.1
2025-09-30 01:00:00,0.0,0.9946880687036419,0.1
2025-09-30 02:00:00,0.0,0.8690912275408574,0.1
2025-09-30 03:00:00,0.0,1.2158603288389174,0.1
2025-09-30 04:00:00,0.0,1.1266089699126423,0.1
2025-09-30 05:00:00,0.0,1.3518875885168031,0.1
2025-09-30 06:00:00,0.0,1.5689168172328563,0.1
2025-09-30 07:00:00,0.765410035540293,2.8349329950003117,0.2
2025-09-30 08:00:00,1.9741115956173594,2.4359670454254125,0.2
2025-09-30 09:00:00,3.1580055699076883,2.7682970761630066,0.2
2025-09-30 10:00:00,2.9904015617117254,2.009207124440708,0.2
2025-09-30 11:00:00,3.671264547331801,1.1851967169013404,0.2
2025-09-30 12:00:00,2.811010211484609,1.318275518373134,0.2
2025-09-30 13:00:00,4.123597762296728,1.0284393193028034,0.2
2025-09-30 14:00:00,4.029681489306159,1.1449680667915159,0.2
2025-09-30 15:00:00,2.1216445931495436,1.4739489361289084,0.2
2025-09-30 16:00:00,1.7677625304107345,2.6112737161095545,0.35
2025-09-30 17:00:00,0.6648685301928463,3.0884787912144605,0.35
2025-09-30 18:00:00,4.516045667259126e-16,3.7877169483430966,0.35
2025-09-30 19:00:00,0.0,3.817439102683962,0.35
2025-09-30 20:00:00,0.0,3.6762086728497105,0.35
2025-09-30 21:00:00,0.0,2.656967160368623,0.35
2025-09-30 22:00:00,0.0,2.138379571531612,0.2
2025-09-30 23:00:00,0.0,1.4340992448568093,0.2
2025-10-01 00:00:00,0.0,0.775096995749515,0.1
2025-10-01 01:00:00,0.0,1.0162622456219275,0.1
2025-10-01 02:00:00,0.0,0.8307874313125446,0.1
2025-10-01 03:00:00,0.0,1.037975084546493,0.1
2025-10-01 04:00:00,0.0,0.8853155382978799,0.1
2025-10-01 05:00:00,0.0,1.27616809321408,0.1
2025-10-01 06:00:00,0.0,1.9723185554088696,0.1
2025-10-01 07:00:00,1.1904486644740973,2.5908644531385345,0.2
2025-10-01 08:00:00,1.4587254207131055,2.921823156439073,0.2
2025-10-01 09:00:00,2.201637404215992,2.642141230004625,0.2
2025-10-01 10:00:00,2.4118065287745645,1.9617813010651244,0.2
2025-10-01 11:00:00,3.5833287196794723,1.0502403003805807,0.2
2025-10-01 12:00:00,2.7167589908647183,1.1158247058646897,0.2
2025-10-01 13:00:00,3.081728318045396,1.3045669936971527,0.2
2025-10-01 14:00:00,3.457359776014611,1.2472131187813704,0.2
2025-10-01 15:00:00,2.595198961514003,1.4175940079815108,0.2
2025-10-01 16:00:00,1.6308233557410485,2.1019062350871223,0.35
2025-10-01 17:00:00,0.8647482209615399,2.910091300818396,0.35
2025-10-01 18:00:00,4.500403773387135e-16,3.7982109300324756,0.35
2025-10-01 19:00:00,0.0,3.595213677807612,0.35
2025-10-01 20:00:00,0.0,3.336799481021159,0.35
2025-10-01 21:00:00,0.0,3.020557809034548,0.35
2025-10-01 22:00:00,0.0,1.6729015668427611,0.2
2025-10-01 23:00:00,0.0,1.486313576853679,0.2
2025-10-02 00:00:00,0.0,0.9295914004658357,0.1
2025-10-02 01:00:00,0.0,0.8007994798190275,0.1
2025-10-02 02:00:00,0.0,1.0706008766853006,0.1
2025-10-02 03:00:00,0.0,1.0479385410222979,0.1
2025-10-02 04:00:00,0.0,1.4791995319902067,0.1
2025-10-02 05:00:00,0.0,1.1457083256347396,0.1
2025-10-02 06:00:00,0.0,2.1102466070356853,0.1
2025-10-02 07:00:00,0.658057093615111,2.6719594344004185,0.2
2025-10-02 08:00:00,1.9527929481810853,2.8677964335650086,0.2
2025-10-02 09:00:00,2.3333903635017443,2.761335277296582,0.2
2025-10-02 10:00:00,2.9801955715250945,1.935492477797344,0.2
2025-10-02 11:00:00,2.3712123187616765,1.2788456133285426,0.2
2025-10-02 12:00:00,2.786917839611708,1.116952546211774,0.2
2025-10-02 13:00:00,4.046794487953544,0.9216614236845664,0.2
2025-10-02 14:00:00,2.9462696203568886,0.967324301075126,0.2
2025-10-02 15:00:00,2.153639733094629,1.5579316134125818,0.2
2025-10-02 16:00:00,1.619204960084021,1.9291708488846884,0.35
2025-10-02 17:00:00,1.1230246293151636,2.803575409948041,0.35
2025-10-02 18:00:00,5.011758815765521e-16,3.703455027389368,0.35
2025-10-02 19:00:00,0.0,4.053057668960963,0.35
2025-10-02 20:00:00,0.0,3.361625413558999,0.35
2025-10-02 21:00:00,0.0,3.076842396428872,0.35
2025-10-02 22:00:00,0.0,1.998193832455185,0.2
2025-10-02 23:00:00,0.0,1.3654751971454082,0.2
2025-10-03 00:00:00,0.0,1.0861705327062434,0.1
2025-10-03 01:00:00,0.0,1.0473457676611995,0.1
2025-10-03 02:00:00,0.0,1.1540834631537462,0.1
2025-10-03 03:00:00,0.0,1.115328574709172,0.1
2025-10-03 04:00:00,0.0,1.2007002473701847,0.1
2025-10-03 05:00:00,0.0,1.5408693476874205,0.1
2025-10-03 06:00:00,0.0,1.998949492816045,0.1
2025-10-03 07:00:00,0.9257148005242296,2.5693776074578434,0.2
2025-10-03 08:00:00,2.253461609330506,2.7754205786581845,0.2
2025-10-03 09:00:00,2.1530620982525903,2.935045572394036,0.2
2025-10-03 10:00:00,3.7680145878486084,1.7748001022371311,0.2
2025-10-03 11:00:00,3.965635578042106,1.1770554716848283,0.2
2025-10-03 12:00:00,2.903997396527938,0.7163481113707615,0.2
2025-10-03 13:00:00,2.329663865022037,1.108753450956095,0.2
2025-10-03 14:00:00,2.220746265336847,1.1622590469167815,0.2
2025-10-03 15:00:00,2.8444596178424537,1.103020191398169,0.2
2025-10-03 16:00:00,1.3959781438977454,2.064613542173978,0.35
2025-10-03 17:00:00,0.8259740585395059,2.719953625457572,0.35
2025-10-03 18:00:00,4.2799697741841774e-16,4.185553709658252,0.35
2025-10-03 19:00:00,0.0,3.8861277615860272,0.35
2025-10-03 20:00:00,0.0,3.560452041314253,0.35
2025-10-03 21:00:00,0.0,2.644636734287027,0.35
2025-10-03 22:00:00,0.0,2.2295327062834436,0.2
2025-10-03 23:00:00,0.0,1.3314506908168873,0.2
2025-10-04 00:00:00,0.0,0.8550185009191946,0.1
2025-10-04 01:00:00,0.0,1.1414283309223354,0.1
2025-10-04 02:00:00,0.0,0.7246003381731687,0.1
2025-10-04 03:00:00,0.0,1.132753949528773,0.1
2025-10-04 04:00:00,0.0,1.4134109448911027,0.1
2025-10-04 05:00:00,0.0,1.383992133108935,0.1
2025-10-04 06:00:00,0.0,1.9498042462738356,0.1
2025-10-04 07:00:00,0.6820106686112826,2.7754868949050526,0.2
2025-10-04 08:00:00,1.9279011896493214,3.3419424156086546,0.2
2025-10-04 09:00:00,2.495528223123985,2.8434647777969535,0.2
2025-10-04 10:00:00,3.286320064673699,1.9102787213611585,0.2
2025-10-04 11:00:00,2.991578941830345,1.452455234484133,0.2
2025-10-04 12:00:00,4.413887688484062,0.8865064898306272,0.2
2025-10-04 13:00:00,3.5491379656388364,1.1963175480431372,0.2
2025-10-04 14:00:00,2.1758172452027438,0.9313705318892779,0.2
2025-10-04 15:00:00,2.372986484332269,1.33263869492174,0.2
2025-10-04 16:00:00,2.0327479800506683,1.3574462987186957,0.35
2025-10-04 17:00:00,1.0748607754513462,2.899877941471352,0.35
2025-10-04 18:00:00,4.2367803078545063e-16,3.518716305978842,0.35
2025-10-04 19:00:00,0.0,4.222229043045093,0.35
2025-10-04 20:00:00,0.0,3.7255292298748923,0.35
2025-10-04 21:00:00,0.0,3.0444111580782254,0.35
2025-10-04 22:00:00,0.0,1.7572380931405416,0.2
2025-10-04 23:00:00,0.0,1.6136830571417646,0.2
2025-10-05 00:00:00,0.0,1.4211726005449594,0.1
2025-10-05 01:00:00,0.0,1.1528689889246058,0.1
2025-10-05 02:00:00,0.0,1.1587407269942636,0.1
2025-10-05 03:00:00,0.0,1.0416513755579706,0.1
2025-10-05 04:00:00,0.0,0.9521972454578583,0.1
2025-10-05 05:00:00,0.0,1.4229090410822192,0.1
2025-10-05 06:00:00,0.0,1.5210080009414368,0.1
2025-10-05 07:00:00,0.8449197539765465,2.5179238265393926,0.2
2025-10-05 08:00:00,1.4402789471088162,2.6457894494061143,0.2
2025-10-05 09:00:00,2.1498011110173545,2.460754710330116,0.2
2025-10-05 10:00:00,2.2629288997495562,1.950753795285266,0.2
2025-10-05 11:00:00,2.882442536782962,1.3727556296010255,0.2
2025-10-05 12:00:00,3.619791796352887,1.0738762140307438,0.2
2025-10-05 13:00:00,3.2063994436959025,1.075139028706075,0.2
2025-10-05 14:00:00,2.685098301011584,0.7553088025531856,0.2
2025-10-05 15:00:00,2.8431144052847745,1.3315307225338822,0.2
2025-10-05 16:00:00,2.1796674993943417,1.8376884124603012,0.35
2025-10-05 17:00:00,1.0468116249509867,2.6877800714949514,0.35
2025-10-05 18:00:00,3.755501616129036e-16,3.7674064337632633,0.35
2025-10-05 19:00:00,0.0,3.827898534703139,0.35
2025-10-05 20:00:00,0.0,3.52655453772833,0.35
2025-10-05 21:00:00,0.0,2.4021781299959972,0.35
2025-10-05 22:00:00,0.0,1.9151327659998154,0.2
2025-10-05 23:00:00,0.0,1.1884383401671141,0.2
2025-10-06 00:00:00,0.0,1.0158419174102227,0.1
2025-10-06 01:00:00,0.0,0.809815719589734,0.1
2025-10-06 02:00:00,0.0,1.021579374365649,0.1
2025-10-06 03:00:00,0.0,0.9787946881305151,0.1
2025-10-06 04:00:00,0.0,1.3915393561793954,0.1
2025-10-06 05:00:00,0.0,1.3701141626325561,0.1
2025-10-06 06:00:00,0.0,1.45429700850939,0.1
2025-10-06 07:00:00,0.9053213401856393,2.3484970827030143,0.2
2025-10-06 08:00:00,1.8953309948055133,3.0110424116720176,0.2
2025-10-06 09:00:00,1.99671833548853,2.4155163961146027,0.2
2025-10-06 10:00:00,3.69720126139331,1.2286710908593834,0.2
2025-10-06 11:00:00,2.896065354111763,1.5415862171236816,0.2
2025-10-06 12:00:00,3.879268391987998,1.2077382783047308,0.2
2025-10-06 13:00:00,2.2474675725701534,1.145254204592027,0.2
2025-10-06 14:00:00,2.7220454520629898,1.0110171170318443,0.2
2025-10-06 15:00:00,2.188623918641541,1.491578532850051,0.2
2025-10-06 16:00:00,1.7671561543857826,1.8330866689031668,0.35
2025-10-06 17:00:00,0.6357580422786272,2.8605634696413977,0.35
2025-10-06 18:00:00,5.019938846034142e-16,3.4633740630332173,0.35
2025-10-06 19:00:00,0.0,4.303257690115404,0.35
2025-10-06 20:00:00,0.0,3.333443376937443,0.35
2025-10-06 21:00:00,0.0,3.066048745040067,0.35
2025-10-06 22:00:00,0.0,1.9817405676785154,0.2
2025-10-06 23:00:00,0.0,1.3081124506414399,0.2
2025-10-07 00:00:00,0.0,1.0334019160114416,0.1
2025-10-07 01:00:00,0.0,1.146706930373863,0.1
2025-10-07 02:00:00,0.0,1.2740202725946852,0.1
2025-10-07 03:00:00,0.0,1.07036044490569,0.1
2025-10-07 04:00:00,0.0,0.8789917845184757,0.1
2025-10-07 05:00:00,0.0,1.281796591295075,0.1
2025-10-07 06:00:00,0.0,2.1855832303543252,0.1
2025-10-07 07:00:00,0.7679182114729686,2.8710104686260807,0.2
2025-10-07 08:00:00,1.6618050118508165,3.1817535054984227,0.2
2025-10-07 09:00:00,2.9276688052805686,2.76062338981761,0.2
2025-10-07 10:00:00,3.8064674487320547,1.962234795027862,0.2
2025-10-07 11:00:00,3.398971266946461,1.5034279212589068,0.2
2025-10-07 12:00:00,3.7839317718772234,0.9723677177792682,0.2
2025-10-07 13:00:00,4.186940524559119,0.7700416167386714,0.2
2025-10-07 14:00:00,2.1667110608643063,1.1462824262734397,0.2
2025-10-07 15:00:00,1.9841531632980327,1.2425268612925269,0.2
2025-10-07 16:00:00,1.9459803057977059,1.7629545826719064,0.35
2025-10-07 17:00:00,1.0750087561178427,2.675536294280273,0.35
2025-10-07 18:00:00,5.179422382475129e-16,4.14455349310725,0.35
2025-10-07 19:00:00,0.0,4.02722492681937,0.35
2025-10-07 20:00:00,0.0,3.7198722750260096,0.35
2025-10-07 21:00:00,0.0,2.5751194177370498,0.35
2025-10-07 22:00:00,0.0,1.6052068103165231,0.2
2025-10-07 23:00:00,0.0,1.2421953210860768,0.2
2025-10-08 00:00:00,0.0,1.2876404487140436,0.1
2025-10-08 01:00:00,0.0,1.0668924221535312,0.1
2025-10-08 02:00:00,0.0,1.120389943544684,0.1
2025-10-08 03:00:00,0.0,1.1554450481193959,0.1
2025-10-08 04:00:00,0.0,0.9388611256112757,0.1
2025-10-08 05:00:00,0.0,1.5482636833365908,0.1
2025-10-08 06:00:00,0.0,1.695663063177414,0.1
2025-10-08 07:00:00,0.6388579375516866,2.8827213233760665,0.2
2025-10-08 08:00:00,2.221614722074805,3.088461241100619,0.2
2025-10-08 09:00:00,2.8947214705204556,2.243676954943868,0.2
2025-10-08 10:00:00,2.863353576594634,1.6727428795864467,0.2
2025-10-08 11:00:00,2.6772251630680053,0.9146892477825119,0.2
2025-10-08 12:00:00,4.379603958034344,1.296349901482491,0.2
2025-10-08 13:00:00,2.941958436738725,1.0361117457331925,0.2
2025-10-08 14:00:00,2.2774967983699383,0.6868132381360713,0.2
2025-10-08 15:00:00,2.503746770091392,1.4811925549919969,0.2
2025-10-08 16:00:00,2.2014891392802176,1.8665258812696792,0.35
2025-10-08 17:00:00,0.5885146445693789,2.522830838591195,0.35
2025-10-08 18:00:00,3.4345989829620134e-16,3.9830838755942524,0.35
2025-10-08 19:00:00,0.0,4.021457173223517,0.35
2025-10-08 20:00:00,0.0,3.5888044272911492,0.35
2025-10-08 21:00:00,0.0,2.739707022940697,0.35
2025-10-08 22:00:00,0.0,1.6713015082434948,0.2
2025-10-08 23:00:00,0.0,1.1450960697930161,0.2
2025-10-09 00:00:00,0.0,1.2569846886473106,0.1
2025-10-09 01:00:00,0.0,0.9052607549810832,0.1
2025-10-09 02:00:00,0.0,1.0050844654431783,0.1
2025-10-09 03:00:00,0.0,0.5988657450387687,0.1
2025-10-09 04:00:00,0.0,0.79351259441183,0.1
2025-10-09 05:00:00,0.0,1.392633070516868,0.1
2025-10-09 06:00:00,0.0,1.8977669350446174,0.1
2025-10-09 07:00:00,0.9084067069143311,2.952149891268419,0.2
2025-10-09 08:00:00,1.469265745710214,3.268592076199796,0.2
2025-10-09 09:00:00,1.7308047342415487,2.5553437912961683,0.2
2025-10-09 10:00:00,1.953893273447294,1.916935489849208,0.2
2025-10-09 11:00:00,3.154549148324336,1.208356265776318,0.2
2025-10-09 12:00:00,4.138349761589417,1.474655438651379,0.2
2025-10-09 13:00:00,3.4216352717728897,1.2708617691041526,0.2
2025-10-09 14:00:00,3.9006662040555815,1.1664187442975775,0.2
2025-10-09 15:00:00,2.050039004684896,1.4461221356233354,0.2
2025-10-09 16:00:00,1.4423965461603232,2.262928791199305,0.35
2025-10-09 17:00:00,0.6762553856052091,2.935507579020629,0.35
2025-10-09 18:00:00,3.211721534511357e-16,3.9592163116145302,0.35
2025-10-09 19:00:00,0.0,3.5612704147524266,0.35
2025-10-09 20:00:00,0.0,3.7397363600535716,0.35
2025-10-09 21:00:00,0.0,2.7165050062016234,0.35
2025-10-09 22:00:00,0.0,2.3252329996006478,0.2
2025-10-09 23:00:00,0.0,1.7152855871478039,0.2
2025-10-10 00:00:00,0.0,1.0065684934925554,0.1
2025-10-10 01:00:00,0.0,1.3071635247004334,0.1
2025-10-10 02:00:00,0.0,1.3572938292543069,0.1
2025-10-10 03:00:00,0.0,1.022613174664213,0.1
2025-10-10 04:00:00,0.0,1.5515177560573028,0.1
2025-10-10 05:00:00,0.0,1.2644023360079728,0.1
2025-10-10 06:00:00,0.0,1.7793203929546688,0.1
2025-10-10 07:00:00,0.7465571053672707,2.7746493692404246,0.2
2025-10-10 08:00:00,1.945896615565533,2.929242663645088,0.2
2025-10-10 09:00:00,2.302906544426875,2.6185539409521117,0.2
2025-10-10 10:00:00,3.8603603123276793,2.1042316617167356,0.2
2025-10-10 11:00:00,2.282929773642966,1.2755207248003868,0.2
2025-10-10 12:00:00,3.0363056954654937,0.7246899163285878,0.2
2025-10-10 13:00:00,3.2074805473966292,1.114522707463512,0.2
2025-10-10 14:00:00,2.9169535103155724,0.9932230103155484,0.2
2025-10-10 15:00:00,2.0850718146418394,1.5790974101069744,0.2
2025-10-10 16:00:00,1.9374327907517375,2.1131966769125925,0.35
2025-10-10 17:00:00,1.0872770495369644,3.113872079231164,0.35
2025-10-10 18:00:00,5.320189380376316e-16,3.8289971683590522,0.35
2025-10-10 19:00:00,0.0,4.218048856735814,0.35
2025-10-10 20:00:00,0.0,3.5136713557262693,0.35
2025-10-10 21:00:00,0.0,2.980389278316001,0.35
2025-10-10 22:00:00,0.0,2.3676476599471075,0.2
2025-10-10 23:00:00,0.0,1.2682758679824846,0.2
2025-10-11 00:00:00,0.0,1.3599489900177137,0.1
2025-10-11 01:00:00,0.0,0.8901673106979608,0.1
2025-10-11 02:00:00,0.0,0.8302766762458108,0.1
2025-10-11 03:00:00,0.0,1.0669719289499513,0.1
2025-10-11 04:00:00,0.0,1.2003130847966932,0.1
2025-10-11 05:00:00,0.0,1.4530205913363703,0.1
2025-10-11 06:00:00,0.0,1.6298720988672102,0.1
2025-10-11 07:00:00,0.8807197645401607,2.6883828709744138,0.2
2025-10-11 08:00:00,1.1779861287756936,2.86288989557685,0.2
2025-10-11 09:00:00,1.7501485969005546,2.3037015345790173,0.2
2025-10-11 10:00:00,2.3535721763162196,1.6365975137999969,0.2
2025-10-11 11:00:00,3.1524138123487497,1.1214968811657693,0.2
2025-10-11 12:00:00,3.1943074244245078,1.1680125069941507,0.2
2025-10-11 13:00:00,3.874328210894805,1.2715015625074064,0.2
2025-10-11 14:00:00,3.357400993531246,0.837840400150974,0.2
2025-10-11 15:00:00,2.2477910239715926,1.4764353934896763,0.2
2025-10-11 16:00:00,1.4862230877399736,1.7386190965931618,0.35
2025-10-11 17:00:00,0.7593837057271027,2.9454090914006597,0.35
2025-10-11 18:00:00,4.841921481568867e-16,3.5229445919997633,0.35
2025-10-11 19:00:00,0.0,3.7897341963995452,0.35
2025-10-11 20:00:00,0.0,3.807423610823327,0.35
2025-10-11 21:00:00,0.0,2.7022074580488815,0.35
2025-10-11 22:00:00,0.0,1.9107646118045096,0.2
2025-10-11 23:00:00,0.0,0.9620080321985627,0.2
2025-10-12 00:00:00,0.0,1.1893116039569889,0.1
2025-10-12 01:00:00,0.0,1.1642190331720483,0.1
2025-10-12 02:00:00,0.0,1.0017624941120684,0.1
2025-10-12 03:00:00,0.0,0.7022156520078318,0.1
2025-10-12 04:00:00,0.0,1.299004837237884,0.1
2025-10-12 05:00:00,0.0,1.137417889269759,0.1
2025-10-12 06:00:00,0.0,1.731553893001733,0.1
2025-10-12 07:00:00,1.1278197107117798,3.0638836627954618,0.2
2025-10-12 08:00:00,1.3469550078101187,2.859273521051705,0.2
2025-10-12 09:00:00,2.8388286304109487,2.749927978278433,0.2
2025-10-12 10:00:00,2.2983886373454596,1.9347632293230772,0.2
2025-10-12 11:00:00,2.5984096485650725,1.3497113929329498,0.2
2025-10-12 12:00:00,3.715427318341311,1.1200935834345516,0.2
2025-10-12 13:00:00,3.008368902771975,1.1163365422715126,0.2
2025-10-12 14:00:00,3.708053382389642,1.1868698443141354,0.2
2025-10-12 15:00:00,1.7069759922950007,1.395659506892853,0.2
2025-10-12 16:00:00,1.6753138232079514,2.2762153585694915,0.35
2025-10-12 17:00:00,1.10071163405184,2.5570598974380037,0.35
2025-10-12 18:00:00,5.169093279145792e-16,3.851782329003588,0.35
2025-10-12 19:00:00,0.0,4.164468459741712,0.35
2025-10-12 20:00:00,0.0,3.787170532019692,0.35
2025-10-12 21:00:00,0.0,3.042987864665926,0.35
2025-10-12 22:00:00,0.0,1.9554375230213705,0.2
2025-10-12 23:00:00,0.0,1.0322110345444626,0.2
2025-10-13 00:00:00,0.0,0.9855427997293968,0.1
2025-10-13 01:00:00,0.0,0.801798485413316,0.1
2025-10-13 02:00:00,0.0,0.8542990832841929,0.1
2025-10-13 03:00:00,0.0,0.7592479055125012,0.1
2025-10-13 04:00:00,0.0,0.9616620298821643,0.1
2025-10-13 05:00:00,0.0,1.1513458277452275,0.1
2025-10-13 06:00:00,0.0,1.3467106170364302,0.1
2025-10-13 07:00:00,0.8267814074869809,2.7415192337800134,0.2
2025-10-13 08:00:00,1.7627556055411728,3.444065181474527,0.2
2025-10-13 09:00:00,1.6708720411133504,2.7227334244923904,0.2
2025-10-13 10:00:00,2.342396366756436,1.7817599855997082,0.2
2025-10-13 11:00:00,4.113457037908871,1.2607276752216898,0.2
2025-10-13 12:00:00,4.207676521601049,0.9794963013210141,0.2
2025-10-13 13:00:00,3.7935796107277002,1.0590671466670645,0.2
2025-10-13 14:00:00,1.9464642352078163,1.1250801073113808,0.2
2025-10-13 15:00:00,2.068848919450074,1.2378334925684062,0.2
2025-10-13 16:00:00,1.7946676457927873,2.3105364115369094,0.35
2025-10-13 17:00:00,0.7276823441645759,2.5221611624559053,0.35
2025-10-13 18:00:00,5.156094500698588e-16,3.791157016839362,0.35
2025-10-13 19:00:00,0.0,3.979760474540695,0.35
2025-10-13 20:00:00,0.0,4.027657070766961,0.35
2025-10-13 21:00:00,0.0,2.8877648989875446,0.35
2025-10-13 22:00:00,0.0,1.9019762946383996,0.2
2025-10-13 23:00:00,0.0,1.3564644100229386,0.2
2025-10-14 00:00:00,0.0,1.0079826705762462,0.1
2025-10-14 01:00:00,0.0,0.7714791899389468,0.1
2025-10-14 02:00:00,0.0,0.8472970202322233,0.1
2025-10-14 03:00:00,0.0,0.6507430464406121,0.1
2025-10-14 04:00:00,0.0,0.8725356218961124,0.1
2025-10-14 05:00:00,0.0,1.2894518628740073,0.1
2025-10-14 06:00:00,0.0,1.8822595928787549,0.1
2025-10-14 07:00:00,0.6146469108355963,2.205608912524275,0.2
2025-10-14 08:00:00,1.7763177171661741,2.972558469264711,0.2
2025-10-14 09:00:00,2.078247842218406,2.714167975957559,0.2
2025-10-14 10:00:00,3.5247341731428867,1.7897623382313066,0.2
2025-10-14 11:00:00,3.0390198225153733,1.1449192252013727,0.2
2025-10-14 12:00:00,2.615877020981762,0.9812612459140065,0.2
2025-10-14 13:00:00,2.523070141073502,0.9329061588982284,0.2
2025-10-14 14:00:00,3.359199814186405,1.005135614304416,0.2
2025-10-14 15:00:00,1.9625127357239236,1.4408078836970348,0.2
2025-10-14 16:00:00,1.9377564225051411,2.4354963792944333,0.35
2025-10-14 17:00:00,0.6844444826147698,2.670852026216823,0.35
2025-10-14 18:00:00,3.5495600989415664e-16,3.5838621816682275,0.35
2025-10-14 19:00:00,0.0,3.9896604121291546,0.35
2025-10-14 20:00:00,0.0,3.510019820882153,0.35
2025-10-14 21:00:00,0.0,3.0392391398425858,0.35
2025-10-14 22:00:00,0.0,1.4997803274137613,0.2
2025-10-14 23:00:00,0.0,1.2997940156341028,0.2
2025-10-15 00:00:00,0.0,1.1636640789362864,0.1
2025-10-15 01:00:00,0.0,0.9412184672605002,0.1
2025-10-15 02:00:00,0.0,0.8365031334857475,0.1
2025-10-15 03:00:00,0.0,1.0958831911667364,0.1
2025-10-15 04:00:00,0.0,1.2383996486503617,0.1
2025-10-15 05:00:00,0.0,1.312797655584929,0.1
2025-10-15 06:00:00,0.0,1.661980511059274,0.1
2025-10-15 07:00:00,1.070518232969176,2.692715515353904,0.2
2025-10-15 08:00:00,1.9704404724873394,2.919590949818593,0.2
2025-10-15 09:00:00,1.5480158948111669,2.750523362171898,0.2
2025-10-15 10:00:00,2.493615870164846,2.1189965538778717,0.2
2025-10-15 11:00:00,2.995572351983193,0.7505616032192263,0.2
2025-10-15 12:00:00,2.6823183302344775,1.0859069695627759,0.2
2025-10-15 13:00:00,2.5274079813883086,0.6939120425041472,0.2
2025-10-15 14:00:00,1.960393292600157,1.6208394431919815,0.2
2025-10-15 15:00:00,2.534694822026448,1.312418271888827,0.2
2025-10-15 16:00:00,1.376925124602555,2.1232333821124176,0.35
2025-10-15 17:00:00,0.5941015221239823,2.8125286376788803,0.35
2025-10-15 18:00:00,3.2882664311601835e-16,3.486873792056701,0.35
2025-10-15 19:00:00,0.0,3.8155893905687157,0.35
2025-10-15 20:00:00,0.0,3.9646265423739635,0.35
2025-10-15 21:00:00,0.0,3.010779591173563,0.35
2025-10-15 22:00:00,0.0,2.362674219550562,0.2
2025-10-15 23:00:00,0.0,1.4170965167413778,0.2
2025-10-16 00:00:00,0.0,1.057585255921494,0.1
2025-10-16 01:00:00,0.0,0.9465990158071693,0.1
2025-10-16 02:00:00,0.0,0.9432544846328038,0.1
2025-10-16 03:00:00,0.0,0.79935445378351,0.1
2025-10-16 04:00:00,0.0,1.0739330397558016,0.1
2025-10-16 05:00:00,0.0,1.112821247564678,0.1
2025-10-16 06:00:00,0.0,1.9106063674546911,0.318123325028426
2025-10-16 07:00:00,0.792859698768936,2.6354768953195977,0.2
2025-10-16 08:00:00,2.0984593838418983,3.0575372186086955,0.2
2025-10-16 09:00:00,1.608497825129409,2.936511973731178,0.2
2025-10-16 10:00:00,2.274034101930031,1.8148011869534355,0.2
2025-10-16 11:00:00,3.2816064625845804,1.4230223549276184,0.2
2025-10-16 12:00:00,3.5051205997654638,1.4739953677407656,0.2
2025-10-16 13:00:00,2.178583215082846,1.3023822437526822,0.2
2025-10-16 14:00:00,2.636223070457797,1.3631156658169963,0.2
2025-10-16 15:00:00,2.5300439286040897,1.3447055355439652,0.7410995429749625
2025-10-16 16:00:00,1.842076193188124,2.0198873448609027,0.35
2025-10-16 17:00:00,0.9198755511863885,2.5559367511918714,0.35
2025-10-16 18:00:00,3.5087458082618096e-16,3.7472735883933956,0.35
2025-10-16 19:00:00,0.0,4.0548920355269695,0.35
2025-10-16 20:00:00,0.0,3.652167732785048,0.35
2025-10-16 21:00:00,0.0,3.0250309367864725,0.35
2025-10-16 22:00:00,0.0,1.7324024375901699,0.2
2025-10-16 23:00:00,0.0,1.7329784199419074,0.2
2025-10-17 00:00:00,0.0,1.1803542692603508,0.1
2025-10-17 01:00:00,0.0,0.9859105330078322,0.1
2025-10-17 02:00:00,0.0,0.970925007692327,0.1
2025-10-17 03:00:00,0.0,1.1038540833287025,0.1
2025-10-17 04:00:00,0.0,1.361301247983687,0.1
2025-10-17 05:00:00,0.0,1.2909921102799196,0.1
2025-10-17 06:00:00,0.0,1.851030763417696,0.1
2025-10-17 07:00:00,0.5847815713419868,2.60509854704873,0.2
2025-10-17 08:00:00,1.690117193234401,3.3564056324138454,0.2
2025-10-17 09:00:00,2.6907632032965654,2.527709365205728,0.2
2025-10-17 10:00:00,2.1240598327341647,1.8164432571827394,0.2
2025-10-17 11:00:00,2.5612078340829494,1.5643640852091318,0.2
2025-10-17 12:00:00,4.062556173497236,1.093095641646222,0.2
2025-10-17 13:00:00,2.126479972591477,1.2684706019027772,0.2
2025-10-17 14:00:00,3.275747861304815,0.9502257147454356,0.2
2025-10-17 15:00:00,2.2489572892870395,1.3649846743223624,0.2
2025-10-17 16:00:00,1.5611177818507609,2.270845541435389,0.35
2025-10-17 17:00:00,0.5625133769217123,2.6843240664451504,0.35
2025-10-17 18:00:00,4.808439358163825e-16,3.6172309002465712,0.35
2025-10-17 19:00:00,0.0,4.051337046182497,0.35
2025-10-17 20:00:00,0.0,3.4496598041552144,0.35
2025-10-17 21:00:00,0.0,2.736829955413521,0.35
2025-10-17 22:00:00,0.0,1.9964847384401774,0.2
2025-10-17 23:00:00,0.0,1.4153421965422301,0.2
2025-10-18 00:00:00,0.0,1.256071735839721,0.1
2025-10-18 01:00:00,0.0,1.3083287679046776,0.1
2025-10-18 02:00:00,0.0,0.8294539508556235,0.1
2025-10-18 03:00:00,0.0,1.0299855441124814,0.1
2025-10-18 04:00:00,0.0,1.1919806632558843,0.1
2025-10-18 05:00:00,0.0,1.5739400597017568,0.1
2025-10-18 06:00:00,0.0,1.9659226424852765,0.3604658809871002
2025-10-18 07:00:00,0.756812872531356,2.659657531842022,0.2
2025-10-18 08:00:00,1.782207365546005,3.133309316270077,0.2
2025-10-18 09:00:00,2.232547669884026,2.7362397526603845,0.2
2025-10-18 10:00:00,2.228854140409586,1.63680191844968,0.2
2025-10-18 11:00:00,3.3210742999178895,1.3102367128581867,0.2
2025-10-18 12:00:00,2.276894487953101,1.3555256737613877,0.2
2025-10-18 13:00:00,2.9305453983309118,0.9995874761548718,0.2
2025-10-18 14:00:00,2.87521351957577,1.1583710546355162,0.2
2025-10-18 15:00:00,2.179771237048494,1.3575398887428607,0.2
2025-10-18 16:00:00,1.8768763986233976,1.5111868346259683,0.35
2025-10-18 17:00:00,1.0155746728509019,2.823710045044795,0.35
2025-10-18 18:00:00,4.65635717143518e-16,3.7078490943310873,0.35
2025-10-18 19:00:00,0.0,3.897501321828021,0.35
2025-10-18 20:00:00,0.0,3.416563317976866,0.35
2025-10-18 21:00:00,0.0,2.6434706871815705,0.35
2025-10-18 22:00:00,0.0,2.1267949253021623,0.2
2025-10-18 23:00:00,0.0,1.800510804319219,0.2
2025-10-19 00:00:00,0.0,1.2764879998533805,0.1
2025-10-19 01:00:00,0.0,0.7311681279721165,0.1
2025-10-19 02:00:00,0.0,1.1715963873659463,0.1
2025-10-19 03:00:00,0.0,0.8750993651171256,0.1
2025-10-19 04:00:00,0.0,0.9406775890691758,0.1
2025-10-19 05:00:00,0.0,1.1782754469476606,0.1
2025-10-19 06:00:00,0.0,1.9634379729929368,0.1
2025-10-19 07:00:00,0.6856861808701432,2.7933255268133634,0.2
2025-10-19 08:00:00,1.3238286383707354,2.9803945956175935,0.2
2025-10-19 09:00:00,1.6357744311009934,2.585271837591528,0.2
2025-10-19 10:00:00,3.566235339013585,1.9151975255537124,0.2
2025-10-19 11:00:00,3.2582663144648936,1.3852758622617811,0.2
2025-10-19 12:00:00,3.5596162487901526,1.2989386162753551,0.2
2025-10-19 13:00:00,3.942698136529077,0.784184434791833,0.2
2025-10-19 14:00:00,2.4883478919836484,1.1364871940868333,0.2
2025-10-19 15:00:00,2.448284550246754,1.1924383034698296,0.2
2025-10-19 16:00:00,1.1090718847883414,1.9637702779346626,0.35
2025-10-19 17:00:00,0.6558759311764619,2.7743569520617073,0.35
2025-10-19 18:00:00,4.788676213594148e-16,3.6381408174199725,0.35
2025-10-19 19:00:00,0.0,3.8400514223820945,0.35
2025-10-19 20:00:00,0.0,3.350032749112326,0.35
2025-10-19 21:00:00,0.0,2.40070447379492,0.35
2025-10-19 22:00:00,0.0,1.947721371222081,0.2
2025-10-19 23:00:00,0.0,1.3198056285432502,0.2
2025-10-20 00:00:00,0.0,0.8648137987115285,0.1
2025-10-20 01:00:00,0.0,1.264547021504559,0.1
2025-10-20 02:00:00,0.0,0.8287832878967435,0.1
2025-10-20 03:00:00,0.0,1.2910986567067444,0.1
2025-10-20 04:00:00,0.0,1.3818997504247825,0.1
2025-10-20 05:00:00,0.0,0.8804904731840411,0.1
2025-10-20 06:00:00,0.0,1.8407008748216447,0.1
2025-10-20 07:00:00,1.0256372712897441,2.5215355533563577,0.2
2025-10-20 08:00:00,1.3183559885449176,2.4176400209300977,0.2
2025-10-20 09:00:00,1.6199003257220057,2.3125577351794497,0.7089308472597885
2025-10-20 10:00:00,2.4951029870439854,1.9773319983282485,0.2
2025-10-20 11:00:00,3.5856445886540698,1.6755168048991858,0.2
2025-10-20 12:00:00,3.293773156199959,1.244229103463499,0.2
2025-10-20 13:00:00,3.7275017956957175,1.1057853243962683,0.2
2025-10-20 14:00:00,3.6046646636226773,1.12821524979981,0.2
2025-10-20 15:00:00,2.6924774660145077,1.742575761577688,0.2
2025-10-20 16:00:00,1.703293912186106,2.4036065741388715,0.35
2025-10-20 17:00:00,0.8209636675856591,2.702223473693022,0.35
2025-10-20 18:00:00,2.705462925232122e-16,3.2474933961384544,0.35
2025-10-20 19:00:00,0.0,3.5803625073499608,0.35
2025-10-20 20:00:00,0.0,3.9118669061857725,0.35
2025-10-20 21:00:00,0.0,2.810180270983023,0.35
2025-10-20 22:00:00,0.0,2.010605784166793,0.2
2025-10-20 23:00:00,0.0,1.0478756511184955,0.2
2025-10-21 00:00:00,0.0,0.8493635491146008,0.1
2025-10-21 01:00:00,0.0,0.9409411661580704,0.1
2025-10-21 02:00:00,0.0,1.0422386019286198,0.1
2025-10-21 03:00:00,0.0,0.9280134324962319,0.1
2025-10-21 04:00:00,0.0,0.8496657619106627,0.1
2025-10-21 05:00:00,0.0,1.1137571680214127,0.1
2025-10-21 06:00:00,0.0,2.063889240211297,0.1
2025-10-21 07:00:00,0.9097906622030036,2.6504317754442557,0.2
2025-10-21 08:00:00,1.884724521128153,3.122432171264661,0.2
2025-10-21 09:00:00,2.083958603956428,2.4217112236176668,0.2
2025-10-21 10:00:00,3.0120538212029864,1.2315800798264287,0.2
2025-10-21 11:00:00,2.3483464113229227,1.1670560929800335,0.2
2025-10-21 12:00:00,4.083595001537549,0.89037936403855,0.2
2025-10-21 13:00:00,2.8227622690759446,1.1108612836192886,0.2
2025-10-21 14:00:00,3.1648013603741103,1.7896264688623957,0.2
2025-10-21 15:00:00,1.5244748164568984,1.5450763821717164,0.2
2025-10-21 16:00:00,1.2732520191601266,2.521150765624041,0.35
2025-10-21 17:00:00,0.8132445952874965,2.933345948665749,0.35
2025-10-21 18:00:00,4.860206245133898e-16,3.52151346068597,0.35
2025-10-21 19:00:00,0.0,4.069583215628378,0.35
2025-10-21 20:00:00,0.0,4.003618427649354,0.35
2025-10-21 21:00:00,0.0,3.1855044984021483,0.35
2025-10-21 22:00:00,0.0,1.8588899284664333,0.2
2025-10-21 23:00:00,0.0,1.4566425888496979,0.2
2025-10-22 00:00:00,0.0,0.714147955738065,0.1
2025-10-22 01:00:00,0.0,1.164971053876513,0.1
2025-10-22 02:00:00,0.0,1.3113418650669846,0.1
2025-10-22 03:00:00,0.0,1.015691731102187,0.1
2025-10-22 04:00:00,0.0,0.9236541906989055,0.1
2025-10-22 05:00:00,0.0,1.34269675679743,0.1
2025-10-22 06:00:00,0.0,1.9057163892944837,0.1
2025-10-22 07:00:00,0.9675576877638999,2.6177036178934796,0.2
2025-10-22 08:00:00,1.1886694821775023,3.0357438347407415,0.2
2025-10-22 09:00:00,2.3795104290629747,2.5667230156992584,0.2
2025-10-22 10:00:00,1.882778218048135,2.021535762551835,0.2
2025-10-22 11:00:00,3.040553601410015,1.4189224433899583,0.2
2025-10-22 12:00:00,2.4274244200237494,0.8670728454948194,0.2
2025-10-22 13:00:00,2.401724105947769,0.8389407092619539,0.2
2025-10-22 14:00:00,2.4848564634327275,1.081606842720715,0.2
2025-10-22 15:00:00,2.129038295233538,1.553410603469101,0.2
2025-10-22 16:00:00,1.7059156385225753,2.0035702165255063,0.35
2025-10-22 17:00:00,0.5845162744209805,2.6909619275733285,0.35
2025-10-22 18:00:00,3.8707271800881464e-16,3.6997944275456787,0.35
2025-10-22 19:00:00,0.0,3.933837896099747,0.35
2025-10-22 20:00:00,0.0,3.8235879997986384,0.35
2025-10-22 21:00:00,0.0,2.88620366615131,0.35
2025-10-22 22:00:00,0.0,1.9109017645846205,0.2
2025-10-22 23:00:00,0.0,1.4523096041191303,0.2
2025-10-23 00:00:00,0.0,1.2630109435771344,0.1
2025-10-23 01:00:00,0.0,0.8861113136289515,0.1
2025-10-23 02:00:00,0.0,1.081202321585238,0.1
2025-10-23 03:00:00,0.0,0.9936397721857845,0.1
2025-10-23 04:00:00,0.0,1.1425277383433512,0.1
2025-10-23 05:00:00,0.0,1.1397575782227714,0.1
2025-10-23 06:00:00,0.0,1.8442916696537257,0.1
2025-10-23 07:00:00,0.875992292366713,2.8230395080069157,0.2
2025-10-23 08:00:00,1.3694907898066877,2.8125994136243295,0.2
2025-10-23 09:00:00,1.605465792868761,2.3356049651281166,0.2
2025-10-23 10:00:00,1.9755962317614837,1.564053664009161,0.2
2025-10-23 11:00:00,3.8845623266021283,1.037544448316895,0.2
2025-10-23 12:00:00,3.5324007546224716,1.182758132502182,0.2
2025-10-23 13:00:00,2.2765423724264333,0.7598868927205795,0.2
2025-10-23 14:00:00,2.456916384048043,1.0729026571773213,0.2
2025-10-23 15:00:00,2.3546605540209797,1.5297010393102068,0.2
2025-10-23 16:00:00,1.9191541608171474,2.057290545857062,0.35
2025-10-23 17:00:00,0.5648383280428508,2.7424802136053623,0.35
2025-10-23 18:00:00,3.1667970563196895e-16,3.685675454551534,0.35
2025-10-23 19:00:00,0.0,4.021429065951715,0.35
2025-10-23 20:00:00,0.0,3.6026425166441745,0.35
2025-10-23 21:00:00,0.0,2.7774250354069845,0.35
2025-10-23 22:00:00,0.0,2.4210428890264413,0.2
2025-10-23 23:00:00,0.0,1.5678680304960981,0.2
2025-10-24 00:00:00,0.0,1.4961315151747225,0.1
2025-10-24 01:00:00,0.0,0.9006447023541266,0.1
2025-10-24 02:00:00,0.0,0.9836776058781762,0.1
2025-10-24 03:00:00,0.0,0.7413066872236542,0.1
2025-10-24 04:00:00,0.0,0.8952176411530167,0.1
2025-10-24 05:00:00,0.0,1.6510531962744177,0.1
2025-10-24 06:00:00,0.0,1.7178177250534994,0.1
2025-10-24 07:00:00,1.0328494431996573,2.9853311115524477,0.2
2025-10-24 08:00:00,1.464578955746519,2.751328357737573,0.2
2025-10-24 09:00:00,1.7523689310378212,2.390792178978477,0.2
2025-10-24 10:00:00,2.7332390904000823,1.7540985327018694,0.2
2025-10-24 11:00:00,3.8341477718373485,1.2589269700210972,0.2
2025-10-24 12:00:00,3.7536546247049194,1.2483109334136753,0.2
2025-10-24 13:00:00,2.1417032946733623,1.1312129133309259,0.2
2025-10-24 14:00:00,3.049338516424319,1.0492186746572219,0.2
2025-10-24 15:00:00,2.312261147656707,1.379380017344444,0.2
2025-10-24 16:00:00,1.9840555034606808,1.910146149790403,0.35
2025-10-24 17:00:00,0.6043701978659068,2.6366612625327135,0.35
2025-10-24 18:00:00,3.9081757497641025e-16,3.4698981208801882,0.35
2025-10-24 19:00:00,0.0,4.205576778290883,0.35
2025-10-24 20:00:00,0.0,3.2818577221683842,0.35
2025-10-24 21:00:00,0.0,3.1430637186269115,0.35
2025-10-24 22:00:00,0.0,1.9053585569546028,0.2
2025-10-24 23:00:00,0.0,1.251504128431406,0.2
2025-10-25 00:00:00,0.0,1.1479531898117479,0.1
2025-10-25 01:00:00,0.0,1.2970806457676505,0.1
2025-10-25 02:00:00,0.0,1.2241974135765972,0.1
2025-10-25 03:00:00,0.0,1.1081022501509619,0.1
2025-10-25 04:00:00,0.0,1.2745036995152983,0.1
2025-10-25 05:00:00,0.0,0.9273710511131441,0.1
2025-10-25 06:00:00,0.0,1.717858474724221,0.1
2025-10-25 07:00:00,0.9312835895674477,2.419240839518587,0.2
2025-10-25 08:00:00,1.9318878602485006,3.244928556116586,0.2
2025-10-25 09:00:00,2.379995088464917,2.5247903820083555,0.2
2025-10-25 10:00:00,2.991590640104981,1.9914260882629649,0.2
2025-10-25 11:00:00,2.251607888594589,1.3788483428546605,0.2
2025-10-25 12:00:00,4.027116797870891,0.8912320876909131,0.2
2025-10-25 13:00:00,2.264183741798022,0.9236671878984158,0.2
2025-10-25 14:00:00,3.180901570500275,1.3912452642889725,0.2
2025-10-25 15:00:00,1.851031185828299,1.2509466489111825,0.2
2025-10-25 16:00:00,2.000950633401919,1.998932255786439,0.35
2025-10-25 17:00:00,0.9213311046599488,2.6630837523325703,0.35
2025-10-25 18:00:00,4.445243805765098e-16,3.5847002708173408,0.35
2025-10-25 19:00:00,0.0,3.990767611210207,0.35
2025-10-25 20:00:00,0.0,3.4909174056943137,0.35
2025-10-25 21:00:00,0.0,2.627502588341124,0.35
2025-10-25 22:00:00,0.0,2.031212069430538,0.2
2025-10-25 23:00:00,0.0,1.2370583679516027,0.2
2025-10-26 00:00:00,0.0,0.8378698205325594,0.1
2025-10-26 01:00:00,0.0,0.8122267001978328,0.1
2025-10-26 02:00:00,0.0,0.985089315989542,0.1
2025-10-26 03:00:00,0.0,1.196472167158952,0.1
2025-10-26 04:00:00,0.0,1.3584367288333845,0.1
2025-10-26 05:00:00,0.0,1.1254869493431616,0.1
2025-10-26 06:00:00,0.0,2.252286741688093,0.1
2025-10-26 07:00:00,0.8425773654940398,2.4005338793821966,0.2
2025-10-26 08:00:00,1.781060155321717,3.216710514539125,0.2
2025-10-26 09:00:00,2.054384270221664,2.457146694990044,0.2
2025-10-26 10:00:00,2.905363434252836,1.6481601229325515,0.2
2025-10-26 11:00:00,3.37992804580741,1.1227257230000551,0.2
2025-10-26 12:00:00,3.523475415850101,1.0532039349938254,0.2
2025-10-26 13:00:00,2.0923572545395923,1.1570532641003948,0.2
2025-10-26 14:00:00,3.31646183322482,1.2664553337069917,0.2
2025-10-26 15:00:00,2.123284999105602,1.2172461755784876,0.2
2025-10-26 16:00:00,1.2997590189660608,1.7760268762450895,0.35
2025-10-26 17:00:00,0.661798517771591,2.63626427092515,0.35
2025-10-26 18:00:00,3.7397834269802885e-16,3.6252198277234107,0.35
2025-10-26 19:00:00,0.0,3.9579688791660264,0.35
2025-10-26 20:00:00,0.0,3.457455615339853,0.35
2025-10-26 21:00:00,0.0,2.8735127179505495,0.35
2025-10-26 22:00:00,0.0,2.426471163742113,0.2
2025-10-26 23:00:00,0.0,1.3050627573428077,0.2
2025-10-27 00:00:00,0.0,0.9132989674315873,0.1
2025-10-27 01:00:00,0.0,1.1119696430031007,0.1
2025-10-27 02:00:00,0.0,0.8889076669084467,0.1
2025-10-27 03:00:00,0.0,1.1415247366226202,0.1
2025-10-27 04:00:00,0.0,0.9134224602151231,0.1
2025-10-27 05:00:00,0.0,1.6370944880573777,0.1
2025-10-27 06:00:00,0.0,1.8911795775403095,0.1
2025-10-27 07:00:00,0.9392163810011714,2.4774702617082136,0.2
2025-10-27 08:00:00,1.258054945102345,2.882262469979696,0.2
2025-10-27 09:00:00,2.7847395526727827,2.4987260352515257,0.2
2025-10-27 10:00:00,2.8256892957575985,2.0968947101563282,0.2
2025-10-27 11:00:00,2.730830706576931,1.0179267528366762,0.2
2025-10-27 12:00:00,3.0771385118435526,0.9301051408317483,0.2
2025-10-27 13:00:00,3.176390106210813,0.9287267185085875,0.2
2025-10-27 14:00:00,2.767709430649322,1.1293441327746399,0.2
2025-10-27 15:00:00,2.153366289262816,1.3518212401187064,0.2
2025-10-27 16:00:00,1.5416395844329718,1.6757131674692507,0.35
2025-10-27 17:00:00,0.623808636566329,2.739627472878766,0.35
2025-10-27 18:00:00,4.548208961817789e-16,3.627580571563519,0.35
2025-10-27 19:00:00,0.0,3.8743804329882443,0.35
2025-10-27 20:00:00,0.0,3.7848458055633447,0.35
2025-10-27 21:00:00,0.0,3.00347366488863,0.35
2025-10-27 22:00:00,0.0,1.9582800621291707,0.2
2025-10-27 23:00:00,0.0,1.452114167079984,0.2
2025-10-28 00:00:00,0.0,0.5677901322024398,0.1
2025-10-28 01:00:00,0.0,0.9158167745058605,0.1
2025-10-28 02:00:00,0.0,1.2016352636073884,0.1
2025-10-28 03:00:00,0.0,0.9230445236431282,0.1
2025-10-28 04:00:00,0.0,0.909678666292539,0.1
2025-10-28 05:00:00,0.0,1.7262083517481035,0.1
2025-10-28 06:00:00,0.0,2.186040021061012,0.1
2025-10-28 07:00:00,0.7421584283741421,2.694989834019987,0.2
2025-10-28 08:00:00,1.4098156619285733,3.2277829321695606,0.2
2025-10-28 09:00:00,2.586940189565231,2.156298902201517,0.2
2025-10-28 10:00:00,2.571017305733619,1.6648344887808124,0.2
2025-10-28 11:00:00,2.3053306304058205,1.1776853797223026,0.2
2025-10-28 12:00:00,2.5832536885048953,1.0164974551502601,0.2
2025-10-28 13:00:00,2.9715575921218567,0.9430700256988802,0.2
2025-10-28 14:00:00,2.0257431882976675,0.622476467822758,0.2
2025-10-28 15:00:00,2.3231420545498342,1.4832481023897772,0.2
2025-10-28 16:00:00,1.5959165562558149,2.0826895594034647,0.35
2025-10-28 17:00:00,0.9046976613595544,3.139971767915856,0.35
2025-10-28 18:00:00,4.837454887751621e-16,3.48982885524552,0.35
2025-10-28 19:00:00,0.0,3.8259673684482207,0.35
2025-10-28 20:00:00,0.0,3.1114938105609182,0.35
2025-10-28 21:00:00,0.0,2.7608786118197233,0.35
2025-10-28 22:00:00,0.0,2.1541797582874835,0.2
2025-10-28 23:00:00,0.0,1.2836522772712942,0.2
2025-10-29 00:00:00,0.0,1.4286902953810237,0.1
2025-10-29 01:00:00,0.0,0.9487183617803222,0.1
2025-10-29 02:00:00,0.0,1.0300693821135167,0.1
2025-10-29 03:00:00,0.0,0.735111224162665,0.1
2025-10-29 04:00:00,0.0,1.1145750706059872,0.1
2025-10-29 05:00:00,0.0,0.8748066075713783,0.1
2025-10-29 06:00:00,0.0,1.9609641740244796,0.1
2025-10-29 07:00:00,0.7572506115634464,2.746360486770638,0.2
2025-10-29 08:00:00,1.0609379388241813,3.271859094740853,0.2
2025-10-29 09:00:00,2.2144074388040598,2.397492242039595,0.2
2025-10-29 10:00:00,2.3513978126906565,1.8544572005660376,0.2
2025-10-29 11:00:00,2.886917103437491,1.3844402662342337,0.2
2025-10-29 12:00:00,3.2721997495252277,1.1521498025897112,0.2
2025-10-29 13:00:00,3.661562328564694,0.8679989748667024,0.2
2025-10-29 14:00:00,2.919412778059883,0.6540853482147992,0.2
2025-10-29 15:00:00,2.056877968420166,1.4754352380249613,0.2
2025-10-29 16:00:00,1.8452891002525174,1.9434587980853593,0.35
2025-10-29 17:00:00,1.0004225602872665,2.7062578910055715,0.35
2025-10-29 18:00:00,2.7816043789865173e-16,3.800279780943606,0.35
2025-10-29 19:00:00,0.0,3.9910160923733145,0.35
2025-10-29 20:00:00,0.0,3.383651697200252,0.35
2025-10-29 21:00:00,0.0,2.433301521318656,0.35
2025-10-29 22:00:00,0.0,1.7481647490484162,0.2
2025-10-29 23:00:00,0.0,1.8846083086631953,0.2
2025-10-30 00:00:00,0.0,1.1445566864588486,0.1
2025-10-30 01:00:00,0.0,1.0377597973332293,0.1
2025-10-30 02:00:00,0.0,0.9643387398186447,0.1
2025-10-30 03:00:00,0.0,0.9582532522894965,0.1
2025-10-30 04:00:00,0.0,1.2905701982427502,0.1
2025-10-30 05:00:00,0.0,1.172551418161231,0.1
2025-10-30 06:00:00,0.0,1.9376086651587092,0.1
2025-10-30 07:00:00,0.8109656287274062,2.531789261465237,0.2
2025-10-30 08:00:00,1.0602031111885692,3.3880321362405637,0.2
2025-10-30 09:00:00,1.4898960081756996,2.7499436873087935,0.2
2025-10-30 10:00:00,3.007275582796613,2.0714561398432787,0.2
2025-10-30 11:00:00,2.8162760977096992,1.154794999419285,0.2
2025-10-30 12:00:00,2.535774607816321,1.2753206974371336,0.2
2025-10-30 13:00:00,2.3209273415747824,0.9785433448147346,0.2
2025-10-30 14:00:00,2.9191400565294856,1.1544886909125973,0.2
2025-10-30 15:00:00,1.4278391318932047,1.7330527127719568,0.2
2025-10-30 16:00:00,1.8225586102053941,1.7654037223960595,0.35
2025-10-30 17:00:00,0.5638168541918867,2.8602415558589396,0.35
2025-10-30 18:00:00,2.945242357900547e-16,3.7350917599042583,0.35
2025-10-30 19:00:00,0.0,4.104000876164363,0.35
2025-10-30 20:00:00,0.0,3.5573338091351188,1.022754299861036
2025-10-30 21:00:00,0.0,3.236844799299517,0.35
2025-10-30 22:00:00,0.0,1.7149710250069972,0.2
2025-10-30 23:00:00,0.0,1.6977829274363319,0.2
2025-10-31 00:00:00,0.0,1.2430144527906217,0.1
2025-10-31 01:00:00,0.0,1.380215086858964,0.1
2025-10-31 02:00:00,0.0,0.6830255055142416,0.1
2025-10-31 03:00:00,0.0,0.8339655427010416,0.1
2025-10-31 04:00:00,0.0,1.3555196134032594,0.1
2025-10-31 05:00:00,0.0,0.8952627356158556,0.1
2025-10-31 06:00:00,0.0,1.5009328028137678,0.1
2025-10-31 07:00:00,0.8349222743672193,2.503813294181257,0.2
2025-10-31 08:00:00,1.5770905514178266,3.0383995675980042,0.2
2025-10-31 09:00:00,1.4964135684305246,2.9199310005228876,0.2
2025-10-31 10:00:00,1.9839287900658584,1.785291593920482,0.2
2025-10-31 11:00:00,3.148054488591375,1.150029124744025,0.2
2025-10-31 12:00:00,2.426074502556749,1.1259714624629347,0.2
2025-10-31 13:00:00,2.918182076156719,1.134978126552553,0.2
2025-10-31 14:00:00,2.68736336273428,1.2207296905600815,0.2
2025-10-31 15:00:00,1.8229881418539375,1.3704459370577962,0.2
2025-10-31 16:00:00,1.9568352717272,1.5829415109637133,0.35
2025-10-31 17:00:00,0.9578462476033965,2.636068811776593,0.35
2025-10-31 18:00:00,4.2368074210417896e-16,3.931544925254005,0.35
2025-10-31 19:00:00,0.0,4.037413787599521,0.35
2025-10-31 20:00:00,0.0,3.5829862839324007,0.35
2025-10-31 21:00:00,0.0,3.0432256888126954,0.35
2025-10-31 22:00:00,0.0,1.7479340756012596,0.2
2025-10-31 23:00:00,0.0,1.3609362229672364,0.2
2025-11-01 00:00:00,0.0,1.0275530127071015,0.1
2025-11-01 01:00:00,0.0,0.9117618282793011,0.1
2025-11-01 02:00:00,0.0,1.0208234898361255,0.1
2025-11-01 03:00:00,0.0,0.9701930539946306,0.1
2025-11-01 04:00:00,0.0,0.7772623920137562,0.1
2025-11-01 05:00:00,0.0,1.3069661429177286,0.1
2025-11-01 06:00:00,0.0,1.5565542247192772,0.1
2025-11-01 07:00:00,0.9766601055929751,2.6345978765429003,0.2
2025-11-01 08:00:00,1.0400404982080829,3.2748279747035727,0.2
2025-11-01 09:00:00,2.705001350767486,2.545281346337922,0.2
2025-11-01 10:00:00,3.17317552398786,1.5880481509123565,0.2
2025-11-01 11:00:00,2.505400742329246,1.2462793917159367,0.2
2025-11-01 12:00:00,3.5767063149692,0.897299253307943,0.2
2025-11-01 13:00:00,1.9911078346923572,1.1599606304199666,0.2
2025-11-01 14:00:00,3.404926121636612,1.1028839766214567,0.2
2025-11-01 15:00:00,2.1578001020067155,1.7479958289809798,0.2
2025-11-01 16:00:00,1.302598173170759,2.206556652882811,0.35
2025-11-01 17:00:00,0.7049554175427717,2.788975908701579,0.35
2025-11-01 18:00:00,2.6105712819597403e-16,3.790612521795131,0.35
2025-11-01 19:00:00,0.0,3.921352718171632,0.35
2025-11-01 20:00:00,0.0,3.6542820847868454,0.35
2025-11-01 21:00:00,0.0,2.747305139867838,0.35
2025-11-01 22:00:00,0.0,2.127248594044991,0.2
2025-11-01 23:00:00,0.0,1.6926035050517536,0.2
2025-11-02 00:00:00,0.0,1.1597309731105228,0.1
2025-11-02 01:00:00,0.0,1.184424649195298,0.1
2025-11-02 02:00:00,0.0,1.1852776127029516,0.1
2025-11-02 03:00:00,0.0,1.1179830247459257,0.1
2025-11-02 04:00:00,0.0,0.8292737697288777,0.1
2025-11-02 05:00:00,0.0,1.6108648704252173,0.1
2025-11-02 06:00:00,0.0,2.183106748361536,0.1
2025-11-02 07:00:00,0.8949734237669149,2.554698930860882,0.2
2025-11-02 08:00:00,1.1828481186686468,2.9258612268303144,0.2
2025-11-02 09:00:00,2.2134817387895724,2.7239683163762076,0.2
2025-11-02 10:00:00,2.093729249814468,1.9325073439432547,0.2
2025-11-02 11:00:00,3.577358266289697,1.2312877406063292,0.2
2025-11-02 12:00:00,3.863822475956913,0.8136883438061284,0.2
2025-11-02 13:00:00,2.9179848475749157,1.1021990680436282,0.2
2025-11-02 14:00:00,2.329877031989813,1.2427690337611363,0.2
2025-11-02 15:00:00,1.7359889719777322,1.5512074082558247,0.2
2025-11-02 16:00:00,1.0442276300496651,2.0438172882181846,0.35
2025-11-02 17:00:00,0.6531503973868287,2.7653689799254777,0.35
2025-11-02 18:00:00,4.0302754490279406e-16,3.8462911161017685,0.35
2025-11-02 19:00:00,0.0,4.013169699517385,0.35
2025-11-02 20:00:00,0.0,3.554506104880868,0.35
2025-11-02 21:00:00,0.0,2.7834613027287562,0.35
2025-11-02 22:00:00,0.0,1.6247635955800528,0.2
2025-11-02 23:00:00,0.0,1.3695574848741303,0.2
2025-11-03 00:00:00,0.0,1.1376886356472278,0.1
2025-11-03 01:00:00,0.0,1.067993933366073,0.1
2025-11-03 02:00:00,0.0,1.304803759852043,0.1
2025-11-03 03:00:00,0.0,0.9551368574758428,0.1
2025-11-03 04:00:00,0.0,1.1545936341815943,0.1
2025-11-03 05:00:00,0.0,1.4292186018030717,0.1
2025-11-03 06:00:00,0.0,2.2907959846793324,0.1
2025-11-03 07:00:00,0.5340983750121601,2.6304279497470837,0.2
2025-11-03 08:00:00,1.4813614117287668,2.791163374100746,0.2
2025-11-03 09:00:00,2.162398859912954,2.7710717364641893,0.2
2025-11-03 10:00:00,2.0035999610359556,2.195490248100245,0.2
2025-11-03 11:00:00,3.3670133487585736,1.2071672123116086,0.2
2025-11-03 12:00:00,3.930237205415736,1.2319097826449323,0.2
2025-11-03 13:00:00,3.72143207110695,1.2868044409394568,0.2
2025-11-03 14:00:00,2.0527545114892094,1.3358948349200581,0.2
2025-11-03 15:00:00,2.6256943100291217,1.4311548831427807,0.2
2025-11-03 16:00:00,1.687482005712404,1.834263982104714,0.35
2025-11-03 17:00:00,0.7450554002372461,2.803336099995142,0.35
2025-11-03 18:00:00,3.735748291496576e-16,3.739210798976039,0.35
2025-11-03 19:00:00,0.0,4.181644504822547,0.35
2025-11-03 20:00:00,0.0,3.71427971735362,0.35
2025-11-03 21:00:00,0.0,2.743610385829785,0.35
2025-11-03 22:00:00,0.0,2.085033333305003,0.2
2025-11-03 23:00:00,0.0,1.5780228632584021,0.2
2025-11-04 00:00:00,0.0,1.07592334295519,0.1
2025-11-04 01:00:00,0.0,0.832799906030562,0.1
2025-11-04 02:00:00,0.0,0.9643897183123677,0.1
2025-11-04 03:00:00,0.0,1.197295995561477,0.1
2025-11-04 04:00:00,0.0,0.7805274398220364,0.1
2025-11-04 05:00:00,0.0,0.8520349620636856,0.1
2025-11-04 06:00:00,0.0,2.123841153050655,0.1
2025-11-04 07:00:00,0.5502261613210413,2.7037579025279315,0.2
2025-11-04 08:00:00,1.5050215437392214,3.121346810377572,0.2
2025-11-04 09:00:00,1.9548864808566238,2.3861225910677213,0.2
2025-11-04 10:00:00,2.7117392836254015,1.9698503895998614,0.2
2025-11-04 11:00:00,2.0735070299143192,1.3267266918706058,0.2
2025-11-04 12:00:00,2.82019901050365,0.7468279593539698,0.2
2025-11-04 13:00:00,2.2363927064033797,1.3259155127484443,0.2
2025-11-04 14:00:00,3.3915297910089683,1.1642183908497732,0.2
2025-11-04 15:00:00,2.1755794957996875,1.3268263854322113,0.2
2025-11-04 16:00:00,1.6628106541121164,1.8983607845502997,0.35
2025-11-04 17:00:00,0.676074334351951,2.4165476285113843,0.35
2025-11-04 18:00:00,2.6422059754027206e-16,3.7661580281267857,0.35
2025-11-04 19:00:00,0.0,4.052371441453346,0.35
2025-11-04 20:00:00,0.0,3.608674681287193,0.35
2025-11-04 21:00:00,0.0,3.075289020628235,0.35
2025-11-04 22:00:00,0.0,1.6971855982758801,0.2
2025-11-04 23:00:00,0.0,1.286651354436315,0.2
2025-11-05 00:00:00,0.0,0.8299996807202168,0.39316218410490067
2025-11-05 01:00:00,0.0,0.9442783329839164,0.1
2025-11-05 02:00:00,0.0,1.0141649303072502,0.1
2025-11-05 03:00:00,0.0,1.0937345450412546,0.1
2025-11-05 04:00:00,0.0,0.9877363109499078,0.1
2025-11-05 05:00:00,0.0,1.0951994195109385,0.1
2025-11-05 06:00:00,0.0,2.1594259729759395,0.1
2025-11-05 07:00:00,0.6346204413089827,3.0838028898812695,0.2
2025-11-05 08:00:00,1.045217055607602,3.028658144249956,0.2
2025-11-05 09:00:00,2.345156123871482,2.4501299123889595,0.2
2025-11-05 10:00:00,2.671392858610321,2.1174356031150126,0.2
2025-11-05 11:00:00,2.661420628765044,0.9823255330912397,0.2
2025-11-05 12:00:00,2.675054280744212,0.9967388099826838,0.2
2025-11-05 13:00:00,2.3057384101390097,0.9018354196244124,0.2
2025-11-05 14:00:00,2.8365337524811713,0.9005746160359296,0.2
2025-11-05 15:00:00,2.7336344108786887,1.3500383320637113,0.2
2025-11-05 16:00:00,1.1532251739233017,1.8011243179125502,0.35
2025-11-05 17:00:00,0.8109140396164696,2.8221229024275902,0.35
2025-11-05 18:00:00,3.4215212054128515e-16,3.6529261417350054,0.35
2025-11-05 19:00:00,0.0,3.8757336552998054,0.35
2025-11-05 20:00:00,0.0,3.573388036435038,0.35
2025-11-05 21:00:00,0.0,2.7734221855571586,0.35
2025-11-05 22:00:00,0.0,2.135926614298935,0.2
2025-11-05 23:00:00,0.0,1.376319969497001,0.2
2025-11-06 00:00:00,0.0,1.1649416798295134,0.1
2025-11-06 01:00:00,0.0,1.117199925649158,0.1
2025-11-06 02:00:00,0.0,1.114977064635954,0.1
2025-11-06 03:00:00,0.0,1.2853010343481783,0.1
2025-11-06 04:00:00,0.0,0.8332528256217493,0.1
2025-11-06 05:00:00,0.0,1.1760339452804947,0.1
2025-11-06 06:00:00,0.0,2.1748843430817644,0.1
2025-11-06 07:00:00,0.7155751576664691,2.550011551405702,0.2
2025-11-06 08:00:00,1.434528292402832,2.436976071892381,0.2
2025-11-06 09:00:00,1.888614835808382,2.560892317163556,0.2
2025-11-06 10:00:00,1.861370682438894,1.8493326829392036,0.2
2025-11-06 11:00:00,2.470346307928591,0.7482543308706907,0.2
2025-11-06 12:00:00,3.248993423606709,1.330480602901239,0.2
2025-11-06 13:00:00,3.14215363016016,0.8983163371205523,0.2
2025-11-06 14:00:00,2.175265092478519,1.1981943491635305,0.2
2025-11-06 15:00:00,2.0161982366366065,1.3608468695792528,0.2
2025-11-06 16:00:00,1.1653008697900387,1.716288449906535,0.35
2025-11-06 17:00:00,0.6117584466614167,2.6054903826707756,0.35
2025-11-06 18:00:00,2.446647041488252e-16,3.4604741409150033,0.35
2025-11-06 19:00:00,0.0,4.217134381840928,0.35
2025-11-06 20:00:00,0.0,3.6179830701337816,0.35
2025-11-06 21:00:00,0.0,2.715218875827551,0.35
2025-11-06 22:00:00,0.0,1.787035619557003,0.2
2025-11-06 23:00:00,0.0,1.6452358940150633,0.2
2025-11-07 00:00:00,0.0,1.2928415861770115,0.1
2025-11-07 01:00:00,0.0,1.236986108679563,0.1
2025-11-07 02:00:00,0.0,1.099158393086639,0.1
2025-11-07 03:00:00,0.0,1.065697848653126,0.1
2025-11-07 04:00:00,0.0,0.8139434379757509,0.1
2025-11-07 05:00:00,0.0,1.2215067411997058,0.1
2025-11-07 06:00:00,0.0,1.6854525423525633,0.1
2025-11-07 07:00:00,0.6319869397635386,2.2363724297266137,0.2
2025-11-07 08:00:00,1.6046736832266228,3.211409493706624,0.2
2025-11-07 09:00:00,1.534513097595824,2.462319996514678,0.2
2025-11-07 10:00:00,2.586739992921541,2.061533158393615,0.2
2025-11-07 11:00:00,2.6987348489698024,1.4480262345089352,0.2
2025-11-07 12:00:00,2.4648521021252843,1.175037070250333,0.2
2025-11-07 13:00:00,3.0120654719756046,1.1636356442463094,0.2
2025-11-07 14:00:00,3.15062531255492,1.0094189497112858,0.2
2025-11-07 15:00:00,2.7478435591417862,1.7776132089061982,0.2
2025-11-07 16:00:00,1.5628125287734655,1.982583819937953,0.35
2025-11-07 17:00:00,0.7068000013258388,2.8799783466216002,0.35
2025-11-07 18:00:00,2.916992208773535e-16,3.517675441487185,0.35
2025-11-07 19:00:00,0.0,3.813766947848809,0.35
2025-11-07 20:00:00,0.0,3.7429499095156964,0.35
2025-11-07 21:00:00,0.0,2.8630946783256577,0.35
2025-11-07 22:00:00,0.0,1.8160869288945338,0.2
2025-11-07 23:00:00,0.0,1.1183205059547572,0.2
2025-11-08 00:00:00,0.0,0.7460167142067846,0.1
2025-11-08 01:00:00,0.0,1.2392640723564483,0.1
2025-11-08 02:00:00,0.0,0.8780201623257914,0.1
2025-11-08 03:00:00,0.0,0.9399501311438169,0.1
2025-11-08 04:00:00,0.0,1.3471990533227436,0.1
2025-11-08 05:00:00,0.0,1.0462404542446344,0.1
2025-11-08 06:00:00,0.0,1.6768256178784393,0.1
2025-11-08 07:00:00,0.5201623855781814,2.447721485811417,0.2
2025-11-08 08:00:00,1.8104638506752986,3.323614506106759,0.2
2025-11-08 09:00:00,2.070357212263064,3.0001626859096158,0.2
2025-11-08 10:00:00,2.343735947918791,1.972657421986988,0.2
2025-11-08 11:00:00,2.7990280719580567,1.4283538991877809,0.2
2025-11-08 12:00:00,3.2272825581762032,0.9476224743531031,0.2
2025-11-08 13:00:00,1.8934149147136667,1.4305245272745293,0.2
2025-11-08 14:00:00,3.1370803701698144,1.1860209769977597,0.2
2025-11-08 15:00:00,1.980015077774923,1.5766652315380132,0.2
2025-11-08 16:00:00,1.2996557684259622,1.9528537459931523,0.35
2025-11-08 17:00:00,0.5701975490758902,2.7659854921323372,0.35
2025-11-08 18:00:00,3.411970148922681e-16,3.980099160119736,0.35
2025-11-08 19:00:00,0.0,4.107944735951863,0.35
2025-11-08 20:00:00,0.0,3.937765799967888,0.35
2025-11-08 21:00:00,0.0,2.8706576134869093,0.35
2025-11-08 22:00:00,0.0,1.804284094790431,0.2
2025-11-08 23:00:00,0.0,1.2893372631341404,0.2
2025-11-09 00:00:00,0.0,1.0205943801652162,0.1
2025-11-09 01:00:00,0.0,0.8747372857295616,0.1
2025-11-09 02:00:00,0.0,0.7791786435302676,0.1
2025-11-09 03:00:00,0.0,1.2480152466363887,0.1
2025-11-09 04:00:00,0.0,0.9481569874062288,0.1
2025-11-09 05:00:00,0.0,1.2983091161001814,0.1
2025-11-09 06:00:00,0.0,1.8814513009989715,0.1
2025-11-09 07:00:00,0.537838355152126,2.483844226459442,0.2
2025-11-09 08:00:00,1.0334706195837116,3.2901607031352986,0.2
2025-11-09 09:00:00,2.5213425290101856,2.3780576335522103,0.2
2025-11-09 10:00:00,2.0241295124590915,1.8746698296227078,0.2
2025-11-09 11:00:00,3.106250284225785,1.3209004956322496,0.2
2025-11-09 12:00:00,2.9732550537265436,1.0528425543508197,0.2
2025-11-09 13:00:00,3.41178435750898,0.7816763072392762,0.2
2025-11-09 14:00:00,1.8776645957778066,1.3066452364987202,0.2
2025-11-09 15:00:00,1.5395030958570133,1.5547453127149844,0.2
2025-11-09 16:00:00,1.5000595187479426,1.8388450280291,0.35
2025-11-09 17:00:00,0.970787343138123,2.961089451038932,0.35
2025-11-09 18:00:00,3.339390025332871e-16,3.722472245460668,0.35
2025-11-09 19:00:00,0.0,3.7438775709319794,0.35
2025-11-09 20:00:00,0.0,3.4767049248395403,0.35
2025-11-09 21:00:00,0.0,3.0472482681158164,0.35
2025-11-09 22:00:00,0.0,2.0358406391034594,0.2
2025-11-09 23:00:00,0.0,1.2931452605477127,0.2
2025-11-10 00:00:00,0.0,0.8283061534377656,0.1
2025-11-10 01:00:00,0.0,0.8969585693151427,0.1
2025-11-10 02:00:00,0.0,0.9117750192802647,0.1
2025-11-10 03:00:00,0.0,0.8385392337531333,0.1
2025-11-10 04:00:00,0.0,0.7087781790942707,0.1
2025-11-10 05:00:00,0.0,1.4986732238220744,0.1
2025-11-10 06:00:00,0.0,2.016351317544139,0.1
2025-11-10 07:00:00,0.5246325596022038,2.3468237611621836,0.2
2025-11-10 08:00:00,1.3138110244269718,3.0272630689862843,0.2
2025-11-10 09:00:00,2.043116033822173,2.4210383452501794,0.2
2025-11-10 10:00:00,2.5929274485630525,1.7700313322612466,0.2
2025-11-10 11:00:00,3.2039089962160077,1.2027236383822015,0.2
2025-11-10 12:00:00,2.5997280613760454,0.9781266317800748,0.2
2025-11-10 13:00:00,2.989036547351695,1.44164824670893,0.2
2025-11-10 14:00:00,2.634515937114831,1.0444165891907893,0.2
2025-11-10 15:00:00,2.099840552180669,1.2443904136346802,0.2
2025-11-10 16:00:00,1.573909994933334,1.8214424478479336,0.35
2025-11-10 17:00:00,0.6254821965146329,3.0283474008782107,0.35
2025-11-10 18:00:00,2.5488134509807633e-16,3.317070241861926,0.35
2025-11-10 19:00:00,0.0,3.847475416717097,0.35
2025-11-10 20:00:00,0.0,3.936855275776119,0.35
2025-11-10 21:00:00,0.0,2.86838921673743,0.35
2025-11-10 22:00:00,0.0,2.012341803082272,0.2
2025-11-10 23:00:00,0.0,1.8324351417385782,0.2
2025-11-11 00:00:00,0.0,1.0492709222619938,0.1
2025-11-11 01:00:00,0.0,0.8584000966663105,0.1
2025-11-11 02:00:00,0.0,0.944255513880536,0.1
2025-11-11 03:00:00,0.0,0.78064537847287,0.1
2025-11-11 04:00:00,0.0,1.3083184095740705,0.1
2025-11-11 05:00:00,0.0,1.3855829100492605,0.1
2025-11-11 06:00:00,0.0,2.0471074130160285,0.1
2025-11-11 07:00:00,0.9837507073050404,2.84407163723343,0.2
2025-11-11 08:00:00,1.114767285464436,2.9171586536880443,0.2
2025-11-11 09:00:00,1.414189674147914,2.4125354153913547,0.2
2025-11-11 10:00:00,2.9447137899344504,1.8120021546449445,0.2
2025-11-11 11:00:00,2.311841565595235,1.0971247401992252,0.2
2025-11-11 12:00:00,3.4960149704914234,1.0966848500054542,0.2
2025-11-11 13:00:00,3.1448791467967467,1.2674782060606105,0.2
2025-11-11 14:00:00,3.2196401748754684,1.098853796916194,0.2
2025-11-11 15:00:00,1.903620183031406,1.436042196629613,0.2
2025-11-11 16:00:00,1.587814912997198,1.9551896105026698,0.35
2025-11-11 17:00:00,0.7244318523642408,2.980137524085399,0.35
2025-11-11 18:00:00,3.8155927368263844e-16,3.513934229342855,0.35
2025-11-11 19:00:00,0.0,3.5607107476755813,0.35
2025-11-11 20:00:00,0.0,3.7416644796288883,0.35
2025-11-11 21:00:00,0.0,3.0171588633994992,0.35
2025-11-11 22:00:00,0.0,2.0632322510267564,0.2
2025-11-11 23:00:00,0.0,1.2779597506162352,0.2
2025-11-12 00:00:00,0.0,0.7729989120350802,0.3747607433595519
2025-11-12 01:00:00,0.0,1.0989368352942912,0.1
2025-11-12 02:00:00,0.0,1.0289667158427405,0.1
2025-11-12 03:00:00,0.0,0.9825733147473177,0.1
2025-11-12 04:00:00,0.0,1.4216236701696894,0.1
2025-11-12 05:00:00,0.0,1.081310547705651,0.1
2025-11-12 06:00:00,0.0,2.177231987247344,0.1
2025-11-12 07:00:00,0.5196616098321069,2.6078316324976836,0.2
2025-11-12 08:00:00,1.732215596151344,2.632886714499376,0.2
2025-11-12 09:00:00,1.3962500916116172,2.5656454549293044,0.2
2025-11-12 10:00:00,2.252996518900255,2.014243992226442,0.2
2025-11-12 11:00:00,2.8347849453455156,1.1986659477959387,0.2
2025-11-12 12:00:00,2.184678360246278,0.7687377666759703,0.2
2025-11-12 13:00:00,3.209767350042413,1.0081559235344386,0.2
2025-11-12 14:00:00,1.6616955172344539,0.9610472513476862,0.2
2025-11-12 15:00:00,1.5723818364510609,1.5044060588656576,0.2
2025-11-12 16:00:00,1.5040197821726369,2.1286386969608655,0.35
2025-11-12 17:00:00,0.844330982054839,2.6083379280482384,0.35
2025-11-12 18:00:00,4.466420315194472e-16,3.506329897177383,0.35
2025-11-12 19:00:00,0.0,4.151328493025589,0.35
2025-11-12 20:00:00,0.0,3.4757218520940203,0.35
2025-11-12 21:00:00,0.0,2.6031603519723014,0.35
2025-11-12 22:00:00,0.0,1.7382191757157983,0.2
2025-11-12 23:00:00,0.0,1.476413572301462,0.2
2025-11-13 00:00:00,0.0,1.0618328755757869,0.1
2025-11-13 01:00:00,0.0,0.8632281228624186,0.1
2025-11-13 02:00:00,0.0,1.0016880044814525,0.1
2025-11-13 03:00:00,0.0,1.3131583171100099,0.1
2025-11-13 04:00:00,0.0,0.8623189701872869,0.1
2025-11-13 05:00:00,0.0,0.8803220447398274,0.1
2025-11-13 06:00:00,0.0,1.9132396981659248,0.1
2025-11-13 07:00:00,0.9025160659261624,2.579394618743238,0.2
2025-11-13 08:00:00,1.6344756060408023,2.857995792510531,0.2
2025-11-13 09:00:00,2.5391068250845317,2.7319020332641144,0.2
2025-11-13 10:00:00,1.83417900979232,1.9901898058403118,0.2
2025-11-13 11:00:00,3.6432311355616562,0.8300213503809143,0.2
2025-11-13 12:00:00,2.2919950885649345,0.9331738930573517,0.2
2025-11-13 13:00:00,1.8521285351314483,1.5045620761330438,0.9119924218710205
2025-11-13 14:00:00,3.278249263177796,1.2491627092856656,0.2
2025-11-13 15:00:00,1.7167240361941019,1.541263906307495,0.2
2025-11-13 16:00:00,1.5805652261939669,2.208537589473639,0.35
2025-11-13 17:00:00,0.5771607165810282,2.8230057746378048,0.35
2025-11-13 18:00:00,3.667516346265305e-16,3.806827540218837,0.35
2025-11-13 19:00:00,0.0,4.1436124087716415,0.35
2025-11-13 20:00:00,0.0,3.7552990071043637,0.35
2025-11-13 21:00:00,0.0,2.7551895850144197,0.35
2025-11-13 22:00:00,0.0,2.008369186548301,0.2
2025-11-13 23:00:00,0.0,1.2883335368484823,0.2
2025-11-14 00:00:00,0.0,1.002564192585593,0.1
2025-11-14 01:00:00,0.0,0.7663391505183734,0.1
2025-11-14 02:00:00,0.0,0.8425461270012152,0.1
2025-11-14 03:00:00,0.0,0.9512694318939977,0.1
2025-11-14 04:00:00,0.0,0.8683899152849159,0.1
2025-11-14 05:00:00,0.0,1.1696671123928821,0.1
2025-11-14 06:00:00,0.0,1.7894393876707475,0.1
2025-11-14 07:00:00,0.7076137320739873,2.681927320456431,0.5554889191955201
2025-11-14 08:00:00,1.246319697817606,3.189852270244133,0.2
2025-11-14 09:00:00,2.328332649559559,2.508729111517511,0.2
2025-11-14 10:00:00,3.222365978602211,2.0893657003602786,0.2
2025-11-14 11:00:00,2.6219353764168996,1.4593991700820315,0.2
2025-11-14 12:00:00,3.5128800603637758,1.1645122413124376,0.2
2025-11-14 13:00:00,2.8550039618815988,1.0717886557529965,0.2
2025-11-14 14:00:00,1.891740649503634,1.1963058944997356,0.2
2025-11-14 15:00:00,2.25652870998243,1.6434534087813415,0.2
2025-11-14 16:00:00,1.4283768006794701,2.218674665699198,0.35
2025-11-14 17:00:00,0.8063970720324503,3.086581355274588,0.35
2025-11-14 18:00:00,4.3682750537287226e-16,3.6557560745759132,0.35
2025-11-14 19:00:00,0.0,4.110993433003924,0.35
2025-11-14 20:00:00,0.0,3.916200009078222,0.35
2025-11-14 21:00:00,0.0,2.694848772154622,0.35
2025-11-14 22:00:00,0.0,1.9102740313313884,0.2
2025-11-14 23:00:00,0.0,1.4092131823125336,0.2
2025-11-15 00:00:00,0.0,1.1799210792681754,0.1
2025-11-15 01:00:00,0.0,1.1830717590819515,0.1
2025-11-15 02:00:00,0.0,0.9544981030162186,0.1
2025-11-15 03:00:00,0.0,0.7060099494030416,0.1
2025-11-15 04:00:00,0.0,1.1063677904301246,0.1
2025-11-15 05:00:00,0.0,1.0870073390762371,0.1
2025-11-15 06:00:00,0.0,1.524237342093806,0.1
2025-11-15 07:00:00,0.4982634731168328,2.3487005393768126,0.2
2025-11-15 08:00:00,1.3631926924402866,3.065277011442663,0.2
2025-11-15 09:00:00,1.7718468565925392,2.873693457979694,0.2
2025-11-15 10:00:00,2.342025797921189,1.8301236801538026,0.2
2025-11-15 11:00:00,2.29326181832913,1.3139530852861259,0.2
2025-11-15 12:00:00,2.189942316971514,1.3002724626992344,0.2
2025-11-15 13:00:00,3.067766286506591,0.7321678480769618,0.2
2025-11-15 14:00:00,2.4662226656369595,1.2365170104460816,0.2
2025-11-15 15:00:00,1.5956367796743847,1.4037252217843008,0.2
2025-11-15 16:00:00,1.2405686842068886,2.0871702255137565,0.35
2025-11-15 17:00:00,0.7746381312766535,2.722895227917096,0.35
2025-11-15 18:00:00,2.4689399366763476e-16,3.4839032501152163,0.35
2025-11-15 19:00:00,0.0,4.028101780861322,0.35
2025-11-15 20:00:00,0.0,3.9773289724207044,0.35
2025-11-15 21:00:00,0.0,2.991774000046193,0.35
2025-11-15 22:00:00,0.0,1.872418848039031,0.2
2025-11-15 23:00:00,0.0,1.137811442513582,0.2
2025-11-16 00:00:00,0.0,0.6635878749327369,0.1
2025-11-16 01:00:00,0.0,1.2632572193083234,0.1
2025-11-16 02:00:00,0.0,0.8096544676286401,0.1
2025-11-16 03:00:00,0.0,0.9426291576799963,0.1
2025-11-16 04:00:00,0.0,1.3213732267864464,0.1
2025-11-16 05:00:00,0.0,0.9478902754461189,0.1
2025-11-16 06:00:00,0.0,2.1206774849168624,0.1
2025-11-16 07:00:00,0.7273475323357548,2.5507467607450556,0.2
2025-11-16 08:00:00,1.2713491680780236,2.7702841468258033,0.2
2025-11-16 09:00:00,1.6918885053007247,2.55201580036335,0.2
2025-11-16 10:00:00,2.664812178225407,1.6778254206262582,0.2
2025-11-16 11:00:00,3.062671890292077,1.359840914138076,0.2
2025-11-16 12:00:00,3.5044268837374832,0.9340669881460937,0.2
2025-11-16 13:00:00,2.4285951977477804,0.658730387709864,0.2
2025-11-16 14:00:00,2.870772407997595,1.0883692192442296,0.2
2025-11-16 15:00:00,2.067938535858061,1.1347341681907575,0.2
2025-11-16 16:00:00,1.7633289897962328,2.0148227105450074,0.35
2025-11-16 17:00:00,0.7406566298979443,2.5821659431411947,0.35
2025-11-16 18:00:00,3.4811877140555647e-16,3.5498881475660955,0.35
2025-11-16 19:00:00,0.0,4.036517560847068,0.35
2025-11-16 20:00:00,0.0,3.604998962746958,0.35
2025-11-16 21:00:00,0.0,2.8696780357381093,0.35
2025-11-16 22:00:00,0.0,2.1100148352186006,0.2
2025-11-16 23:00:00,0.0,1.1744191097635768,0.2
2025-11-17 00:00:00,0.0,0.9871218235473525,0.1
2025-11-17 01:00:00,0.0,0.5,0.1
2025-11-17 02:00:00,0.0,1.0501375855923105,0.1
2025-11-17 03:00:00,0.0,0.9475690142040152,0.1
2025-11-17 04:00:00,0.0,0.8604410488753369,0.1
2025-11-17 05:00:00,0.0,1.3338144510012222,0.1
2025-11-17 06:00:00,0.0,2.056764098458864,0.1
2025-11-17 07:00:00,0.6335168912818518,2.5062713020037672,0.2
2025-11-17 08:00:00,1.2187624975204194,2.8110379118252067,0.2
2025-11-17 09:00:00,2.425042633184628,2.634491038280875,0.2
2025-11-17 10:00:00,1.7329916778452192,1.5552234435772816,0.2
2025-11-17 11:00:00,3.390651859128237,1.139600680249825,0.2
2025-11-17 12:00:00,2.345010143142614,1.3081739072537497,0.2
2025-11-17 13:00:00,2.8713209898228804,1.0534946758561303,0.2
2025-11-17 14:00:00,3.12867915645345,0.7565883333367941,0.2
2025-11-17 15:00:00,2.214292621884334,1.046644849192185,0.2
2025-11-17 16:00:00,1.319707715953858,2.0063758722766982,0.35
2025-11-17 17:00:00,0.815998894111185,2.9920701247813972,0.35
2025-11-17 18:00:00,3.071354103663451e-16,3.3239664164752827,0.35
2025-11-17 19:00:00,0.0,4.089942521503502,0.35
2025-11-17 20:00:00,0.0,3.913559409251756,0.35
2025-11-17 21:00:00,0.0,3.1971637767296284,0.35
2025-11-17 22:00:00,0.0,2.0402019540470246,0.2
2025-11-17 23:00:00,0.0,1.507366368620333,0.2
2025-11-18 00:00:00,0.0,0.5733644461466652,0.1
2025-11-18 01:00:00,0.0,1.4199878385374247,0.1
2025-11-18 02:00:00,0.0,0.8855728826365814,0.1
2025-11-18 03:00:00,0.0,0.8210376085939753,0.1
2025-11-18 04:00:00,0.0,1.0060897746830062,0.1
2025-11-18 05:00:00,0.0,1.5730052493790037,0.1
2025-11-18 06:00:00,0.0,2.2638337925305603,0.1
2025-11-18 07:00:00,0.6576967848674788,2.6265565874187247,0.2
2025-11-18 08:00:00,1.150016741197276,3.199617644394282,0.2
2025-11-18 09:00:00,1.902721381836607,2.6101267955302334,0.2
2025-11-18 10:00:00,1.7267029168595391,1.614785682302917,0.2
2025-11-18 11:00:00,3.5094361144150725,1.567025688514591,0.2
2025-11-18 12:00:00,2.274347846373574,0.9392679788523715,0.2
2025-11-18 13:00:00,3.452283452551439,1.3481649845680492,0.2
2025-11-18 14:00:00,2.2959232276630317,1.3921899920798442,0.2
2025-11-18 15:00:00,2.6103570685133923,1.5288504314395068,0.2
2025-11-18 16:00:00,1.4446980305469,2.3397536849982137,0.35
2025-11-18 17:00:00,0.9291389336723699,3.2660612162350073,0.35
2025-11-18 18:00:00,2.2891141134822043e-16,3.6124420356076503,0.35
2025-11-18 19:00:00,0.0,3.8382411763209148,0.35
2025-11-18 20:00:00,0.0,3.274636740302517,0.35
2025-11-18 21:00:00,0.0,3.268528430223952,0.35
2025-11-18 22:00:00,0.0,1.8860210002913593,0.2
2025-11-18 23:00:00,0.0,1.633013221130186,0.2
2025-11-19 00:00:00,0.0,0.8517502581703973,0.1
2025-11-19 01:00:00,0.0,1.307690457120634,0.1
2025-11-19 02:00:00,0.0,0.860647406892723,0.1
2025-11-19 03:00:00,0.0,0.769388013555515,0.1
2025-11-19 04:00:00,0.0,1.0154297153801812,0.1
2025-11-19 05:00:00,0.0,1.1643154263495898,0.1
2025-11-19 06:00:00,0.0,1.9414845401140932,0.1
2025-11-19 07:00:00,0.7834300024294966,2.591195866085051,0.2
2025-11-19 08:00:00,1.7735507727878819,3.125541288783935,0.2
2025-11-19 09:00:00,1.583354207721112,2.543281691176074,0.2
2025-11-19 10:00:00,2.6718241079048095,1.6893233027027927,0.2
2025-11-19 11:00:00,1.9303484817059855,1.154964844777718,0.2
2025-11-19 12:00:00,2.9711863888017906,1.4726812345298546,0.2
2025-11-19 13:00:00,2.0828745665070723,1.0860930163390599,0.2
2025-11-19 14:00:00,2.7852268242534373,0.7357292842354184,0.2
2025-11-19 15:00:00,1.7046347450411545,1.302001375957249,0.2
2025-11-19 16:00:00,1.3555708499400267,1.9933319402425183,0.35
2025-11-19 17:00:00,0.7669259800123028,3.1886719458479353,0.35
2025-11-19 18:00:00,2.6574247202897974e-16,3.8532304513784927,0.35
2025-11-19 19:00:00,0.0,3.815656432707818,0.35
2025-11-19 20:00:00,0.0,4.131161858468302,0.35
2025-11-19 21:00:00,0.0,2.813359906177605,0.35
2025-11-19 22:00:00,0.0,2.223223364290038,0.2
2025-11-19 23:00:00,0.0,1.1750041502298574,0.2
2025-11-20 00:00:00,0.0,0.5203687126221144,0.1
2025-11-20 01:00:00,0.0,0.7183510308645548,0.1
2025-11-20 02:00:00,0.0,0.5,0.1
2025-11-20 03:00:00,0.0,1.4301497057295653,0.1
2025-11-20 04:00:00,0.0,1.1000375853482145,0.1
2025-11-20 05:00:00,0.0,1.0857417628523112,0.1
2025-11-20 06:00:00,0.0,1.9127493890178748,0.1
2025-11-20 07:00:00,0.5717038868578903,2.639341658759589,0.2
2025-11-20 08:00:00,1.4897575408771613,3.1241874889963492,0.2
2025-11-20 09:00:00,1.4199880426729699,2.8433922660203863,0.2
2025-11-20 10:00:00,2.2248919973477936,1.7643605463015506,0.2
2025-11-20 11:00:00,3.0553869106783047,1.0957090931367355,0.2
2025-11-20 12:00:00,3.0636608198556328,1.2292485177980328,0.2
2025-11-20 13:00:00,2.897347925728005,1.2015253854705659,0.2
2025-11-20 14:00:00,2.050620788084634,1.1526288877502964,0.2
2025-11-20 15:00:00,1.7989769363377237,1.8415540163842197,0.2
2025-11-20 16:00:00,1.0181407595511105,1.8863943091750128,1.2903007866910956
2025-11-20 17:00:00,0.8214126472691264,2.639620415270806,0.35
2025-11-20 18:00:00,3.4002440437389066e-16,3.731108993701833,0.35
2025-11-20 19:00:00,0.0,3.8650124286215015,0.35
2025-11-20 20:00:00,0.0,3.7465940125827912,0.35
2025-11-20 21:00:00,0.0,2.6529903279700124,0.35
2025-11-20 22:00:00,0.0,1.8939089454886722,0.2
2025-11-20 23:00:00,0.0,1.7841739337176712,0.2
2025-11-21 00:00:00,0.0,0.9188838603227583,0.1
2025-11-21 01:00:00,0.0,0.8402670201347677,0.1
2025-11-21 02:00:00,0.0,1.2348066829971058,0.1
2025-11-21 03:00:00,0.0,0.7975234502216448,0.1
2025-11-21 04:00:00,0.0,0.9185423555415175,0.1
2025-11-21 05:00:00,0.0,1.3859827906437163,0.1
2025-11-21 06:00:00,0.0,2.009906867796509,0.1
2025-11-21 07:00:00,0.48242045867076205,2.8455701297397704,0.2
2025-11-21 08:00:00,1.7891611736639526,2.850556443429454,0.2
2025-11-21 09:00:00,1.9375745924973824,2.7206877203903566,0.2
2025-11-21 10:00:00,2.138344188306546,1.7291231369977178,0.2
2025-11-21 11:00:00,3.419903186002897,1.1505458276548064,0.2
2025-11-21 12:00:00,1.8848700510921506,1.3043360313821064,0.2
2025-11-21 13:00:00,2.8106580513190624,0.9311479507217555,0.2
2025-11-21 14:00:00,2.4681911655903837,1.1881226453302234,0.2
2025-11-21 15:00:00,1.586421200804201,1.437159072494193,0.2
2025-11-21 16:00:00,1.3145698975530447,1.7598078584796426,0.35
2025-11-21 17:00:00,0.7868488876306005,3.0128105806691234,0.35
2025-11-21 18:00:00,3.891811913519465e-16,3.7595468869363033,0.35
2025-11-21 19:00:00,0.0,3.602741877630117,0.35
2025-11-21 20:00:00,0.0,3.7029749300012806,0.35
2025-11-21 21:00:00,0.0,2.664997292304576,0.35
2025-11-21 22:00:00,0.0,2.1933724633575746,0.2
2025-11-21 23:00:00,0.0,1.1169258823536863,0.2
2025-11-22 00:00:00,0.0,0.9287059379463851,0.1
2025-11-22 01:00:00,0.0,1.07244223913592,0.1
2025-11-22 02:00:00,0.0,1.0115389840841806,0.1
2025-11-22 03:00:00,0.0,1.160323491621778,0.1
2025-11-22 04:00:00,0.0,0.7534466043690733,0.1
2025-11-22 05:00:00,0.0,1.601053433915393,0.1
2025-11-22 06:00:00,0.0,1.927253514779505,0.1
2025-11-22 07:00:00,0.8802951287001056,2.873418494123735,0.2
2025-11-22 08:00:00,1.1525982392201586,3.1748488437201994,0.2
2025-11-22 09:00:00,1.3239189642388554,2.599163962902124,0.2
2025-11-22 10:00:00,1.9425768294221444,1.5655051347243216,0.2
2025-11-22 11:00:00,1.8715820878450289,1.1589663181071928,0.2
2025-11-22 12:00:00,2.0235788766551432,1.3816061414961647,0.2
2025-11-22 13:00:00,2.5358685905469995,1.3181463862249492,0.2
2025-11-22 14:00:00,1.9534219830796393,1.0085617301052894,0.2
2025-11-22 15:00:00,1.9658838252459216,0.8423823214076294,0.2
2025-11-22 16:00:00,1.1494268266525973,1.9314207868863194,0.35
2025-11-22 17:00:00,0.9211012600133693,2.7620514319720364,0.35
2025-11-22 18:00:00,4.280654053610359e-16,3.597536185792436,0.35
2025-11-22 19:00:00,0.0,4.105707840370481,0.35
2025-11-22 20:00:00,0.0,3.8227332236181444,0.35
2025-11-22 21:00:00,0.0,3.0176518885578054,0.35
2025-11-22 22:00:00,0.0,2.0630992301021225,0.2
2025-11-22 23:00:00,0.0,1.0458517093253108,0.2
2025-11-23 00:00:00,0.0,0.9317613851336348,0.1
2025-11-23 01:00:00,0.0,1.460855285648065,0.1
2025-11-23 02:00:00,0.0,1.0755142722163014,0.1
2025-11-23 03:00:00,0.0,1.0812957539677568,0.1
2025-11-23 04:00:00,0.0,1.1290281895257028,0.1
2025-11-23 05:00:00,0.0,1.3537464910431154,0.1
2025-11-23 06:00:00,0.0,1.345602146804666,0.1
2025-11-23 07:00:00,0.6687847345527762,2.553569988141342,0.2
2025-11-23 08:00:00,1.1025419753162347,2.992422243514613,0.2
2025-11-23 09:00:00,2.425785506467769,2.857785065643815,0.2
2025-11-23 10:00:00,1.8337974359550293,1.831879355831013,0.2
2025-11-23 11:00:00,2.5704478532294597,0.9423746770365447,0.2
2025-11-23 12:00:00,2.935411749619321,1.1497113061579998,0.2
2025-11-23 13:00:00,2.987542074566875,0.8802939002451237,0.2
2025-11-23 14:00:00,2.1896737966845055,0.8891245979097439,0.2
2025-11-23 15:00:00,2.4161403020689187,1.239211369304749,0.2
2025-11-23 16:00:00,1.433538220367048,2.082459579680246,0.35
2025-11-23 17:00:00,0.681106576124588,3.0713442575498733,0.35
2025-11-23 18:00:00,2.389340421073263e-16,3.74407669723603,0.35
2025-11-23 19:00:00,0.0,4.1264046447276055,0.35
2025-11-23 20:00:00,0.0,3.7420997623214123,0.35
2025-11-23 21:00:00,0.0,2.839857414509994,0.35
2025-11-23 22:00:00,0.0,2.113343529067601,0.2
2025-11-23 23:00:00,0.0,0.9222507562959538,0.2
2025-11-24 00:00:00,0.0,1.0222190019332607,0.1
2025-11-24 01:00:00,0.0,0.7910523220137766,0.1
2025-11-24 02:00:00,0.0,1.2332514397646337,0.1
2025-11-24 03:00:00,0.0,0.9783007792356115,0.1
2025-11-24 04:00:00,0.0,1.0633206192244973,0.1
2025-11-24 05:00:00,0.0,0.9696561916911566,0.1
2025-11-24 06:00:00,0.0,2.025590760824421,0.1
2025-11-24 07:00:00,0.6703323341477638,2.7269404755783175,0.2
2025-11-24 08:00:00,1.2853270023561476,3.1113903863416517,0.2
2025-11-24 09:00:00,1.5868270105321949,2.438881415359368,0.2
2025-11-24 10:00:00,1.7935534974190706,1.6676168079189277,0.2
2025-11-24 11:00:00,2.1066308414667128,1.316396845246114,0.2
2025-11-24 12:00:00,1.9233254914144888,0.9247937928740391,0.2
2025-11-24 13:00:00,2.109169637725634,1.1280374224291405,0.2
2025-11-24 14:00:00,1.5928386347763939,0.7002992055726829,0.2
2025-11-24 15:00:00,2.0970319419376926,1.3085342673667466,0.2
2025-11-24 16:00:00,1.1995359983716598,2.3333094268326415,1.1015546163797867
2025-11-24 17:00:00,0.9307192353118601,2.9074891751970124,0.35
2025-11-24 18:00:00,2.664254882040623e-16,3.6808494411067114,0.35
2025-11-24 19:00:00,0.0,4.397045307138472,0.35
2025-11-24 20:00:00,0.0,3.1802999839935246,0.35
2025-11-24 21:00:00,0.0,2.656529756180279,0.35
2025-11-24 22:00:00,0.0,1.8937227677255715,0.2
2025-11-24 23:00:00,0.0,1.577676096310916,0.2
2025-11-25 00:00:00,0.0,1.1751326043179413,0.1
2025-11-25 01:00:00,0.0,0.8268359871417017,0.1
2025-11-25 02:00:00,0.0,1.2002617896843155,0.1
2025-11-25 03:00:00,0.0,0.9270688868146422,0.1
2025-11-25 04:00:00,0.0,1.2994589267007646,0.1
2025-11-25 05:00:00,0.0,1.0641420269175057,0.1
2025-11-25 06:00:00,0.0,1.7975622632086186,0.1
2025-11-25 07:00:00,0.4913402046427518,2.503441388448244,0.2
2025-11-25 08:00:00,0.9576267905104766,3.2112068841866934,0.2
2025-11-25 09:00:00,1.8723165610085826,2.4969297424798986,0.2
2025-11-25 10:00:00,2.4384987513766765,1.8138550711042025,0.2
2025-11-25 11:00:00,3.3133694686506647,1.3730392338895427,0.2
2025-11-25 12:00:00,2.0072197688302342,1.1727451715288733,0.2
2025-11-25 13:00:00,3.1989880087090254,1.218449351388307,0.2
2025-11-25 14:00:00,1.9041407180235712,1.1747066814949607,0.2
2025-11-25 15:00:00,1.791182689706729,1.322393395592099,0.2
2025-11-25 16:00:00,1.1961639411040808,1.904018984675593,0.35
2025-11-25 17:00:00,0.6584737686837088,2.824726472639382,0.35
2025-11-25 18:00:00,2.560128848012812e-16,3.6974092034153894,0.35
2025-11-25 19:00:00,0.0,3.970565670434514,0.35
2025-11-25 20:00:00,0.0,3.6513313919469215,0.35
2025-11-25 21:00:00,0.0,2.5161412070234794,0.35
2025-11-25 22:00:00,0.0,2.107428458965985,0.2
2025-11-25 23:00:00,0.0,1.442228307487724,0.2
2025-11-26 00:00:00,0.0,1.2003754143805117,0.1
2025-11-26 01:00:00,0.0,1.000069430419644,0.1
2025-11-26 02:00:00,0.0,0.6529914095514484,0.1
2025-11-26 03:00:00,0.0,0.9360426024176487,0.1
2025-11-26 04:00:00,0.0,1.0171450169472478,0.1
2025-11-26 05:00:00,0.0,1.419251227628637,0.1
2025-11-26 06:00:00,0.0,1.4081698741191717,0.1
2025-11-26 07:00:00,0.8455459479692454,2.6097107549133427,0.2
2025-11-26 08:00:00,0.9458978759865577,3.102735853032212,0.2
2025-11-26 09:00:00,2.55215844642422,2.4691884087368288,0.2
2025-11-26 10:00:00,1.7736070838031144,1.8372703788699232,0.2
2025-11-26 11:00:00,3.143256912918343,1.1462696525269638,0.2
2025-11-26 12:00:00,2.5270710474030817,0.9177788882795711,0.2
2025-11-26 13:00:00,2.611492138169036,0.9593748598674092,0.2
2025-11-26 14:00:00,2.9508826732501605,0.9903433276326252,0.2
2025-11-26 15:00:00,1.8101437524011714,1.5427668410353317,0.2
2025-11-26 16:00:00,1.39282503201436,1.8269683583802676,0.35
2025-11-26 17:00:00,0.4920496901751116,2.639010008188274,0.35
2025-11-26 18:00:00,2.2240387556149844e-16,4.0010764415684195,0.35
2025-11-26 19:00:00,0.0,4.1921480023690085,0.35
2025-11-26 20:00:00,0.0,3.275188035621972,0.35
2025-11-26 21:00:00,0.0,2.666638321167394,0.35
2025-11-26 22:00:00,0.0,2.0224499964195912,0.2
2025-11-26 23:00:00,0.0,1.4707568631561367,0.2
2025-11-27 00:00:00,0.0,0.7019027585249153,0.1
2025-11-27 01:00:00,0.0,1.2317504275026914,0.1
2025-11-27 02:00:00,0.0,1.165715809092131,0.1
2025-11-27 03:00:00,0.0,1.1041121666870515,0.1
2025-11-27 04:00:00,0.0,1.3284766997133555,0.1
2025-11-27 05:00:00,0.0,1.361128565056101,0.1
2025-11-27 06:00:00,0.0,1.9119407588722201,0.1
2025-11-27 07:00:00,0.8714237264937105,2.9130107058880044,0.2
2025-11-27 08:00:00,1.6012809197867643,3.2202447260190925,0.2
2025-11-27 09:00:00,1.49328752672642,2.4331844940108267,0.2
2025-11-27 10:00:00,2.850607494221615,1.948983812640937,0.2
2025-11-27 11:00:00,3.08772678318677,1.1388233813652164,0.2
2025-11-27 12:00:00,2.8849302910148498,1.1645243851137048,0.2
2025-11-27 13:00:00,2.3337082003201104,1.1363815312976355,0.2
2025-11-27 14:00:00,1.9754712954916551,0.8557882636348302,0.2
2025-11-27 15:00:00,1.4333119421218923,1.381674056385858,0.2
2025-11-27 16:00:00,1.3639009149878643,2.0270101384634236,0.35
2025-11-27 17:00:00,0.7413148792597787,2.732333971399028,0.35
2025-11-27 18:00:00,3.0077682535123964e-16,3.710432696678665,0.35
2025-11-27 19:00:00,0.0,4.161179555404415,0.35
2025-11-27 20:00:00,0.0,3.641372094907661,0.35
2025-11-27 21:00:00,0.0,2.8645118744795526,0.35
2025-11-27 22:00:00,0.0,2.250642217786244,0.2
2025-11-27 23:00:00,0.0,1.5006451663548832,0.2
2025-11-28 00:00:00,0.0,1.0401661896071888,0.1
2025-11-28 01:00:00,0.0,0.8084214530099547,0.1
2025-11-28 02:00:00,0.0,1.1348761275335755,0.1
2025-11-28 03:00:00,0.0,1.0737618301573713,0.1
2025-11-28 04:00:00,0.0,1.313878888311213,0.1
2025-11-28 05:00:00,0.0,1.2800462752025796,0.1
2025-11-28 06:00:00,0.0,1.4589712829950514,0.1
2025-11-28 07:00:00,0.49588529915395013,2.261450677757903,0.2
2025-11-28 08:00:00,1.4442810675485847,3.1471369626254977,0.2
2025-11-28 09:00:00,1.3469731933766493,2.487447266253502,0.2
2025-11-28 10:00:00,2.9553114756451384,1.9096983271286532,0.2
2025-11-28 11:00:00,2.66271963978046,1.294523483257404,0.2
2025-11-28 12:00:00,3.008094032436702,1.030325541384865,0.2
2025-11-28 13:00:00,3.1879585505736956,1.021786572776028,0.2
2025-11-28 14:00:00,1.7951064098095681,0.959403825116982,0.2
2025-11-28 15:00:00,1.3233484946590754,1.402887640868131,0.2
2025-11-28 16:00:00,1.6928315651121328,1.8570600471884635,0.35
2025-11-28 17:00:00,0.6132596150952955,2.7451407055727186,0.35
2025-11-28 18:00:00,2.49138655112071e-16,3.582760899258681,0.35
2025-11-28 19:00:00,0.0,3.9546613460244573,0.35
2025-11-28 20:00:00,0.0,3.8319253990552293,0.35
2025-11-28 21:00:00,0.0,2.7936338132969616,0.35
2025-11-28 22:00:00,0.0,2.1786978693930688,0.2
2025-11-28 23:00:00,0.0,1.7135768399751343,0.2
2025-11-29 00:00:00,0.0,1.170990261883524,0.1
2025-11-29 01:00:00,0.0,1.106931035951929,0.1
2025-11-29 02:00:00,0.0,1.0660373671525099,0.1
2025-11-29 03:00:00,0.0,1.1808035820889977,0.1
2025-11-29 04:00:00,0.0,1.075003149290179,0.1
2025-11-29 05:00:00,0.0,1.467584535733357,0.1
2025-11-29 06:00:00,0.0,1.9450457440797875,0.1
2025-11-29 07:00:00,0.5367075212224699,2.5295067593674783,0.2
2025-11-29 08:00:00,1.726997135831686,3.179170985894112,0.2
2025-11-29 09:00:00,2.233586024851674,2.6197819869886465,0.2
2025-11-29 10:00:00,2.695470646185665,1.8011183753840905,0.2
2025-11-29 11:00:00,2.96730203832601,1.1764371222771355,0.2
2025-11-29 12:00:00,2.1574175620404668,1.0968972444985639,0.2
2025-11-29 13:00:00,2.102424054257536,1.2403513529762695,0.2
2025-11-29 14:00:00,2.627897651582064,1.3102697272446349,0.2
2025-11-29 15:00:00,1.5501585576823156,1.4767219381398564,0.2
2025-11-29 16:00:00,1.292890367437071,2.09388746189235,0.35
2025-11-29 17:00:00,0.8289615192794381,3.073931367902371,0.35
2025-11-29 18:00:00,3.926667594832932e-16,3.6174974499663404,0.35
2025-11-29 19:00:00,0.0,3.77691599929816,0.35
2025-11-29 20:00:00,0.0,3.9077166781895265,0.35
2025-11-29 21:00:00,0.0,2.7136363287317566,0.35
2025-11-29 22:00:00,0.0,1.8358897774062684,0.2
2025-11-29 23:00:00,0.0,1.0467662986429276,0.2
2025-11-30 00:00:00,0.0,1.1142579423051533,0.1
2025-11-30 01:00:00,0.0,0.6757468040277826,0.1
2025-11-30 02:00:00,0.0,0.8506191637174583,0.1
2025-11-30 03:00:00,0.0,1.1253791991819955,0.1
2025-11-30 04:00:00,0.0,1.2015152520526056,0.1
2025-11-30 05:00:00,0.0,1.1403297368982706,0.1
2025-11-30 06:00:00,0.0,1.7953939176233695,0.1
2025-11-30 07:00:00,0.5125276944882856,2.426955946242325,0.2
2025-11-30 08:00:00,1.5421592468398027,2.8903214523113143,0.2
2025-11-30 09:00:00,2.1391244934100797,2.654729037823714,0.2
2025-11-30 10:00:00,1.7014018530820967,1.7220154411472621,0.2
2025-11-30 11:00:00,3.3295811866107057,1.222833946321799,0.2
2025-11-30 12:00:00,2.8121595203809586,0.7707521386001359,0.2
2025-11-30 13:00:00,2.3617497199522797,1.2676500628549001,0.2
2025-11-30 14:00:00,2.7274164266171166,1.2344950447602405,0.2
2025-11-30 15:00:00,1.594078315374396,1.5646242530155055,0.2
2025-11-30 16:00:00,1.5181715699391327,2.232043798670716,0.35
2025-11-30 17:00:00,0.48247196447715784,2.6545494344887164,0.35
2025-11-30 18:00:00,4.0387973064081904e-16,3.575811811594908,0.35
2025-11-30 19:00:00,0.0,3.6210331264877587,0.35
2025-11-30 20:00:00,0.0,4.27557528977426,0.35
2025-11-30 21:00:00,0.0,2.7896749160744254,0.35
2025-11-30 22:00:00,0.0,2.181702982058032,0.2
2025-11-30 23:00:00,0.0,1.1583736208427462,0.2
2025-12-01 00:00:00,0.0,1.199279016800896,0.1
2025-12-01 01:00:00,0.0,1.3715555042681602,0.1
2025-12-01 02:00:00,0.0,0.9886147754502094,0.1
2025-12-01 03:00:00,0.0,0.8055555409610634,0.1
2025-12-01 04:00:00,0.0,1.029371721381824,0.1
2025-12-01 05:00:00,0.0,0.825318261550472,0.1
2025-12-01 06:00:00,0.0,1.8146472428174822,0.1
2025-12-01 07:00:00,0.6530031988383511,2.765668279386155,0.2
2025-12-01 08:00:00,1.1001437877294344,2.992849280998848,0.2
2025-12-01 09:00:00,1.7784440014371377,2.5446580748553393,0.2
2025-12-01 10:00:00,2.8289652025893997,1.9278584001289603,0.2
2025-12-01 11:00:00,2.121078155367819,1.3924819237468433,0.2
2025-12-01 12:00:00,2.7268032184551463,0.7317123624226127,0.2
2025-12-01 13:00:00,3.120536680810154,1.0588234223494304,0.2
2025-12-01 14:00:00,2.096651105403801,1.6196787509718762,0.2
2025-12-01 15:00:00,2.0771033287456677,1.1390399295184603,0.2
2025-12-01 16:00:00,1.114048544681775,1.95687496718073,0.35
2025-12-01 17:00:00,0.5135487771949581,3.2079412340082003,0.35
2025-12-01 18:00:00,3.9307081344817284e-16,3.868325739509248,0.35
2025-12-01 19:00:00,0.0,3.897320663848989,0.35
2025-12-01 20:00:00,0.0,3.6887177836783325,0.35
2025-12-01 21:00:00,0.0,2.8191696431409357,0.35
2025-12-01 22:00:00,0.0,1.8243430412107158,0.2
2025-12-01 23:00:00,0.0,1.3911554282112215,0.2
2025-12-02 00:00:00,0.0,0.9440081051109882,0.1
2025-12-02 01:00:00,0.0,1.022587116553577,0.1
2025-12-02 02:00:00,0.0,0.850994289117599,0.33441526446012554
2025-12-02 03:00:00,0.0,0.7524082002300514,0.1
2025-12-02 04:00:00,0.0,1.0488748468924571,0.1
2025-12-02 05:00:00,0.0,1.6136942101776734,0.1
2025-12-02 06:00:00,0.0,1.83866516827441,0.1
2025-12-02 07:00:00,0.4763249636837065,2.5351560957372468,0.2
2025-12-02 08:00:00,1.6689067217339515,3.1508179708812505,0.2
2025-12-02 09:00:00,1.4369808901335612,2.569822063274057,0.2
2025-12-02 10:00:00,1.7424065313621724,2.1959513618983757,0.2
2025-12-02 11:00:00,2.0267717329903236,1.270894452497917,0.2
2025-12-02 12:00:00,3.4985643154092805,1.203792887555282,0.2
2025-12-02 13:00:00,2.918898237593333,0.8901379534150182,0.2
2025-12-02 14:00:00,2.784253042992132,1.23309957679336,0.2
2025-12-02 15:00:00,1.7638170684467094,1.461061874036816,0.2
2025-12-02 16:00:00,1.1924848892148663,1.9626575088155016,0.35
2025-12-02 17:00:00,0.570238418820263,2.7192404573639153,0.35
2025-12-02 18:00:00,3.236215694541352e-16,3.519884675070038,0.35
2025-12-02 19:00:00,0.0,4.056470532800132,0.35
2025-12-02 20:00:00,0.0,3.7732785296931066,0.35
2025-12-02 21:00:00,0.0,2.7941594198790742,0.35
2025-12-02 22:00:00,0.0,2.0314109878992075,0.2
2025-12-02 23:00:00,0.0,1.398422914083284,0.2
2025-12-03 00:00:00,0.0,1.0197065366533715,0.1
2025-12-03 01:00:00,0.0,0.959948332402782,0.1
2025-12-03 02:00:00,0.0,1.0042654411294674,0.1
2025-12-03 03:00:00,0.0,1.547339931642469,0.1
2025-12-03 04:00:00,0.0,1.1194578613324162,0.1
2025-12-03 05:00:00,0.0,1.399729958228126,0.1
2025-12-03 06:00:00,0.0,1.90982930408747,0.1
2025-12-03 07:00:00,0.6521691144405038,2.5489114868641436,0.2
2025-12-03 08:00:00,1.5429569654162012,3.2587986525318846,0.2
2025-12-03 09:00:00,2.1230746550448334,2.5432532317078644,0.2
2025-12-03 10:00:00,2.827560666576116,2.033355686695064,0.2
2025-12-03 11:00:00,2.150275487700057,1.2048355547436431,0.2
2025-12-03 12:00:00,2.8665085299474846,0.8716989710948411,0.2
2025-12-03 13:00:00,2.7269738778788835,1.1141380715409113,0.2
2025-12-03 14:00:00,2.1126260993106842,0.9115480549056061,0.2
2025-12-03 15:00:00,1.871436919645835,1.513171223651387,0.2
2025-12-03 16:00:00,1.1698977984720509,1.73512700252908,0.35
2025-12-03 17:00:00,0.5263295101261187,2.7557904035032887,0.35
2025-12-03 18:00:00,2.6473598784485796e-16,3.3611447688955645,0.35
2025-12-03 19:00:00,0.0,4.564833401884747,0.35
2025-12-03 20:00:00,0.0,3.316698795830549,0.35
2025-12-03 21:00:00,0.0,2.8215547272171815,0.35
2025-12-03 22:00:00,0.0,2.2026182569410517,0.2
2025-12-03 23:00:00,0.0,1.613283031427243,0.2
2025-12-04 00:00:00,0.0,1.1702697561069215,0.1
2025-12-04 01:00:00,0.0,0.9365916512939318,0.1
2025-12-04 02:00:00,0.0,1.2708887145232062,0.1
2025-12-04 03:00:00,0.0,1.1904100584394202,0.1
2025-12-04 04:00:00,0.0,1.0995909251030265,0.1
2025-12-04 05:00:00,0.0,1.3187867180872357,0.1
2025-12-04 06:00:00,0.0,1.7614400534987762,0.1
2025-12-04 07:00:00,0.876494182676556,2.419544446356948,0.2
2025-12-04 08:00:00,0.9624949674738774,3.247431004969294,0.2
2025-12-04 09:00:00,1.4969253443125867,2.863927584513439,0.2
2025-12-04 10:00:00,2.2177123476704286,1.6455229487005694,0.2
2025-12-04 11:00:00,2.7207639763578726,1.2409199213276945,0.2
2025-12-04 12:00:00,3.228158096093198,1.0350088316318635,0.2
2025-12-04 13:00:00,3.4135155059622853,1.0345276491456108,0.2
2025-12-04 14:00:00,2.1378188753281573,1.1453407018435438,0.2
2025-12-04 15:00:00,1.3164019577646746,1.5954154709773012,0.2
2025-12-04 16:00:00,1.6006984929923838,1.8245152720499944,0.35
2025-12-04 17:00:00,0.7380539844405425,2.6503226112953273,0.35
2025-12-04 18:00:00,2.608848651122305e-16,3.8948146566291078,0.35
2025-12-04 19:00:00,0.0,3.9074710516279416,0.35
2025-12-04 20:00:00,0.0,3.3948836370383986,0.35
2025-12-04 21:00:00,0.0,2.7225659907179267,0.35
2025-12-04 22:00:00,0.0,1.907946855026249,0.2
2025-12-04 23:00:00,0.0,1.716998395254991,0.2
2025-12-05 00:00:00,0.0,1.1849665741476414,0.1
2025-12-05 01:00:00,0.0,1.2295414522646755,0.1
2025-12-05 02:00:00,0.0,1.164665653725163,0.1
2025-12-05 03:00:00,0.0,1.1969805746020465,0.1
2025-12-05 04:00:00,0.0,0.9195145762548675,0.1
2025-12-05 05:00:00,0.0,1.2309501354712205,0.1
2025-12-05 06:00:00,0.0,1.624241520417141,0.1
2025-12-05 07:00:00,0.7024340356635205,2.559377245416149,0.2
2025-12-05 08:00:00,1.1442489144433157,3.1368218080604993,0.2
2025-12-05 09:00:00,2.04336446286765,2.628402642755582,0.2
2025-12-05 10:00:00,1.7175668577095824,2.0846409406986126,0.2
2025-12-05 11:00:00,2.8359029205256427,1.043393795911489,0.2
2025-12-05 12:00:00,2.2766279227898245,1.1637411450632973,0.2
2025-12-05 13:00:00,1.7140137804115938,0.7913982695198091,0.2
2025-12-05 14:00:00,1.7313901620201226,1.1513170199607559,0.2
2025-12-05 15:00:00,2.425605297052405,1.5541098631593608,0.2
2025-12-05 16:00:00,1.656387132829814,1.9310582203824993,0.35
2025-12-05 17:00:00,0.5664203003059949,2.9298173304152506,0.35
2025-12-05 18:00:00,3.863656240808085e-16,3.455544241233926,0.35
2025-12-05 19:00:00,0.0,3.6672620043649244,0.35
2025-12-05 20:00:00,0.0,3.7588966322513726,0.35
2025-12-05 21:00:00,0.0,3.168394025953047,0.35
2025-12-05 22:00:00,0.0,1.7747484140410708,0.2
2025-12-05 23:00:00,0.0,1.6504446857311972,0.2
2025-12-06 00:00:00,0.0,1.0086860134355762,0.1
2025-12-06 01:00:00,0.0,0.7328990245996116,0.1
2025-12-06 02:00:00,0.0,0.7743698649853732,0.1
2025-12-06 03:00:00,0.0,1.0108887949511136,0.1
2025-12-06 04:00:00,0.0,0.9762385439861104,0.1
2025-12-06 05:00:00,0.0,1.0080879711902695,0.1
2025-12-06 06:00:00,0.0,1.4834167267767695,0.1
2025-12-06 07:00:00,0.6297387437466578,2.4321309859382545,0.2
2025-12-06 08:00:00,1.7274720940679635,3.0387626115397746,0.2
2025-12-06 09:00:00,1.280026308805033,2.6002058352725053,0.2
2025-12-06 10:00:00,1.9994615856481892,1.7220971854065381,0.2
2025-12-06 11:00:00,3.2861219321552158,1.3120543932152293,0.2
2025-12-06 12:00:00,2.339259563676716,1.2716988188961869,0.2
2025-12-06 13:00:00,2.1420648921250285,1.1198841319805024,0.2
2025-12-06 14:00:00,2.352963604781274,1.1082199918481113,0.2
2025-12-06 15:00:00,2.2838072760915926,1.591657579980203,0.2
2025-12-06 16:00:00,0.9767875611721026,1.7819886733040842,0.35
2025-12-06 17:00:00,0.890574964262136,2.7746081016867894,0.35
2025-12-06 18:00:00,3.893048010807887e-16,3.607273121080439,0.35
2025-12-06 19:00:00,0.0,3.752609348315632,0.35
2025-12-06 20:00:00,0.0,3.5635158752969405,0.35
2025-12-06 21:00:00,0.0,2.40460004295884,0.35
2025-12-06 22:00:00,0.0,2.35639301160764,0.2
2025-12-06 23:00:00,0.0,1.2185230920225754,0.2
2025-12-07 00:00:00,0.0,1.3172241579565565,0.1
2025-12-07 01:00:00,0.0,1.0076542300821254,0.1
2025-12-07 02:00:00,0.0,1.1136437516869975,0.1
2025-12-07 03:00:00,0.0,0.9099718806087973,0.1
2025-12-07 04:00:00,0.0,1.0987169399632661,0.1
2025-12-07 05:00:00,0.0,1.4007684945396046,0.1
2025-12-07 06:00:00,0.0,1.955135065900687,0.1
2025-12-07 07:00:00,0.7712856573521087,2.756429529538427,0.2
2025-12-07 08:00:00,1.269607862370251,2.9263342678657156,0.2
2025-12-07 09:00:00,1.4936824570945182,2.5054140512948617,0.2
2025-12-07 10:00:00,2.7805762231221287,1.503509511853033,0.2
2025-12-07 11:00:00,3.078321707211383,1.3763207565923201,0.2
2025-12-07 12:00:00,2.6279286366824466,1.2801692171883379,0.2
2025-12-07 13:00:00,2.217428100580108,1.3642551658772586,0.2
2025-12-07 14:00:00,2.5081264628901696,1.1935162530421288,0.2
2025-12-07 15:00:00,1.6103952355810487,1.2527472240663513,0.2
2025-12-07 16:00:00,1.0926261201566825,1.6345395050894522,0.35
2025-12-07 17:00:00,0.7918662415712738,3.0279253562145296,0.35
2025-12-07 18:00:00,2.252476682242619e-16,3.288235394845006,0.35
2025-12-07 19:00:00,0.0,3.9318791844554477,0.35
2025-12-07 20:00:00,0.0,3.602629342165083,0.35
2025-12-07 21:00:00,0.0,2.8057009515676965,0.35
2025-12-07 22:00:00,0.0,1.9811179220822173,0.2
2025-12-07 23:00:00,0.0,1.4336353609833532,0.2
2025-12-08 00:00:00,0.0,0.516928679256588,0.1
2025-12-08 01:00:00,0.0,1.0029685109122524,0.1
2025-12-08 02:00:00,0.0,0.5547558104334303,0.1
2025-12-08 03:00:00,0.0,1.1541754548971825,0.1
2025-12-08 04:00:00,0.0,0.9461059704102088,0.1
2025-12-08 05:00:00,0.0,0.8392632214972473,0.1
2025-12-08 06:00:00,0.0,1.6593836475447754,0.1
2025-12-08 07:00:00,0.6373579452981367,2.487459783686625,0.2
2025-12-08 08:00:00,1.1783384598491353,3.2381407333845518,0.2
2025-12-08 09:00:00,1.5069884043663058,2.6408135341431818,0.2
2025-12-08 10:00:00,2.106356153979026,1.8912337657766698,0.2
2025-12-08 11:00:00,2.245129770178255,1.5079212812010532,0.2
2025-12-08 12:00:00,2.960927455560616,1.0444646173387513,0.2
2025-12-08 13:00:00,2.198917689066872,1.1918964221001533,0.2
2025-12-08 14:00:00,2.4112005008873134,1.2692539489124257,0.2
2025-12-08 15:00:00,1.3304981253399255,1.1487492799341827,0.2
2025-12-08 16:00:00,1.0514852576423745,2.2685554492733093,0.35
2025-12-08 17:00:00,0.6430302426144748,2.5355316535837207,0.35
2025-12-08 18:00:00,4.18740617776705e-16,3.8309640380960825,0.35
2025-12-08 19:00:00,0.0,3.6965853926230743,0.35
2025-12-08 20:00:00,0.0,3.7677380653841466,0.35
2025-12-08 21:00:00,0.0,3.191974954767935,0.35
2025-12-08 22:00:00,0.0,1.931361670765007,0.2
2025-12-08 23:00:00,0.0,1.3547347211392087,0.2
2025-12-09 00:00:00,0.0,1.122089331535664,0.1
2025-12-09 01:00:00,0.0,0.9341580377457184,0.1
2025-12-09 02:00:00,0.0,1.36432666600437,0.1
2025-12-09 03:00:00,0.0,1.0461702901707228,0.1
2025-12-09 04:00:00,0.0,0.9930970999267861,0.1
2025-12-09 05:00:00,0.0,1.1626134609627807,0.1
2025-12-09 06:00:00,0.0,1.6356348889872465,0.1
2025-12-09 07:00:00,0.687359714870055,2.475923854172058,0.2
2025-12-09 08:00:00,1.377482545369976,2.9298661311418317,0.2
2025-12-09 09:00:00,1.637101575883705,2.5039581710934167,0.2
2025-12-09 10:00:00,1.9771572020572878,1.690709722079133,0.2
2025-12-09 11:00:00,2.9515308609776274,1.6914452004274207,0.2
2025-12-09 12:00:00,3.298696592002832,0.8576744596257513,0.2
2025-12-09 13:00:00,2.03065520772751,1.0703853474229077,0.2
2025-12-09 14:00:00,1.6756621039535347,1.2509859280782019,0.2
2025-12-09 15:00:00,2.365586208996657,1.5320647777648118,0.2
2025-12-09 16:00:00,1.1898012944531144,1.9622373185908488,0.35
2025-12-09 17:00:00,0.7077847262843447,2.7714514952283977,0.35
2025-12-09 18:00:00,2.935000238481945e-16,3.737800206448414,0.35
2025-12-09 19:00:00,0.0,4.0533043299998415,0.35
2025-12-09 20:00:00,0.0,3.5956989408003093,0.35
2025-12-09 21:00:00,0.0,2.5072162647930143,0.35
2025-12-09 22:00:00,0.0,1.8803726576083997,0.2
2025-12-09 23:00:00,0.0,1.1766958169683464,0.2
2025-12-10 00:00:00,0.0,0.8665694216590287,0.1
2025-12-10 01:00:00,0.0,1.0066819766416188,0.1
2025-12-10 02:00:00,0.0,1.072418154055129,0.1
2025-12-10 03:00:00,0.0,1.363822390537465,0.1
2025-12-10 04:00:00,0.0,0.9496497257901684,0.1
2025-12-10 05:00:00,0.0,1.4255956935969474,0.1
2025-12-10 06:00:00,0.0,1.883416587909418,0.1
2025-12-10 07:00:00,0.5252213646921354,2.8606743856515138,0.2
2025-12-10 08:00:00,1.505413270120637,3.115246553792676,0.2
2025-12-10 09:00:00,2.0881043897979454,2.3997897003358695,0.2
2025-12-10 10:00:00,1.5619143707827963,1.4777355710483073,0.2
2025-12-10 11:00:00,2.400747467389656,1.3339292942904337,0.2
2025-12-10 12:00:00,2.3467107449161464,0.9580032753435712,0.2
2025-12-10 13:00:00,2.83891865189179,0.8449960807035533,0.2
2025-12-10 14:00:00,1.8542074927002041,0.8789661852194118,0.2
2025-12-10 15:00:00,1.9804589349089718,1.4382382781654963,0.2
2025-12-10 16:00:00,1.6841367478112947,2.275500273610016,0.35
2025-12-10 17:00:00,0.8191884154608394,2.737857540456651,0.35
2025-12-10 18:00:00,4.142736496831962e-16,3.7655447704155773,0.35
2025-12-10 19:00:00,0.0,3.9795467299606826,0.35
2025-12-10 20:00:00,0.0,3.3896142899331334,0.35
2025-12-10 21:00:00,0.0,2.966554247839984,0.35
2025-12-10 22:00:00,0.0,1.755018993269575,0.2
2025-12-10 23:00:00,0.0,1.4103311758285508,0.2
2025-12-11 00:00:00,0.0,0.9316972486712329,0.1
2025-12-11 01:00:00,0.0,1.1786528158513654,0.1
2025-12-11 02:00:00,0.0,0.7890407267616684,0.1
2025-12-11 03:00:00,0.0,1.0859058218393756,0.1
2025-12-11 04:00:00,0.0,0.889171520101191,0.1
2025-12-11 05:00:00,0.0,1.1684495240761603,0.1
2025-12-11 06:00:00,0.0,1.09518453751383,0.1
2025-12-11 07:00:00,0.46513792190127645,3.0198945658471374,0.2
2025-12-11 08:00:00,1.5974825265523587,3.110112196438797,0.2
2025-12-11 09:00:00,1.2607862700904515,2.4480164886055,0.2
2025-12-11 10:00:00,2.523623922739794,1.597413639239955,0.2
2025-12-11 11:00:00,2.3187112003358856,1.1725472037810647,0.2
2025-12-11 12:00:00,2.83380049605432,1.2070693818875395,0.2
2025-12-11 13:00:00,2.880832564867987,0.6626418447766875,0.2
2025-12-11 14:00:00,2.044453601615614,1.1041648422671597,0.2
2025-12-11 15:00:00,1.377686468059392,1.7601715531406,0.2
2025-12-11 16:00:00,0.9404817475875811,1.7471694665537822,0.35
2025-12-11 17:00:00,0.7231743116279434,2.8356690173505905,0.35
2025-12-11 18:00:00,3.2747789968362214e-16,4.088152671252065,0.35
2025-12-11 19:00:00,0.0,4.126430325942356,0.35
2025-12-11 20:00:00,0.0,3.672675471850903,0.35
2025-12-11 21:00:00,0.0,2.920919270119701,0.35
2025-12-11 22:00:00,0.0,1.8937843350731087,0.2
2025-12-11 23:00:00,0.0,1.665932106770526,0.2
2025-12-12 00:00:00,0.0,0.9201353270922517,0.1
2025-12-12 01:00:00,0.0,0.6082010071910315,0.1
2025-12-12 02:00:00,0.0,0.9224103044677137,0.1
2025-12-12 03:00:00,0.0,0.8143849343036429,0.1
2025-12-12 04:00:00,0.0,1.0008921991314454,0.1
2025-12-12 05:00:00,0.0,1.2188537547257912,0.1
2025-12-12 06:00:00,0.0,2.061709222982832,0.1
2025-12-12 07:00:00,0.4628229063298689,2.7405333968564327,0.2
2025-12-12 08:00:00,0.9437771657920915,3.0526539073886303,0.2
2025-12-12 09:00:00,1.8761333314524191,2.6008969035266136,0.2
2025-12-12 10:00:00,2.9961397147043387,1.6105731751349548,0.2
2025-12-12 11:00:00,2.873050755821698,0.8354419068237973,0.2
2025-12-12 12:00:00,1.881240404576619,1.086325477202206,0.2
2025-12-12 13:00:00,2.0181165283657894,1.1999870706084046,0.2
2025-12-12 14:00:00,2.694742312210351,1.1108149494771096,0.2
2025-12-12 15:00:00,2.2873431940473723,1.2990723140907252,0.2
2025-12-12 16:00:00,1.4208732868791443,2.0668591667901857,0.35
2025-12-12 17:00:00,0.7476505047079702,2.80292556947299,0.35
2025-12-12 18:00:00,2.2122556710925985e-16,3.984639546595305,0.35
2025-12-12 19:00:00,0.0,4.246545668417858,0.35
2025-12-12 20:00:00,0.0,3.839392319158478,0.35
2025-12-12 21:00:00,0.0,2.9711388019798814,0.35
2025-12-12 22:00:00,0.0,1.7159239191847577,0.2
2025-12-12 23:00:00,0.0,1.538604590120358,0.2
2025-12-13 00:00:00,0.0,1.075266523201609,0.1
2025-12-13 01:00:00,0.0,1.1213222746164595,0.1
2025-12-13 02:00:00,0.0,1.0991928226184162,0.1
2025-12-13 03:00:00,0.0,1.0982843578485968,0.1
2025-12-13 04:00:00,0.0,1.5973042954808503,0.1
2025-12-13 05:00:00,0.0,1.2554334325515335,0.1
2025-12-13 06:00:00,0.0,2.009492059187717,0.1
2025-12-13 07:00:00,0.5771941184674184,2.507276889470755,0.2
2025-12-13 08:00:00,0.9031267798577216,3.1581291266510854,0.2
2025-12-13 09:00:00,1.9919519197813513,2.7893499638396237,0.2
2025-12-13 10:00:00,2.121426429747824,1.8952299923336233,0.2
2025-12-13 11:00:00,2.201580771526578,1.6055263428322328,0.2
2025-12-13 12:00:00,3.276588623598889,0.8868382676515657,0.2
2025-12-13 13:00:00,2.9611757342800695,0.9436146415600283,0.2
2025-12-13 14:00:00,2.8236629291496493,1.1749577433307252,0.2
2025-12-13 15:00:00,1.8552930273766761,1.5822045493449095,0.2
2025-12-13 16:00:00,0.9924246105739113,2.0098446380063297,0.35
2025-12-13 17:00:00,0.7704954769311739,3.0767438168999726,0.35
2025-12-13 18:00:00,2.5922449877577103e-16,3.515152734007249,0.35
2025-12-13 19:00:00,0.0,3.77188430210649,0.35
2025-12-13 20:00:00,0.0,3.7091163750611127,0.35
2025-12-13 21:00:00,0.0,2.8041559239151614,0.35
2025-12-13 22:00:00,0.0,2.082530146146693,0.2
2025-12-13 23:00:00,0.0,1.4005253915365372,0.2
2025-12-14 00:00:00,0.0,0.9319973735476026,0.1
2025-12-14 01:00:00,0.0,0.9850498145934823,0.1
2025-12-14 02:00:00,0.0,1.0064407042144428,0.1
2025-12-14 03:00:00,0.0,0.9467355803093176,0.1
2025-12-14 04:00:00,0.0,1.0165045923062457,0.1
2025-12-14 05:00:00,0.0,1.1899518991445353,0.1
2025-12-14 06:00:00,0.0,1.993557606995732,0.1
2025-12-14 07:00:00,0.6637849572461997,2.6402790524247157,0.2
2025-12-14 08:00:00,1.7019077232483244,3.451351304307304,0.2
2025-12-14 09:00:00,1.8431499616201137,2.633626896048825,0.2
2025-12-14 10:00:00,2.2213144797004234,1.7121732828408214,0.2
2025-12-14 11:00:00,3.0237620120508257,1.8058120293295459,0.2
2025-12-14 12:00:00,3.194448002661775,1.1464187504665164,0.2
2025-12-14 13:00:00,2.633174178161034,1.239083787272236,0.2
2025-12-14 14:00:00,1.791786841951481,1.2509023227665257,0.2
2025-12-14 15:00:00,1.8200681549090192,1.530645384507615,0.2
2025-12-14 16:00:00,1.7256758535333485,2.0810895440178383,0.35
2025-12-14 17:00:00,0.7956514350521571,2.5991750966426466,0.35
2025-12-14 18:00:00,3.8897027913390526e-16,3.7209965177127953,0.35
2025-12-14 19:00:00,0.0,3.735027739234153,0.35
2025-12-14 20:00:00,0.0,3.612618140471305,0.35
2025-12-14 21:00:00,0.0,2.674468487825243,0.35
2025-12-14 22:00:00,0.0,2.0454514392447942,0.2
2025-12-14 23:00:00,0.0,1.472831099177485,0.2
2025-12-15 00:00:00,0.0,1.0962305098253313,0.1
2025-12-15 01:00:00,0.0,1.0574966434880444,0.1
2025-12-15 02:00:00,0.0,0.8793058568985259,0.1
2025-12-15 03:00:00,0.0,0.9555311424086478,0.1
2025-12-15 04:00:00,0.0,1.2412102338218283,0.1
2025-12-15 05:00:00,0.0,1.4842419020007973,0.1
2025-12-15 06:00:00,0.0,1.5928679632965408,0.1
2025-12-15 07:00:00,0.525491013248989,2.2952893250210264,0.2
2025-12-15 08:00:00,1.5883775575341037,2.8546229332326085,0.2
2025-12-15 09:00:00,1.4035327778791988,2.810527502199583,0.2
2025-12-15 10:00:00,1.8719434808352098,2.0653215829431604,0.2
2025-12-15 11:00:00,2.460252151540917,1.0867345782766984,0.2
2025-12-15 12:00:00,2.6587631916518193,1.125155345670917,0.2
2025-12-15 13:00:00,2.98542330512263,1.4079450965216902,0.2
2025-12-15 14:00:00,2.1966375023085436,1.215544021574094,0.2
2025-12-15 15:00:00,2.2180159032754867,1.6903438356946838,0.2
2025-12-15 16:00:00,1.4180806639176309,2.173704047763963,0.35
2025-12-15 17:00:00,0.5048818766902986,2.637552268352277,0.35
2025-12-15 18:00:00,2.4817192817595647e-16,3.609494423501097,0.35
2025-12-15 19:00:00,0.0,4.006950895662571,0.35
2025-12-15 20:00:00,0.0,3.6683173853580797,0.35
2025-12-15 21:00:00,0.0,3.002857769825615,0.35
2025-12-15 22:00:00,0.0,2.055694354530131,0.2
2025-12-15 23:00:00,0.0,0.818765660954215,0.2
2025-12-16 00:00:00,0.0,0.7374332770537488,0.1
2025-12-16 01:00:00,0.0,0.5625611459430183,0.1
2025-12-16 02:00:00,0.0,1.0357439733868725,0.1
2025-12-16 03:00:00,0.0,1.0558293701725359,0.1
2025-12-16 04:00:00,0.0,1.1137759932930749,0.1
2025-12-16 05:00:00,0.0,1.0788849129989941,0.1
2025-12-16 06:00:00,0.0,1.9570533840458484,0.1
2025-12-16 07:00:00,0.8398255366317714,2.7447273508172616,0.2
2025-12-16 08:00:00,1.1016796005511773,2.7489709964325195,0.2
2025-12-16 09:00:00,1.8473022058785893,2.3082783455033584,0.2
2025-12-16 10:00:00,2.9966720721094564,1.8223184396611662,0.2
2025-12-16 11:00:00,2.255683832205614,1.6300334090796047,0.2
2025-12-16 12:00:00,2.7938227723281224,1.4036420233633777,0.2
2025-12-16 13:00:00,1.8444793169061484,1.1537397019832831,0.2
2025-12-16 14:00:00,2.436159821542022,0.9864823918100121,0.2
2025-12-16 15:00:00,1.3495541266449704,1.5834117105457821,0.2
2025-12-16 16:00:00,1.71586129549782,1.883473880785535,0.35
2025-12-16 17:00:00,0.777774453877261,2.6660906022630972,0.35
2025-12-16 18:00:00,3.8356831326630584e-16,3.218697341876114,0.35
2025-12-16 19:00:00,0.0,4.020476439673732,0.35
2025-12-16 20:00:00,0.0,3.521517237926337,0.35
2025-12-16 21:00:00,0.0,2.8388780550436015,0.35
2025-12-16 22:00:00,0.0,1.514085862827637,0.2
2025-12-16 23:00:00,0.0,1.4399711842265754,0.2
2025-12-17 00:00:00,0.0,0.5137770988779684,0.3533806457404503
2025-12-17 01:00:00,0.0,1.2176253795919374,0.1
2025-12-17 02:00:00,0.0,1.1050491720828226,0.1
2025-12-17 03:00:00,0.0,0.9519988859940661,0.1
2025-12-17 04:00:00,0.0,1.169674973587347,0.1
2025-12-17 05:00:00,0.0,1.0750557140092067,0.1
2025-12-17 06:00:00,0.0,1.836699686144829,0.1
2025-12-17 07:00:00,0.5625895301419793,2.7604296592156228,0.2
2025-12-17 08:00:00,1.3216420199056425,2.381142960055273,0.2
2025-12-17 09:00:00,1.7084331825535164,2.512041113857628,0.2
2025-12-17 10:00:00,2.1962977423860353,1.8178159508792788,0.2
2025-12-17 11:00:00,3.349636181006685,1.2324182308077796,0.2
2025-12-17 12:00:00,2.3641111654909386,1.3551138401691303,0.2
2025-12-17 13:00:00,2.4559053278991194,0.8162786049090958,0.2
2025-12-17 14:00:00,1.718718008487093,1.0082498774369815,0.2
2025-12-17 15:00:00,1.2974041464587993,1.0228693733863754,0.2
2025-12-17 16:00:00,1.5542291866219506,2.2760160640019724,0.35
2025-12-17 17:00:00,0.7117563249790344,2.7703339810760994,0.35
2025-12-17 18:00:00,3.775234336503468e-16,3.5598089305931713,0.35
2025-12-17 19:00:00,0.0,3.989503463542058,0.35
2025-12-17 20:00:00,0.0,3.774737873439877,0.35
2025-12-17 21:00:00,0.0,2.8890646598411256,0.35
2025-12-17 22:00:00,0.0,2.503534244786467,0.2
2025-12-17 23:00:00,0.0,1.496793027390593,0.2
2025-12-18 00:00:00,0.0,0.9069522458384778,0.1
2025-12-18 01:00:00,0.0,0.8877659814334375,0.1
2025-12-18 02:00:00,0.0,0.9221191347724439,0.1
2025-12-18 03:00:00,0.0,0.7073644553530161,0.1
2025-12-18 04:00:00,0.0,1.0651038430692483,0.1
2025-12-18 05:00:00,0.0,1.4273641877837009,0.1
2025-12-18 06:00:00,0.0,1.6995518628972035,0.1
2025-12-18 07:00:00,0.7192635429852876,2.4399988402667336,0.2
2025-12-18 08:00:00,0.9312191247927911,3.3031898391323975,0.2
2025-12-18 09:00:00,2.305092795904777,2.3161893544688996,0.2
2025-12-18 10:00:00,2.97331801819255,1.4087811016110934,0.2
2025-12-18 11:00:00,2.107874480740561,1.0410965656274562,0.2
2025-12-18 12:00:00,2.538160172205403,0.75560693149879,0.2
2025-12-18 13:00:00,1.728121582202692,1.1183040427145892,0.2
2025-12-18 14:00:00,2.487052802227045,1.0603408260361127,0.2
2025-12-18 15:00:00,1.7499844518592664,1.3621057696432972,0.2
2025-12-18 16:00:00,1.1115172516092071,2.2045455691422977,0.35
2025-12-18 17:00:00,0.5467230402340261,2.6813250373653044,0.35
2025-12-18 18:00:00,3.5454789069597376e-16,3.8025085905496407,0.35
2025-12-18 19:00:00,0.0,4.302264559844842,0.35
2025-12-18 20:00:00,0.0,3.55635820815108,0.35
2025-12-18 21:00:00,0.0,2.966996550249163,0.35
2025-12-18 22:00:00,0.0,1.9255938195692532,0.2
2025-12-18 23:00:00,0.0,1.5908254754779958,0.2
2025-12-19 00:00:00,0.0,0.6857034941570394,0.1
2025-12-19 01:00:00,0.0,0.6709348799131576,0.1
2025-12-19 02:00:00,0.0,0.9224173822742976,0.1
2025-12-19 03:00:00,0.0,0.8299468784670295,0.1
2025-12-19 04:00:00,0.0,0.9537891796849541,0.1
2025-12-19 05:00:00,0.0,1.2267652500524893,0.1
2025-12-19 06:00:00,0.0,1.966227289389101,0.1
2025-12-19 07:00:00,0.5170922980769123,2.5199427358103685,0.2
2025-12-19 08:00:00,1.4375305604430824,2.8352285477489336,0.2
2025-12-19 09:00:00,1.7101741391581868,2.531183310441353,0.2
2025-12-19 10:00:00,2.965745552536132,1.6685157209452302,0.2
2025-12-19 11:00:00,2.248230223222876,1.08487585394439,0.2
2025-12-19 12:00:00,3.4339479900206635,0.7410901122082554,0.2
2025-12-19 13:00:00,3.2143298152574022,1.0549544531378885,0.2
2025-12-19 14:00:00,1.925391038182155,1.0187405848066167,0.2
2025-12-19 15:00:00,2.2318487996595766,1.5992989264949995,0.2
2025-12-19 16:00:00,1.7462160452051132,1.6844795153355552,0.35
2025-12-19 17:00:00,0.5673930888634572,2.7111752985882838,0.35
2025-12-19 18:00:00,3.079312964732749e-16,4.010072152332262,0.35
2025-12-19 19:00:00,0.0,3.812078096584631,0.35
2025-12-19 20:00:00,0.0,3.600184057334587,0.35
2025-12-19 21:00:00,0.0,2.5764231825728268,0.35
2025-12-19 22:00:00,0.0,1.704271899518853,0.2
2025-12-19 23:00:00,0.0,1.7154680463273737,0.2
2025-12-20 00:00:00,0.0,1.0342092301997234,0.1
2025-12-20 01:00:00,0.0,1.0267730965857516,0.1
2025-12-20 02:00:00,0.0,0.6614076782325613,0.1
2025-12-20 03:00:00,0.0,1.0794801179006444,0.1
2025-12-20 04:00:00,0.0,1.2886153907696964,0.1
2025-12-20 05:00:00,0.0,1.5005659787076233,0.1
2025-12-20 06:00:00,0.0,1.9558912289430828,0.1
2025-12-20 07:00:00,0.8860412847049568,2.375577736004475,0.2
2025-12-20 08:00:00,0.8776467455258442,3.062625493312149,0.2
2025-12-20 09:00:00,1.5442437496026427,2.7350029778884544,0.2
2025-12-20 10:00:00,2.921665285213548,1.4634560598887734,0.2
2025-12-20 11:00:00,3.266034547090593,1.0474210360605758,0.2
2025-12-20 12:00:00,3.011038183711728,1.2413249392723376,0.2
2025-12-20 13:00:00,2.9848055368035324,1.2162679852280585,0.2
2025-12-20 14:00:00,1.6541975113504508,0.8227651194017489,0.2
2025-12-20 15:00:00,1.873333204769664,1.5650474705018997,0.2
2025-12-20 16:00:00,1.0776393941716502,1.9930194135780668,0.35
2025-12-20 17:00:00,0.5350151439832799,2.97579380051929,0.35
2025-12-20 18:00:00,3.8797341437048584e-16,3.5205864435137246,0.35
2025-12-20 19:00:00,0.0,4.129036699300381,0.35
2025-12-20 20:00:00,0.0,3.8162564626509368,0.35
2025-12-20 21:00:00,0.0,2.749324992046758,0.35
2025-12-20 22:00:00,0.0,1.9775079113097065,0.2
2025-12-20 23:00:00,0.0,1.2763015238089073,0.2
2025-12-21 00:00:00,0.0,1.33032912140947,0.1
2025-12-21 01:00:00,0.0,0.9759829410730737,0.1
2025-12-21 02:00:00,0.0,0.8162660602203693,0.1
2025-12-21 03:00:00,0.0,0.8645666575040336,0.1
2025-12-21 04:00:00,0.0,1.0824851217993539,0.1
2025-12-21 05:00:00,0.0,1.4213368008975598,0.1
2025-12-21 06:00:00,0.0,1.5550592139917463,0.1
2025-12-21 07:00:00,0.8933771938380444,2.9710068521120454,0.2
2025-12-21 08:00:00,1.009294349616531,3.061735868684674,0.2
2025-12-21 09:00:00,2.1450966582786064,2.6947771803870153,0.2
2025-12-21 10:00:00,1.5163166925747695,1.8029068681418665,0.2
2025-12-21 11:00:00,2.698407303443766,1.275528747827158,0.2
2025-12-21 12:00:00,3.353232909678635,1.0340368473381687,0.2
2025-12-21 13:00:00,2.177301403201288,1.2446180237008648,0.2
2025-12-21 14:00:00,1.7968955784851106,1.1308960086353532,0.2
2025-12-21 15:00:00,2.044052248118943,1.559453222346607,0.2
2025-12-21 16:00:00,1.4986749053242283,1.8871892290768288,0.35
2025-12-21 17:00:00,0.7646411374329746,2.8587201152603225,0.35
2025-12-21 18:00:00,2.827750612839846e-16,3.4867066393526285,0.35
2025-12-21 19:00:00,0.0,4.243305646514108,0.35
2025-12-21 20:00:00,0.0,3.4807412596099887,0.35
2025-12-21 21:00:00,0.0,2.7545960902856352,0.35
2025-12-21 22:00:00,0.0,1.9109653195841003,0.2
2025-12-21 23:00:00,0.0,1.3352155721750842,0.2
2025-12-22 00:00:00,0.0,1.1445004855608814,0.1
2025-12-22 01:00:00,0.0,0.9367057759908982,0.1
2025-12-22 02:00:00,0.0,1.2794558313640203,0.1
2025-12-22 03:00:00,0.0,0.84403682305295,0.1
2025-12-22 04:00:00,0.0,1.0910064955594725,0.1
2025-12-22 05:00:00,0.0,1.1155133686793974,0.1
2025-12-22 06:00:00,0.0,1.906419139528144,0.1
2025-12-22 07:00:00,0.8070949381352432,2.598284906128202,0.2
2025-12-22 08:00:00,1.4705128051996463,2.9689884009338554,0.2
2025-12-22 09:00:00,2.0240539114409737,2.8391809790938374,0.2
2025-12-22 10:00:00,2.8949463497163346,1.6914764026955331,0.2
2025-12-22 11:00:00,1.721404090367454,1.388979985880533,0.2
2025-12-22 12:00:00,2.7257091019781012,0.9099014923886908,0.2
2025-12-22 13:00:00,3.0222523347711108,1.0635958699257475,0.2
2025-12-22 14:00:00,2.336713128820499,0.8933666604813383,0.2
2025-12-22 15:00:00,1.6387637332617024,1.273539749386717,0.2
2025-12-22 16:00:00,0.9945388101377513,1.95753012463277,0.35
2025-12-22 17:00:00,0.8552150237790783,3.1825218430624753,0.35
2025-12-22 18:00:00,3.15305093807481e-16,3.6676514822924675,0.35
2025-12-22 19:00:00,0.0,4.330933663177542,0.35
2025-12-22 20:00:00,0.0,3.6915553660919955,0.35
2025-12-22 21:00:00,0.0,2.742175130242913,0.35
2025-12-22 22:00:00,0.0,2.281828706595188,0.2
2025-12-22 23:00:00,0.0,1.4934093741245218,0.2
2025-12-23 00:00:00,0.0,0.8714570128957513,0.1
2025-12-23 01:00:00,0.0,1.0941516208182864,0.1
2025-12-23 02:00:00,0.0,0.9421519752742836,0.1
2025-12-23 03:00:00,0.0,0.6099250010447244,0.1
2025-12-23 04:00:00,0.0,1.2443256334240547,0.1
2025-12-23 05:00:00,0.0,1.4896573776703033,0.1
2025-12-23 06:00:00,0.0,2.1898129890203055,0.1
2025-12-23 07:00:00,0.49449806558837256,2.6859035899626083,0.2
2025-12-23 08:00:00,1.4431500627213265,2.9502561250570443,0.2
2025-12-23 09:00:00,1.7499115369751128,2.7684838712688498,0.2
2025-12-23 10:00:00,2.131707098857836,1.992308849970335,0.2
2025-12-23 11:00:00,2.8409680557809125,1.5993331909842172,0.2
2025-12-23 12:00:00,1.868666196311615,1.0547679503103609,0.2
2025-12-23 13:00:00,2.6957591430566104,1.0079430353801537,0.2
2025-12-23 14:00:00,2.687393731010302,0.9893728421743219,0.2
2025-12-23 15:00:00,2.2638148146326498,1.5135355959931056,0.2
2025-12-23 16:00:00,1.0249008608760586,1.664306400101176,0.35
2025-12-23 17:00:00,0.8599805863667376,2.9748094841703723,0.35
2025-12-23 18:00:00,3.551719470108092e-16,3.7650577325736707,0.35
2025-12-23 19:00:00,0.0,4.117014040495875,0.35
2025-12-23 20:00:00,0.0,3.67513575505418,0.35
2025-12-23 21:00:00,0.0,3.1261876286441175,0.35
2025-12-23 22:00:00,0.0,2.148356095160422,0.2
2025-12-23 23:00:00,0.0,1.284590411434698,0.2
2025-12-24 00:00:00,0.0,0.8821655217327646,0.1
2025-12-24 01:00:00,0.0,0.8241025662552995,0.1
2025-12-24 02:00:00,0.0,1.1109275918109232,0.1
2025-12-24 03:00:00,0.0,0.8077040560309924,0.1
2025-12-24 04:00:00,0.0,1.2738094302876017,0.1
2025-12-24 05:00:00,0.0,1.535265228211026,0.1
2025-12-24 06:00:00,0.0,1.6464213292317604,0.1
2025-12-24 07:00:00,0.485131658725705,2.564365144604985,0.2
2025-12-24 08:00:00,1.4695926549719605,3.0033250061460337,0.2
2025-12-24 09:00:00,1.4529545880492738,2.7782826178870663,0.2
2025-12-24 10:00:00,2.0399945069842373,2.144213452028529,0.2
2025-12-24 11:00:00,1.796457879598503,0.9345784757832174,0.2
2025-12-24 12:00:00,2.2250017747199498,1.0000573314183128,0.2
2025-12-24 13:00:00,2.992713310248208,0.9878554907816033,0.2
2025-12-24 14:00:00,2.860099703951582,0.8523477551487177,0.2
2025-12-24 15:00:00,1.513295648023125,1.3090211747872529,0.2
2025-12-24 16:00:00,1.2820724955368759,2.0595125226174655,0.35
2025-12-24 17:00:00,0.6667222474687121,2.763856229029948,0.35
2025-12-24 18:00:00,4.019922324734504e-16,3.33856647447903,0.35
2025-12-24 19:00:00,0.0,4.574816539606184,0.35
2025-12-24 20:00:00,0.0,3.700726280794648,0.35
2025-12-24 21:00:00,0.0,2.8419308051592354,0.35
2025-12-24 22:00:00,0.0,1.75437212946164,0.2
2025-12-24 23:00:00,0.0,1.4581470821040932,0.4054783119939167
2025-12-25 00:00:00,0.0,0.9671585748639951,0.1
2025-12-25 01:00:00,0.0,0.6223326463951455,0.1
2025-12-25 02:00:00,0.0,0.7866198372529225,0.1
2025-12-25 03:00:00,0.0,1.1667170438137726,0.1
2025-12-25 04:00:00,0.0,1.4459345315710195,0.1
2025-12-25 05:00:00,0.0,1.3441036475505264,0.1
2025-12-25 06:00:00,0.0,2.042841238680524,0.1
2025-12-25 07:00:00,0.7510895865371959,2.570323789806914,0.2
2025-12-25 08:00:00,1.2432382880093913,2.9826915777374303,0.2
2025-12-25 09:00:00,2.1248662050304894,2.819681791317026,0.2
2025-12-25 10:00:00,2.8257137337125338,2.1549002347424477,0.2
2025-12-25 11:00:00,1.9552586330223167,1.5318962930500573,0.2
2025-12-25 12:00:00,2.5446501166749944,0.8504208598466855,0.2
2025-12-25 13:00:00,2.3842379531365188,1.0276670518306235,0.2
2025-12-25 14:00:00,2.561900875195175,1.1879866630212863,0.2
2025-12-25 15:00:00,1.5493371425321203,1.3541075859465594,0.2
2025-12-25 16:00:00,1.437729751947059,2.0515302424304624,0.35
2025-12-25 17:00:00,0.8518647638548001,2.983707371931649,0.35
2025-12-25 18:00:00,3.0445587089437137e-16,3.848052658591541,0.35
2025-12-25 19:00:00,0.0,4.337174030448506,0.35
2025-12-25 20:00:00,0.0,3.581602486808845,0.35
2025-12-25 21:00:00,0.0,2.546785346170038,0.35
2025-12-25 22:00:00,0.0,2.0456043208779398,0.2
2025-12-25 23:00:00,0.0,1.7827680559467984,0.2
2025-12-26 00:00:00,0.0,0.9046061596814822,0.1
2025-12-26 01:00:00,0.0,1.137406724350971,0.1
2025-12-26 02:00:00,0.0,1.1398200837503343,0.1
2025-12-26 03:00:00,0.0,1.0460202497479054,0.1
2025-12-26 04:00:00,0.0,1.058515945779674,0.1
2025-12-26 05:00:00,0.0,1.085984725397639,0.1
2025-12-26 06:00:00,0.0,1.3658921685377352,0.1
2025-12-26 07:00:00,0.839284633856495,2.37910471019075,0.2
2025-12-26 08:00:00,0.8950639307716406,2.921939980051211,0.2
2025-12-26 09:00:00,1.9903738532539896,2.820970523277674,0.2
2025-12-26 10:00:00,1.940184810773113,1.8017191644362787,0.2
2025-12-26 11:00:00,3.1558363951602746,1.167871810573303,0.2
2025-12-26 12:00:00,2.2516228301094188,0.8854963865329633,0.2
2025-12-26 13:00:00,2.8583070879575048,1.1724199955955688,0.2
2025-12-26 14:00:00,2.543641948285256,1.4041531594121484,0.2
2025-12-26 15:00:00,1.5152667599789214,1.618730323021557,0.2
2025-12-26 16:00:00,0.9076930393796947,2.095188673699037,0.35
2025-12-26 17:00:00,0.6398778239542946,2.5244694603212716,0.35
2025-12-26 18:00:00,2.769757570940275e-16,3.5771558596317585,0.35
2025-12-26 19:00:00,0.0,4.3894608457821365,0.35
2025-12-26 20:00:00,0.0,3.871880806136857,0.35
2025-12-26 21:00:00,0.0,2.5120913354909553,0.35
2025-12-26 22:00:00,0.0,1.962839297435195,0.2
2025-12-26 23:00:00,0.0,1.4786255362420457,0.2
2025-12-27 00:00:00,0.0,0.84756963906705,0.1
2025-12-27 01:00:00,0.0,0.5381965246564572,0.1
2025-12-27 02:00:00,0.0,1.020435734259092,0.1
2025-12-27 03:00:00,0.0,0.8501801887548958,0.1
2025-12-27 04:00:00,0.0,0.9003626537539944,0.1
2025-12-27 05:00:00,0.0,1.1997344945557658,0.1
2025-12-27 06:00:00,0.0,1.7954894000908883,0.1
2025-12-27 07:00:00,0.4958598449161416,2.5996582927044183,0.2
2025-12-27 08:00:00,1.5087908755996635,2.8232028300891505,0.2
2025-12-27 09:00:00,1.5069289412894116,2.5574440798663174,0.2
2025-12-27 10:00:00,1.8200832371822708,1.4708601028260027,0.2
2025-12-27 11:00:00,2.3960448537234815,1.3338847674305485,0.2
2025-12-27 12:00:00,2.1557741499478786,0.5,0.2
2025-12-27 13:00:00,2.686231180479346,0.9831608138069488,0.2
2025-12-27 14:00:00,2.085442051666961,1.316318956861418,0.2
2025-12-27 15:00:00,1.798913248456664,1.1941750411930998,0.2
2025-12-27 16:00:00,1.3495065743057557,2.117244774478823,0.35
2025-12-27 17:00:00,0.5469384248428066,3.050738552022038,0.35
2025-12-27 18:00:00,2.485184610540011e-16,2.985910717701035,0.35
2025-12-27 19:00:00,0.0,3.9697274192890526,0.35
2025-12-27 20:00:00,0.0,3.072336022228157,0.35
2025-12-27 21:00:00,0.0,2.795950290023711,0.35
2025-12-27 22:00:00,0.0,1.9725231598787838,0.2
2025-12-27 23:00:00,0.0,0.9094970525276702,0.2
2025-12-28 00:00:00,0.0,1.3849690040882672,0.1
2025-12-28 01:00:00,0.0,1.057240490465152,0.1
2025-12-28 02:00:00,0.0,0.8308662388393986,0.1
2025-12-28 03:00:00,0.0,1.3008077257786874,0.1
2025-12-28 04:00:00,0.0,0.6980083574424678,0.1
2025-12-28 05:00:00,0.0,1.024836359838254,0.32467754123177256
2025-12-28 06:00:00,0.0,1.3623334782878709,0.1
2025-12-28 07:00:00,0.516721693307654,2.9616838908314227,0.2
2025-12-28 08:00:00,1.3160974580348423,3.0664700841679515,0.2
2025-12-28 09:00:00,1.5089490676042967,2.7333663437628317,0.2
2025-12-28 10:00:00,1.6135198707960794,1.8825450236902488,0.2
2025-12-28 11:00:00,2.2502586936021074,1.3864305065858498,0.2
2025-12-28 12:00:00,2.010088904661179,1.0793090177028473,0.2
2025-12-28 13:00:00,2.9028910401785994,1.0952430984351609,0.2
2025-12-28 14:00:00,2.3344581347569036,1.1540024133706175,0.2
2025-12-28 15:00:00,1.4215299917125532,1.2843248175342095,0.2
2025-12-28 16:00:00,0.8868965940983199,1.9646337807044094,0.35
2025-12-28 17:00:00,0.8225081760371493,2.874310924250195,0.35
2025-12-28 18:00:00,2.531615847764396e-16,3.669600532110939,0.35
2025-12-28 19:00:00,0.0,3.7044455784535377,0.35
2025-12-28 20:00:00,0.0,3.37849337403213,0.35
2025-12-28 21:00:00,0.0,3.0361602659211786,0.35
2025-12-28 22:00:00,0.0,1.9125585928983688,0.2
2025-12-28 23:00:00,0.0,1.522950919117026,0.2
2025-12-29 00:00:00,0.0,0.7815773497278147,0.1
2025-12-29 01:00:00,0.0,0.705408153608921,0.1
2025-12-29 02:00:00,0.0,0.8319516027494631,0.1
2025-12-29 03:00:00,0.0,0.963218826124701,0.1
2025-12-29 04:00:00,0.0,0.9241029417140487,0.1
2025-12-29 05:00:00,0.0,1.52945727116306,0.1
2025-12-29 06:00:00,0.0,1.858129243329343,0.1
2025-12-29 07:00:00,0.7312451805755518,2.9712625752359276,0.2
2025-12-29 08:00:00,1.7268234595981513,3.080882440687834,0.2
2025-12-29 09:00:00,1.9775334848921355,2.1189758222091704,0.2
2025-12-29 10:00:00,2.2417157157067797,2.0335530981982646,0.2
2025-12-29 11:00:00,2.6740508510045697,0.9697666298629419,0.2
2025-12-29 12:00:00,3.392117865741102,1.109800208365917,0.2
2025-12-29 13:00:00,3.1073923248393243,0.8861220183609038,0.48814473404332426
2025-12-29 14:00:00,2.0159037083869373,1.5610239330188647,0.2
2025-12-29 15:00:00,1.5393248675593088,1.6939627641340922,0.2
2025-12-29 16:00:00,1.1107942930385115,1.8255946054069916,0.35
2025-12-29 17:00:00,0.6850967670677616,2.7941204759736373,0.35
2025-12-29 18:00:00,3.7579927301567354e-16,3.6964103221303564,0.35
2025-12-29 19:00:00,0.0,4.1726828143165235,0.35
2025-12-29 20:00:00,0.0,3.6533210902188142,0.35
2025-12-29 21:00:00,0.0,2.6146129992617273,0.35
2025-12-29 22:00:00,0.0,1.8304456742350386,0.2
2025-12-29 23:00:00,0.0,1.4051094904344796,0.2
2025-12-30 00:00:00,0.0,1.2468927274252322,0.1
2025-12-30 01:00:00,0.0,1.0856049010454358,0.1
2025-12-30 02:00:00,0.0,0.8459879399328025,0.1
2025-12-30 03:00:00,0.0,1.1374063958209417,0.1
2025-12-30 04:00:00,0.0,0.9797340337952992,0.1
2025-12-30 05:00:00,0.0,1.4487521675792856,0.1
2025-12-30 06:00:00,0.0,2.327626666687572,0.1
2025-12-30 07:00:00,0.6819679571176401,2.5297095773348457,0.2
2025-12-30 08:00:00,1.156740562295449,3.160321841818825,0.2
2025-12-30 09:00:00,2.184490822247093,2.452407319385587,0.2
2025-12-30 10:00:00,1.861368470542849,1.7998920234682942,0.2
2025-12-30 11:00:00,2.3627496672710824,1.277589411731353,0.2
2025-12-30 12:00:00,3.2867483821673384,1.0249567429147732,0.2
2025-12-30 13:00:00,2.934308183548516,1.5336615676486776,0.2
2025-12-30 14:00:00,2.141694792001179,1.071163111190351,0.2
2025-12-30 15:00:00,1.5131718401367615,1.5234134864050388,0.2
2025-12-30 16:00:00,1.1943672221211188,1.5879413598826568,0.35
2025-12-30 17:00:00,0.5854836693533957,2.9059913222717815,0.35
2025-12-30 18:00:00,2.537286169707327e-16,3.875901626670962,0.35
2025-12-30 19:00:00,0.0,3.894480531488391,0.35
2025-12-30 20:00:00,0.0,3.1454462795457294,0.35
2025-12-30 21:00:00,0.0,2.8118616253724356,0.35
2025-12-30 22:00:00,0.0,1.9773941721521548,0.2
2025-12-30 23:00:00,0.0,1.5508208598586988,0.2
2025-12-31 00:00:00,0.0,1.4021819387549808,0.1
2025-12-31 01:00:00,0.0,0.9240265988181656,0.1
2025-12-31 02:00:00,0.0,0.8294133005237496,0.1
2025-12-31 03:00:00,0.0,0.774348280004695,0.1
2025-12-31 04:00:00,0.0,1.0967467249772511,0.1
2025-12-31 05:00:00,0.0,1.3665414183056177,0.1
2025-12-31 06:00:00,0.0,1.7130935041493338,0.1
2025-12-31 07:00:00,0.48118557849465093,2.7572114006687136,0.2
2025-12-31 08:00:00,1.3376092993192725,3.093077625237386,0.2
2025-12-31 09:00:00,1.87693769995307,2.610132323722111,0.2
2025-12-31 10:00:00,1.7561506995497316,1.6418618327577286,0.2
2025-12-31 11:00:00,1.8808458586457044,1.1753040912599881,0.2
2025-12-31 12:00:00,1.982004510365376,0.5777424153871402,0.2
2025-12-31 13:00:00,1.876055922375757,1.0882162427332795,0.2
2025-12-31 14:00:00,2.459129093488113,1.1377499838755145,0.2
2025-12-31 15:00:00,1.4924333642986491,1.4437389768659625,0.2
2025-12-31 16:00:00,1.1037740006963757,2.074822536860255,0.35
2025-12-31 17:00:00,0.5358084570898796,2.896756306884304,0.35
2025-12-31 18:00:00,4.2295147936330847e-16,3.625414072071306,0.35
2025-12-31 19:00:00,0.0,4.009733608636751,0.35
2025-12-31 20:00:00,0.0,3.366627424414578,0.35
2025-12-31 21:00:00,0.0,2.7028478500000155,0.35
2025-12-31 22:00:00,0.0,1.9840516128117416,0.2
2025-12-31 23:00:00,0.0,1.2588351345273658,0.2
